0, 0.001242, 1.496475, -1.001056, 0.959001, -0.002603, 0.000661, 0.013346, 0.002817, -0.000058, 0.001357, -0.007912, 0.011051, -0.000000, -0.012139, 
1, 0.001242, 1.496475, -1.001056, 0.959001, -0.002603, 0.000661, 0.013346, 0.002569, -0.002174, 0.002761, -0.007357, 0.009897, -0.000000, -0.030649, 
2, 0.001242, 1.496473, -1.001057, 0.959001, -0.002603, 0.000661, 0.013363, 0.001782, -0.003016, 0.002189, -0.006546, 0.011512, -0.000000, -0.030048, 
3, 0.001243, 1.496468, -1.001062, 0.959002, -0.002604, 0.000661, 0.013387, 0.003731, -0.000006, 0.002069, -0.003096, 0.011160, -0.000000, -0.000601, 
4, 0.001242, 1.496463, -1.001070, 0.959002, -0.002604, 0.000661, 0.013405, 0.000435, 0.001465, 0.001595, 0.000526, 0.013378, -0.000000, 0.057091, 
5, 0.001243, 1.496457, -1.001082, 0.959002, -0.002604, 0.000661, 0.013387, 0.003742, 0.002129, 0.000447, 0.002014, 0.016476, -0.000000, 0.009495, 
6, 0.001244, 1.496451, -1.001096, 0.959001, -0.002604, 0.000661, 0.013387, 0.005974, 0.004006, 0.000390, -0.001447, 0.016476, -0.000025, -0.022115, 
7, 0.001244, 1.496445, -1.001112, 0.959001, -0.002606, 0.000661, 0.013405, 0.004190, 0.005722, 0.002082, 0.000416, 0.012759, -0.000453, 0.016466, 
8, 0.001244, 1.496439, -1.001131, 0.959000, -0.002606, 0.000661, 0.013405, 0.000306, 0.004504, 0.001978, -0.000928, 0.012100, -0.001037, 0.033293, 
9, 0.001245, 1.496434, -1.001154, 0.959000, -0.002607, 0.000661, 0.013405, 0.001262, 0.003527, 0.000938, 0.003856, 0.013266, -0.000964, 0.031250, 
10, 0.001245, 1.496428, -1.001181, 0.958999, -0.002607, 0.000662, 0.013405, 0.001081, 0.003305, -0.004167, 0.002836, 0.014004, -0.000896, 0.001202, 
11, 0.001246, 1.496423, -1.001213, 0.958998, -0.002607, 0.000662, 0.013405, 0.001545, 0.002820, -0.005712, 0.002637, 0.014615, -0.000834, 0.000000, 
12, 0.001247, 1.496418, -1.001250, 0.958997, -0.002607, 0.000662, 0.013405, 0.002212, 0.002382, -0.003390, 0.002435, 0.014147, -0.000775, 0.000000, 
13, 0.001248, 1.496414, -1.001292, 0.958996, -0.002608, 0.000663, 0.013405, 0.003219, 0.002548, -0.004332, 0.001127, 0.011966, -0.000721, 0.000000, 
14, 0.001247, 1.496410, -1.001338, 0.958996, -0.002608, 0.000663, 0.013405, -0.002012, 0.002576, -0.009034, 0.000837, 0.014776, -0.000670, 0.000000, 
15, 0.001248, 1.496406, -1.001386, 0.958995, -0.002610, 0.000663, 0.013405, -0.001871, 0.002349, -0.009008, 0.000660, 0.009940, -0.000623, -0.002644, 
16, 0.001248, 1.496402, -1.001438, 0.958994, -0.002612, 0.000663, 0.013405, -0.000315, 0.002226, -0.011831, 0.000614, 0.007086, -0.000580, 0.000000, 
17, 0.001249, 1.496398, -1.001494, 0.958994, -0.002611, 0.000664, 0.013405, -0.001718, 0.000680, -0.016563, 0.000571, 0.010693, -0.000539, 0.000000, 
18, 0.001249, 1.496395, -1.001554, 0.958993, -0.002613, 0.000664, 0.013405, -0.000207, 0.000472, -0.018377, 0.000826, 0.009404, -0.000501, 0.000000, 
19, 0.001250, 1.496391, -1.001617, 0.958993, -0.002612, 0.000664, 0.013405, -0.000192, 0.000367, -0.018529, 0.000768, 0.010135, -0.000466, -0.002644, 
20, 0.001250, 1.496389, -1.001682, 0.958992, -0.002614, 0.000664, 0.013422, 0.000184, 0.000211, -0.017491, 0.001009, 0.009003, -0.000433, 0.041106, 
21, 0.001251, 1.496386, -1.001751, 0.958992, -0.002615, 0.000664, 0.013405, 0.001654, 0.000141, -0.020554, 0.001402, 0.006964, -0.000403, -0.007572, 
22, 0.001251, 1.496384, -1.001822, 0.958991, -0.002614, 0.000665, 0.013422, 0.000358, 0.000174, -0.022939, 0.001413, 0.010765, -0.000375, 0.034736, 
23, 0.001252, 1.496381, -1.001896, 0.958991, -0.002616, 0.000665, 0.013405, -0.000779, 0.000372, -0.022072, 0.001373, 0.008485, -0.000348, -0.033894, 
24, 0.001253, 1.496379, -1.001972, 0.958989, -0.002617, 0.000665, 0.013405, 0.004037, 0.001387, -0.019783, -0.003678, 0.007385, -0.000324, -0.001563, 
25, 0.001253, 1.496377, -1.002050, 0.958989, -0.002616, 0.000665, 0.013422, 0.001967, 0.002250, -0.018051, -0.003420, 0.013229, -0.000301, 0.018389, 
26, 0.001255, 1.496376, -1.002132, 0.958989, -0.002617, 0.000665, 0.013422, 0.004644, 0.002274, -0.018706, -0.002574, 0.011535, -0.000280, 0.021154, 
27, 0.001255, 1.496374, -1.002218, 0.958987, -0.002618, 0.000665, 0.013405, 0.003855, 0.002658, -0.020740, -0.006885, 0.009176, -0.000261, -0.006130, 
28, 0.001255, 1.496372, -1.002309, 0.958986, -0.002619, 0.000665, 0.013422, 0.003584, 0.002716, -0.021595, -0.011029, 0.007496, -0.000242, 0.010457, 
29, 0.001257, 1.496370, -1.002406, 0.958986, -0.002620, 0.000665, 0.013405, 0.007900, 0.001329, -0.021699, -0.010003, 0.006541, -0.000225, -0.024880, 
30, 0.001257, 1.496369, -1.002507, 0.958986, -0.002621, 0.000665, 0.013422, 0.007212, 0.001556, -0.022664, -0.009099, 0.005897, -0.000209, 0.009976, 
31, 0.001257, 1.496367, -1.002615, 0.958985, -0.002621, 0.000666, 0.013405, 0.005981, 0.000726, -0.024445, -0.012506, 0.002930, -0.000195, -0.023317, 
32, 0.001257, 1.496366, -1.002729, 0.958983, -0.002621, 0.000666, 0.013405, 0.003497, 0.001741, -0.025411, -0.015784, 0.005337, -0.000181, -0.022236, 
33, 0.001258, 1.496365, -1.002848, 0.958984, -0.002621, 0.000666, 0.013422, 0.006320, 0.001670, -0.029950, -0.013455, 0.004710, -0.000168, 0.031851, 
34, 0.001258, 1.496364, -1.002973, 0.958984, -0.002622, 0.000666, 0.013422, 0.005674, 0.000461, -0.029788, -0.010211, 0.004363, -0.000157, 0.043990, 
35, 0.001258, 1.496363, -1.003104, 0.958984, -0.002623, 0.000666, 0.013405, 0.004762, 0.000480, -0.031087, -0.007599, 0.002683, -0.000146, -0.005889, 
36, 0.001258, 1.496362, -1.003242, 0.958984, -0.002622, 0.000666, 0.013422, 0.003940, -0.000607, -0.035169, -0.006426, 0.007812, -0.000135, 0.018149, 
37, 0.001258, 1.496360, -1.003387, 0.958984, -0.002622, 0.000666, 0.013422, 0.003225, -0.001159, -0.039756, -0.005756, 0.002377, -0.000151, 0.029808, 
38, 0.001259, 1.496360, -1.003537, 0.958984, -0.002623, 0.000666, 0.013405, 0.005906, -0.000437, -0.041663, -0.004805, 0.000584, -0.000141, -0.014062, 
39, 0.001259, 1.496359, -1.003692, 0.958983, -0.002622, 0.000666, 0.013422, 0.005425, -0.001119, -0.043790, -0.008614, 0.003754, -0.000291, 0.015144, 
40, 0.001258, 1.496358, -1.003851, 0.958983, -0.002621, 0.000666, 0.013422, 0.004522, -0.000358, -0.043972, -0.005364, 0.007653, -0.000540, 0.021635, 
41, 0.001258, 1.496357, -1.004014, 0.958982, -0.002622, 0.000666, 0.013422, 0.004205, -0.000333, -0.044024, -0.009303, 0.005549, -0.000511, 0.010096, 
42, 0.001258, 1.496357, -1.004182, 0.958982, -0.002621, 0.000666, 0.013405, 0.003371, 0.000622, -0.044468, -0.008271, 0.005118, -0.000475, -0.065505, 
43, 0.001258, 1.496356, -1.004356, 0.958981, -0.002621, 0.000666, 0.013422, 0.000800, 0.000532, -0.046457, -0.011947, 0.004111, -0.000442, 0.017067, 
44, 0.001259, 1.496356, -1.004535, 0.958982, -0.002622, 0.000666, 0.013422, 0.003483, 0.000975, -0.048045, -0.008581, 0.000527, -0.000461, 0.013101, 
45, 0.001260, 1.496355, -1.004721, 0.958981, -0.002623, 0.000666, 0.013422, 0.006913, 0.001235, -0.050171, -0.011039, 0.000490, -0.000463, 0.001563, 
46, 0.001260, 1.496354, -1.004914, 0.958981, -0.002623, 0.000667, 0.013422, 0.004524, 0.001031, -0.051769, -0.009927, -0.000336, 0.000825, 0.008894, 
47, 0.001260, 1.496354, -1.005115, 0.958981, -0.002624, 0.000667, 0.013422, 0.000634, 0.002509, -0.053103, -0.005313, -0.001012, 0.001922, 0.021394, 
48, 0.001260, 1.496354, -1.005322, 0.958982, -0.002624, 0.000668, 0.013422, 0.000252, 0.003163, -0.055093, -0.004469, -0.000966, 0.002740, 0.054087, 
49, 0.001259, 1.496354, -1.005536, 0.958982, -0.002625, 0.000667, 0.013422, -0.000861, 0.003767, -0.056716, -0.004147, -0.000224, 0.001713, 0.000361, 
50, 0.001259, 1.496354, -1.005758, 0.958982, -0.002625, 0.000668, 0.013405, -0.002124, 0.005391, -0.060619, -0.002070, -0.002695, 0.002158, -0.067788, 
51, 0.001259, 1.496353, -1.005987, 0.958982, -0.002626, 0.000668, 0.013422, -0.004452, 0.005042, -0.064770, -0.001284, -0.003357, 0.002512, 0.025841, 
52, 0.001260, 1.496352, -1.006226, 0.958983, -0.002626, 0.000668, 0.013405, -0.003272, 0.003922, -0.067493, -0.000040, -0.004150, 0.003465, -0.070673, 
53, 0.001261, 1.496352, -1.006473, 0.958982, -0.002627, 0.000668, 0.013405, 0.000404, 0.003466, -0.070952, -0.004393, -0.000513, 0.002666, -0.066346, 
54, 0.001262, 1.496351, -1.006734, 0.958982, -0.002627, 0.000669, 0.013422, 0.004547, 0.000931, -0.072188, -0.002147, -0.001118, 0.003583, 0.007332, 
55, 0.001262, 1.496351, -1.007005, 0.958982, -0.002627, 0.000669, 0.013422, 0.000933, 0.001270, -0.075191, 0.000515, -0.002008, 0.002590, 0.017067, 
56, 0.001263, 1.496351, -1.007284, 0.958981, -0.002627, 0.000669, 0.013405, 0.002991, 0.002664, -0.076248, -0.000204, -0.005331, 0.003218, -0.056370, 
57, 0.001263, 1.496351, -1.007573, 0.958982, -0.002628, 0.000669, 0.013422, 0.005074, 0.001942, -0.076169, 0.003366, -0.005075, 0.003481, 0.006971, 
58, 0.001264, 1.496351, -1.007866, 0.958982, -0.002628, 0.000669, 0.013422, 0.006378, 0.003078, -0.076744, 0.003366, -0.005798, 0.003894, 0.016106, 
59, 0.001265, 1.496350, -1.008166, 0.958981, -0.002628, 0.000669, 0.013422, 0.006630, -0.000049, -0.078088, -0.000030, -0.005653, 0.003520, 0.000000, 
60, 0.001264, 1.496350, -1.008477, 0.958981, -0.002628, 0.000669, 0.013422, 0.005677, -0.000180, -0.081369, 0.001455, -0.005256, 0.002017, 0.003966, 
61, 0.001265, 1.496349, -1.008795, 0.958981, -0.002629, 0.000669, 0.013422, 0.008321, -0.000458, -0.084091, 0.002550, -0.005865, 0.001935, 0.000240, 
62, 0.001264, 1.496349, -1.009124, 0.958981, -0.002629, 0.000669, 0.013422, 0.005841, -0.000401, -0.088417, -0.001817, -0.005454, 0.002465, 0.000361, 
63, 0.001264, 1.496349, -1.009463, 0.958980, -0.002629, 0.000669, 0.013422, 0.004083, 0.000744, -0.092078, -0.005220, -0.005072, 0.001129, 0.000000, 
64, 0.001263, 1.496349, -1.009813, 0.958980, -0.002629, 0.000669, 0.013422, 0.003469, 0.000561, -0.094875, -0.004812, -0.005121, 0.001219, 0.000361, 
65, 0.001264, 1.496349, -1.010171, 0.958980, -0.002628, 0.000670, 0.013422, 0.005888, 0.000252, -0.096928, -0.002486, 0.000868, 0.001302, 0.020433, 
66, 0.001265, 1.496348, -1.010533, 0.958981, -0.002628, 0.000669, 0.013422, 0.009925, -0.000431, -0.097952, -0.001722, 0.000765, 0.001682, 0.012981, 
67, 0.001266, 1.496349, -1.010901, 0.958981, -0.002628, 0.000670, 0.013422, 0.010721, 0.000939, -0.100649, 0.000767, 0.000686, 0.001615, 0.000120, 
68, 0.001266, 1.496348, -1.011273, 0.958980, -0.002627, 0.000670, 0.013422, 0.012573, 0.001218, -0.101185, -0.002287, 0.006992, 0.001502, 0.001082, 
69, 0.001265, 1.496348, -1.011649, 0.958979, -0.002627, 0.000670, 0.013422, 0.011565, -0.001218, -0.103200, -0.005312, 0.005785, 0.001641, 0.010337, 
70, 0.001265, 1.496348, -1.012031, 0.958979, -0.002627, 0.000670, 0.013422, 0.009979, -0.000324, -0.104038, -0.008504, 0.005194, 0.001905, 0.006611, 
71, 0.001266, 1.496348, -1.012419, 0.958979, -0.002628, 0.000670, 0.013422, 0.011841, 0.000428, -0.104092, -0.006871, 0.004560, 0.002437, 0.001683, 
72, 0.001266, 1.496348, -1.012816, 0.958980, -0.002628, 0.000670, 0.013422, 0.014778, 0.000221, -0.104926, -0.005260, 0.004198, 0.000985, 0.000000, 
73, 0.001265, 1.496347, -1.013217, 0.958980, -0.002628, 0.000670, 0.013446, 0.010952, 0.000382, -0.103586, -0.002574, 0.002935, 0.000916, 0.094351, 
74, 0.001265, 1.496347, -1.013622, 0.958979, -0.002627, 0.000671, 0.013422, 0.007623, -0.001705, -0.102104, -0.005554, 0.009268, 0.000861, 0.006971, 
75, 0.001264, 1.496347, -1.014028, 0.958980, -0.002627, 0.000671, 0.013422, 0.005613, 0.000285, -0.101704, -0.003681, 0.006242, 0.000800, 0.000000, 
76, 0.001264, 1.496347, -1.014436, 0.958980, -0.002627, 0.000671, 0.013422, 0.004554, 0.000324, -0.101736, -0.002800, 0.002813, 0.000795, 0.000000, 
77, 0.001263, 1.496346, -1.014847, 0.958980, -0.002628, 0.000671, 0.013422, 0.002853, -0.001523, -0.102971, -0.000952, 0.002346, 0.000756, 0.006611, 
78, 0.001263, 1.496346, -1.015261, 0.958980, -0.002626, 0.000671, 0.013422, 0.002577, -0.000910, -0.104027, -0.001247, 0.008746, 0.000854, 0.000000, 
79, 0.001262, 1.496346, -1.015684, 0.958979, -0.002627, 0.000671, 0.013422, 0.001672, -0.000236, -0.106669, -0.003334, 0.006507, 0.000870, 0.000000, 
80, 0.001263, 1.496346, -1.016116, 0.958978, -0.002627, 0.000671, 0.013422, 0.004167, 0.000855, -0.109799, -0.005165, 0.004298, 0.000809, 0.003005, 
81, 0.001264, 1.496346, -1.016556, 0.958979, -0.002627, 0.000671, 0.013422, 0.005914, 0.000648, -0.112146, -0.004061, 0.003996, 0.000753, 0.000000, 
82, 0.001263, 1.496346, -1.017002, 0.958979, -0.002628, 0.000671, 0.013422, 0.004387, 0.001150, -0.113570, -0.003642, 0.003674, 0.000700, 0.000000, 
83, 0.001263, 1.496346, -1.017451, 0.958978, -0.002628, 0.000672, 0.013422, 0.001256, -0.000409, -0.114556, -0.006681, 0.003307, 0.000651, 0.000000, 
84, 0.001264, 1.496346, -1.017903, 0.958979, -0.002628, 0.000672, 0.013422, 0.002491, -0.000983, -0.116679, -0.003508, 0.001103, 0.000605, 0.000000, 
85, 0.001263, 1.496346, -1.018358, 0.958978, -0.002628, 0.000672, 0.013422, -0.000169, 0.000632, -0.117423, -0.006953, 0.001026, 0.000563, 0.002764, 
86, 0.001263, 1.496346, -1.018819, 0.958979, -0.002627, 0.000672, 0.013422, -0.002289, 0.001388, -0.119614, -0.004830, 0.000549, 0.000523, 0.000000, 
87, 0.001264, 1.496345, -1.019284, 0.958978, -0.002627, 0.000672, 0.013422, -0.001219, 0.000120, -0.121997, -0.006717, -0.000618, 0.000487, 0.000601, 
88, 0.001263, 1.496345, -1.019752, 0.958977, -0.002627, 0.000672, 0.013422, -0.003712, -0.000201, -0.124424, -0.008445, -0.001224, 0.000452, 0.000000, 
89, 0.001264, 1.496345, -1.020224, 0.958978, -0.002628, 0.000672, 0.013422, -0.001353, -0.001307, -0.126655, -0.005359, -0.001551, 0.000421, -0.014062, 
90, 0.001265, 1.496345, -1.020697, 0.958978, -0.002628, 0.000672, 0.013422, 0.000469, -0.001784, -0.129506, -0.001064, -0.001720, 0.000391, 0.000000, 
91, 0.001264, 1.496345, -1.021170, 0.958979, -0.002628, 0.000672, 0.013422, -0.002623, -0.001478, -0.126780, -0.000012, -0.001920, 0.000482, 0.000000, 
92, 0.001264, 1.496345, -1.021645, 0.958979, -0.002628, 0.000672, 0.013422, -0.003543, -0.000418, -0.127059, 0.002020, -0.005139, 0.000448, -0.033894, 
93, 0.001263, 1.496345, -1.022120, 0.958980, -0.002627, 0.000672, 0.013422, -0.006042, 0.000201, -0.126999, 0.002013, -0.000616, 0.000417, 0.010337, 
94, 0.001264, 1.496345, -1.022596, 0.958980, -0.002627, 0.000672, 0.013422, -0.003907, 0.001000, -0.127078, 0.002537, -0.001475, 0.000413, 0.000000, 
95, 0.001263, 1.496345, -1.023068, 0.958979, -0.002628, 0.000672, 0.013422, -0.004603, 0.001667, -0.125508, -0.001332, -0.001447, 0.000384, 0.000000, 
96, 0.001264, 1.496345, -1.023537, 0.958978, -0.002628, 0.000672, 0.013422, -0.000024, 0.000485, -0.121765, -0.004145, -0.001742, 0.000357, 0.000000, 
97, 0.001265, 1.496345, -1.024001, 0.958978, -0.002628, 0.000672, 0.013422, 0.003053, 0.001588, -0.117323, -0.006248, -0.002597, 0.000332, 0.000000, 
98, 0.001264, 1.496344, -1.024459, 0.958978, -0.002628, 0.000672, 0.013422, 0.001794, 0.001115, -0.115569, -0.005161, -0.002836, 0.000309, 0.000000, 
99, 0.001265, 1.496344, -1.024911, 0.958978, -0.002629, 0.000672, 0.013422, 0.004609, 0.000333, -0.112624, -0.006990, -0.002646, 0.000287, 0.002644, 
100, 0.001264, 1.496344, -1.025355, 0.958978, -0.002629, 0.000672, 0.013422, 0.002491, -0.000420, -0.113618, -0.003879, -0.005595, 0.000267, 0.000000, 
101, 0.001265, 1.496344, -1.025793, 0.958979, -0.002627, 0.000672, 0.013422, 0.005805, 0.000360, -0.110219, -0.001189, -0.000973, 0.000248, 0.000000, 
102, 0.001265, 1.496344, -1.026225, 0.958978, -0.002628, 0.000672, 0.013422, 0.004834, 0.000672, -0.109267, -0.001552, -0.001005, 0.000231, 0.000481, 
103, 0.001265, 1.496344, -1.026649, 0.958978, -0.002628, 0.000672, 0.013422, 0.007537, 0.001088, -0.110943, 0.001843, -0.002207, 0.000215, 0.000000, 
104, 0.001266, 1.496345, -1.027063, 0.958978, -0.002628, 0.000672, 0.013422, 0.009907, 0.003119, -0.112164, -0.000730, -0.002070, 0.000199, -0.000120, 
105, 0.001265, 1.496345, -1.027464, 0.958977, -0.002627, 0.000672, 0.013422, 0.008328, 0.002828, -0.107317, -0.003005, 0.004286, 0.000186, -0.024279, 
106, 0.001266, 1.496345, -1.027854, 0.958976, -0.002627, 0.000672, 0.013422, 0.009783, 0.003801, -0.102077, -0.002558, 0.003733, 0.000172, -0.005649, 
107, 0.001265, 1.496344, -1.028233, 0.958977, -0.002627, 0.000672, 0.013422, 0.007420, 0.003080, -0.100718, 0.001245, 0.003471, 0.000540, 0.000000, 
108, 0.001265, 1.496344, -1.028602, 0.958976, -0.002626, 0.000672, 0.013422, 0.003546, 0.003681, -0.094929, -0.002019, 0.009615, 0.000502, 0.000000, 
109, 0.001265, 1.496344, -1.028960, 0.958976, -0.002626, 0.000672, 0.013422, 0.004781, 0.002576, -0.092697, -0.004785, 0.006304, 0.000467, 0.016226, 
110, 0.001265, 1.496344, -1.029309, 0.958977, -0.002627, 0.000672, 0.013422, 0.003232, 0.001612, -0.086350, -0.002115, 0.004893, 0.000434, -0.000601, 
111, 0.001264, 1.496344, -1.029651, 0.958977, -0.002627, 0.000672, 0.013422, 0.000520, 0.002380, -0.090585, -0.001773, 0.002628, 0.000403, 0.000000, 
112, 0.001265, 1.496343, -1.029984, 0.958978, -0.002627, 0.000672, 0.013422, 0.003694, 0.001585, -0.089163, 0.000028, 0.002427, 0.000375, -0.000240, 
113, 0.001264, 1.496343, -1.030305, 0.958977, -0.002626, 0.000672, 0.013422, 0.001985, 0.000964, -0.086797, -0.003867, 0.008602, 0.000349, 0.000000, 
114, 0.001264, 1.496343, -1.030618, 0.958978, -0.002626, 0.000672, 0.013422, -0.001474, 0.001461, -0.087040, -0.003048, 0.007898, 0.000324, 0.004207, 
115, 0.001263, 1.496343, -1.030921, 0.958978, -0.002627, 0.000672, 0.013422, -0.005938, 0.001662, -0.084797, -0.000542, 0.007344, 0.000302, -0.001803, 
116, 0.001264, 1.496344, -1.031216, 0.958979, -0.002627, 0.000672, 0.013422, -0.003996, 0.001663, -0.086250, 0.000145, 0.005228, 0.000281, -0.000481, 
117, 0.001265, 1.496344, -1.031502, 0.958979, -0.002627, 0.000672, 0.013422, -0.001365, 0.001846, -0.079285, 0.003025, 0.004862, 0.000261, 0.000000, 
118, 0.001265, 1.496344, -1.031782, 0.958978, -0.002628, 0.000673, 0.013422, 0.002177, 0.001771, -0.077206, -0.001653, 0.004479, 0.000243, 0.000000, 
119, 0.001266, 1.496344, -1.032056, 0.958979, -0.002628, 0.000673, 0.013422, 0.002724, 0.002464, -0.073377, -0.001082, 0.004148, 0.000226, -0.002885, 
120, 0.001265, 1.496344, -1.032325, 0.958978, -0.002628, 0.000673, 0.013422, 0.000586, 0.001007, -0.070078, -0.003821, 0.002854, 0.000210, 0.000000, 
121, 0.001266, 1.496343, -1.032586, 0.958979, -0.002628, 0.000673, 0.013422, 0.003478, -0.000994, -0.070297, -0.003553, 0.002629, 0.000195, 0.000000, 
122, 0.001267, 1.496343, -1.032840, 0.958979, -0.002629, 0.000673, 0.013422, 0.003706, -0.000128, -0.069582, -0.000026, 0.001796, 0.000181, -0.009495, 
123, 0.001266, 1.496344, -1.033087, 0.958980, -0.002629, 0.000673, 0.013422, 0.002426, 0.000720, -0.065571, 0.000709, 0.000701, 0.000169, 0.000000, 
124, 0.001265, 1.496343, -1.033331, 0.958980, -0.002629, 0.000673, 0.013422, -0.000086, 0.000914, -0.063763, 0.003752, 0.000770, 0.000157, -0.009495, 
125, 0.001265, 1.496343, -1.033569, 0.958980, -0.002629, 0.000673, 0.013422, -0.001041, 0.001077, -0.060826, 0.003919, 0.000716, 0.000146, -0.000120, 
126, 0.001265, 1.496343, -1.033803, 0.958981, -0.002629, 0.000673, 0.013422, 0.002925, 0.000896, -0.057573, 0.004394, 0.000017, 0.000136, 0.000000, 
127, 0.001266, 1.496343, -1.034035, 0.958980, -0.002629, 0.000673, 0.013422, 0.004877, 0.000062, -0.058053, 0.002544, -0.002479, 0.000126, 0.000000, 
128, 0.001267, 1.496343, -1.034260, 0.958980, -0.002630, 0.000673, 0.013422, 0.007662, 0.001941, -0.054244, 0.003899, -0.002718, 0.000117, -0.000120, 
129, 0.001267, 1.496344, -1.034484, 0.958981, -0.002630, 0.000673, 0.013422, 0.010571, 0.002163, -0.051722, 0.005555, -0.002544, 0.000109, -0.030048, 
130, 0.001266, 1.496344, -1.034705, 0.958980, -0.002630, 0.000673, 0.013422, 0.007605, 0.002298, -0.051626, 0.000969, -0.002366, 0.000101, 0.000000, 
131, 0.001266, 1.496344, -1.034925, 0.958979, -0.002630, 0.000673, 0.013422, 0.006491, 0.003030, -0.053164, -0.002115, -0.002200, 0.000094, -0.002284, 
132, 0.001265, 1.496344, -1.035140, 0.958978, -0.002630, 0.000673, 0.013422, 0.005176, 0.003222, -0.047692, -0.004655, -0.002669, 0.000088, 0.000000, 
133, 0.001264, 1.496344, -1.035354, 0.958979, -0.002630, 0.000673, 0.013422, 0.004198, 0.003818, -0.045385, -0.003183, -0.003106, 0.000082, -0.000361, 
134, 0.001265, 1.496344, -1.035568, 0.958979, -0.002630, 0.000673, 0.013422, 0.004890, 0.005670, -0.045456, -0.001620, -0.002888, 0.000076, -0.005649, 
135, 0.001266, 1.496344, -1.035782, 0.958980, -0.002629, 0.000673, 0.013422, 0.008297, 0.004025, -0.047991, 0.000440, 0.003930, 0.000070, -0.013822, 
136, 0.001265, 1.496344, -1.035996, 0.958980, -0.002629, 0.000673, 0.013422, 0.006822, 0.003836, -0.049514, 0.002735, 0.003469, 0.000158, -0.005649, 
137, 0.001265, 1.496344, -1.036210, 0.958980, -0.002629, 0.000673, 0.013422, 0.005636, 0.003562, -0.053879, 0.002569, 0.003166, 0.000147, -0.000240, 
138, 0.001264, 1.496345, -1.036421, 0.958980, -0.002629, 0.000673, 0.013422, 0.003378, 0.006220, -0.051585, -0.000552, 0.002928, 0.000137, 0.000000, 
139, 0.001264, 1.496345, -1.036633, 0.958980, -0.002629, 0.000673, 0.013422, 0.002172, 0.006563, -0.051440, 0.000439, 0.002722, 0.000127, 0.000000, 
140, 0.001264, 1.496345, -1.036845, 0.958979, -0.002629, 0.000673, 0.013422, 0.004809, 0.006259, -0.053075, -0.003393, 0.002422, 0.000118, 0.000000, 
141, 0.001264, 1.496345, -1.037057, 0.958980, -0.002630, 0.000673, 0.013422, 0.002728, 0.007093, -0.052463, -0.002565, 0.002227, 0.000110, 0.000000, 
142, 0.001263, 1.496345, -1.037272, 0.958980, -0.002630, 0.000673, 0.013422, 0.001281, 0.007223, -0.057987, -0.000228, 0.002012, 0.000102, 0.000000, 
143, 0.001263, 1.496345, -1.037489, 0.958979, -0.002630, 0.000673, 0.013422, -0.001177, 0.007269, -0.062450, -0.004130, 0.001871, 0.000095, 0.000000, 
144, 0.001264, 1.496345, -1.037707, 0.958980, -0.002630, 0.000673, 0.013422, 0.000726, 0.006430, -0.060860, -0.002905, 0.001487, 0.000088, -0.027163, 
145, 0.001263, 1.496345, -1.037928, 0.958980, -0.002630, 0.000673, 0.013446, -0.002300, 0.006721, -0.063503, -0.001724, 0.001382, 0.000082, 0.075361, 
146, 0.001263, 1.496345, -1.038151, 0.958980, -0.002630, 0.000673, 0.013422, -0.005973, 0.008382, -0.060652, 0.002846, 0.001260, 0.000076, -0.006490, 
147, 0.001263, 1.496345, -1.038379, 0.958981, -0.002630, 0.000673, 0.013422, -0.002579, 0.007474, -0.060580, 0.004433, 0.000759, 0.000071, 0.000000, 
148, 0.001264, 1.496344, -1.038612, 0.958980, -0.002629, 0.000673, 0.013422, 0.000551, 0.006145, -0.060689, 0.002201, 0.007211, 0.000066, 0.000000, 
149, 0.001265, 1.496344, -1.038850, 0.958980, -0.002629, 0.000673, 0.013422, 0.002678, 0.005959, -0.059442, 0.002603, 0.006706, 0.000062, -0.005649, 
150, 0.001264, 1.496344, -1.039094, 0.958981, -0.002629, 0.000673, 0.013422, 0.001968, 0.004450, -0.064123, 0.006423, 0.006075, 0.000057, 0.000000, 
151, 0.001264, 1.496344, -1.039343, 0.958980, -0.002629, 0.000673, 0.013422, -0.001170, 0.004454, -0.065930, 0.003605, 0.005650, 0.000053, 0.000962, 
152, 0.001265, 1.496344, -1.039595, 0.958980, -0.002629, 0.000673, 0.013422, 0.000597, 0.002481, -0.064384, 0.004338, 0.005253, 0.000049, -0.033894, 
153, 0.001265, 1.496344, -1.039854, 0.958981, -0.002629, 0.000673, 0.013422, 0.003328, 0.002935, -0.068566, 0.007202, 0.004742, 0.000046, -0.021394, 
154, 0.001266, 1.496344, -1.040118, 0.958980, -0.002630, 0.000673, 0.013422, 0.005530, 0.003248, -0.068444, 0.004464, 0.004409, 0.000043, -0.000841, 
155, 0.001267, 1.496344, -1.040389, 0.958980, -0.002630, 0.000673, 0.013422, 0.006078, 0.002005, -0.072241, 0.004648, 0.003940, 0.000040, 0.000000, 
156, 0.001267, 1.496344, -1.040669, 0.958979, -0.002630, 0.000673, 0.013422, 0.008946, 0.002576, -0.078738, 0.000320, 0.003664, 0.000037, -0.001442, 
157, 0.001268, 1.496343, -1.040952, 0.958978, -0.002630, 0.000673, 0.013422, 0.011665, 0.001709, -0.075585, -0.003781, 0.003289, 0.000034, -0.003606, 
158, 0.001267, 1.496343, -1.041241, 0.958979, -0.002630, 0.000673, 0.013422, 0.006827, 0.000586, -0.075822, -0.001199, 0.002730, 0.000032, 0.000000, 
159, 0.001267, 1.496343, -1.041540, 0.958979, -0.002630, 0.000673, 0.013422, 0.009129, 0.001291, -0.079961, 0.001068, 0.002538, 0.000030, -0.017308, 
160, 0.001268, 1.496343, -1.041847, 0.958979, -0.002630, 0.000673, 0.013446, 0.012821, 0.000012, -0.084358, -0.002176, 0.002344, 0.000028, 0.073558, 
161, 0.001267, 1.496343, -1.042159, 0.958978, -0.002630, 0.000673, 0.013446, 0.007852, -0.000574, -0.085084, -0.006978, 0.001766, 0.000026, 0.075361, 
162, 0.001268, 1.496343, -1.042478, 0.958978, -0.002630, 0.000673, 0.013446, 0.008523, -0.001470, -0.085346, -0.006472, 0.000050, 0.000024, 0.073798, 
163, 0.001268, 1.496342, -1.042805, 0.958979, -0.002630, 0.000673, 0.013422, 0.010293, -0.001611, -0.088488, -0.003625, -0.003872, 0.000022, 0.000000, 
164, 0.001268, 1.496343, -1.043139, 0.958979, -0.002631, 0.000673, 0.013422, 0.013575, -0.002046, -0.092489, -0.002612, -0.003601, 0.000021, 0.000000, 
165, 0.001269, 1.496342, -1.043484, 0.958980, -0.002631, 0.000673, 0.013422, 0.013929, -0.003006, -0.095022, -0.001671, -0.003744, 0.000019, 0.000000, 
166, 0.001269, 1.496342, -1.043840, 0.958980, -0.002631, 0.000673, 0.013422, 0.016222, -0.001649, -0.099264, -0.001377, -0.003735, 0.000018, 0.000000, 
167, 0.001270, 1.496343, -1.044208, 0.958981, -0.002629, 0.000673, 0.013422, 0.017587, -0.000889, -0.102636, -0.001019, 0.003125, 0.000017, -0.001442, 
168, 0.001270, 1.496343, -1.044588, 0.958980, -0.002629, 0.000673, 0.013422, 0.020087, 0.000088, -0.103985, -0.005751, 0.002890, 0.000015, -0.000361, 
169, 0.001269, 1.496343, -1.044976, 0.958980, -0.002631, 0.000673, 0.013422, 0.018359, 0.000136, -0.104337, -0.003182, -0.002277, 0.000014, -0.000721, 
170, 0.001268, 1.496343, -1.045370, 0.958981, -0.002631, 0.000673, 0.013422, 0.013195, -0.000864, -0.102179, -0.001728, -0.002117, 0.000013, -0.000240, 
171, 0.001269, 1.496343, -1.045772, 0.958981, -0.002631, 0.000673, 0.013422, 0.012919, 0.000309, -0.104529, -0.001245, -0.001994, 0.000012, 0.000361, 
172, 0.001269, 1.496343, -1.046179, 0.958981, -0.002631, 0.000673, 0.013422, 0.015494, 0.000477, -0.106411, 0.000679, -0.001862, 0.000012, 0.000000, 
173, 0.001269, 1.496343, -1.046593, 0.958982, -0.002631, 0.000673, 0.013422, 0.016775, 0.001152, -0.111801, 0.001129, -0.001934, 0.000011, -0.000601, 
174, 0.001269, 1.496344, -1.047015, 0.958981, -0.002631, 0.000673, 0.013422, 0.011537, 0.003460, -0.112466, -0.001158, -0.001849, 0.000010, -0.010337, 
175, 0.001269, 1.496344, -1.047447, 0.958981, -0.002631, 0.000673, 0.013446, 0.014419, 0.003997, -0.113783, -0.000184, -0.001728, 0.000009, 0.075361, 
176, 0.001268, 1.496344, -1.047889, 0.958981, -0.002631, 0.000673, 0.013422, 0.009911, 0.004231, -0.118445, -0.000053, -0.003124, 0.000009, -0.000481, 
177, 0.001267, 1.496344, -1.048338, 0.958982, -0.002631, 0.000673, 0.013422, 0.005879, 0.003075, -0.121071, 0.000305, -0.003006, 0.000008, -0.004688, 
178, 0.001267, 1.496344, -1.048794, 0.958982, -0.002631, 0.000673, 0.013422, 0.003807, 0.003188, -0.123655, 0.001404, -0.002795, 0.000007, -0.000120, 
179, 0.001267, 1.496344, -1.049255, 0.958982, -0.002631, 0.000673, 0.013422, 0.007155, 0.003630, -0.126808, 0.001373, -0.002928, 0.000007, 0.000000, 
180, 0.001266, 1.496344, -1.049722, 0.958982, -0.002631, 0.000673, 0.013422, 0.002272, 0.003236, -0.129353, 0.002870, -0.002722, 0.000006, 0.000000, 
181, 0.001266, 1.496344, -1.050195, 0.958981, -0.002631, 0.000673, 0.013422, -0.000989, 0.004295, -0.130093, -0.001039, -0.002531, 0.000006, 0.000000, 
182, 0.001265, 1.496344, -1.050673, 0.958982, -0.002631, 0.000673, 0.013422, -0.001863, 0.003589, -0.132634, 0.000458, -0.002354, 0.000006, -0.008534, 
183, 0.001266, 1.496343, -1.051157, 0.958982, -0.002631, 0.000673, 0.013422, 0.000795, 0.002259, -0.133844, 0.000493, -0.003714, 0.000005, -0.027404, 
184, 0.001265, 1.496344, -1.051645, 0.958982, -0.002631, 0.000673, 0.013422, -0.000069, 0.003339, -0.133552, 0.002725, -0.003454, 0.000005, -0.001563, 
185, 0.001266, 1.496344, -1.052138, 0.958982, -0.002631, 0.000673, 0.013422, 0.001132, 0.004660, -0.132329, 0.003309, -0.004189, 0.000004, -0.000361, 
186, 0.001265, 1.496343, -1.052634, 0.958983, -0.002631, 0.000673, 0.013422, -0.003590, 0.003448, -0.133163, 0.003111, -0.003879, 0.000004, -0.034135, 
187, 0.001264, 1.496344, -1.053133, 0.958983, -0.002631, 0.000673, 0.013422, -0.006052, 0.003771, -0.133097, 0.004705, -0.003632, 0.000004, -0.028726, 
188, 0.001265, 1.496344, -1.053633, 0.958983, -0.002631, 0.000673, 0.013422, -0.009319, 0.004042, -0.130178, 0.006372, -0.003403, 0.000004, 0.003726, 
189, 0.001266, 1.496344, -1.054131, 0.958983, -0.002631, 0.000673, 0.013422, -0.007739, 0.004555, -0.128424, 0.005942, -0.003164, 0.000003, -0.014423, 
190, 0.001265, 1.496344, -1.054628, 0.958983, -0.002631, 0.000673, 0.013422, -0.010196, 0.004358, -0.129179, 0.005559, -0.002942, 0.000003, -0.006130, 
191, 0.001265, 1.496344, -1.055126, 0.958984, -0.002631, 0.000673, 0.013446, -0.011790, 0.005299, -0.130588, 0.005894, -0.002753, 0.000003, 0.065745, 
192, 0.001265, 1.496344, -1.055626, 0.958982, -0.002631, 0.000673, 0.013422, -0.008553, 0.004199, -0.131932, 0.000568, -0.002560, 0.000003, 0.000000, 
193, 0.001266, 1.496344, -1.056128, 0.958983, -0.002631, 0.000673, 0.013446, -0.004069, 0.004587, -0.133351, 0.001379, -0.002380, 0.000003, 0.059014, 
194, 0.001267, 1.496344, -1.056631, 0.958983, -0.002631, 0.000673, 0.013446, -0.002671, 0.004733, -0.134130, 0.003929, -0.002997, 0.000002, 0.094351, 
195, 0.001267, 1.496344, -1.057132, 0.958983, -0.002631, 0.000673, 0.013422, -0.000731, 0.004844, -0.132176, 0.004311, -0.002787, 0.000002, -0.003606, 
196, 0.001266, 1.496344, -1.057629, 0.958983, -0.002631, 0.000673, 0.013422, -0.001480, 0.004820, -0.128184, 0.004784, -0.002979, 0.000002, -0.001442, 
197, 0.001267, 1.496344, -1.058122, 0.958983, -0.002630, 0.000673, 0.013422, -0.001124, 0.003307, -0.124927, 0.004474, 0.003845, 0.000002, -0.038341, 
198, 0.001267, 1.496344, -1.058610, 0.958984, -0.002630, 0.000673, 0.013422, 0.002275, 0.003176, -0.122909, 0.005070, 0.003651, 0.000002, 0.000000, 
199, 0.001268, 1.496344, -1.059095, 0.958984, -0.002630, 0.000673, 0.013422, 0.003995, 0.002250, -0.122255, 0.004731, 0.003387, 0.000002, -0.026322, 
200, 0.001268, 1.496343, -1.059578, 0.958984, -0.002630, 0.000673, 0.013422, 0.005594, 0.001603, -0.122751, 0.004467, 0.003090, 0.000002, -0.038341, 
201, 0.001269, 1.496343, -1.060060, 0.958984, -0.002630, 0.000673, 0.013422, 0.005556, 0.002022, -0.123634, 0.004381, 0.002874, 0.000010, -0.000481, 
202, 0.001268, 1.496343, -1.060541, 0.958984, -0.002630, 0.000673, 0.013422, 0.002748, 0.002255, -0.122449, 0.004091, 0.002672, 0.000009, -0.002284, 
203, 0.001268, 1.496343, -1.061019, 0.958984, -0.002630, 0.000673, 0.013422, 0.003886, 0.001764, -0.122400, 0.004849, 0.002468, 0.000009, -0.024639, 
204, 0.001269, 1.496343, -1.061490, 0.958984, -0.002630, 0.000673, 0.013422, 0.006033, 0.001880, -0.121756, 0.007223, 0.002295, 0.000008, 0.000000, 
205, 0.001269, 1.496343, -1.061955, 0.958984, -0.002630, 0.000673, 0.013422, 0.005879, 0.002857, -0.119371, 0.006952, 0.002134, 0.000007, -0.044591, 
206, 0.001270, 1.496343, -1.062413, 0.958984, -0.002630, 0.000673, 0.013422, 0.007742, 0.003798, -0.117491, 0.006465, 0.001015, 0.000007, -0.027284, 
207, 0.001270, 1.496343, -1.062867, 0.958983, -0.002631, 0.000673, 0.013422, 0.009416, 0.003368, -0.114824, 0.006197, 0.000548, 0.000006, -0.033774, 
208, 0.001270, 1.496343, -1.063318, 0.958983, -0.002629, 0.000673, 0.013446, 0.011385, 0.001682, -0.114863, 0.005956, 0.007125, 0.000006, 0.094111, 
209, 0.001271, 1.496343, -1.063769, 0.958982, -0.002629, 0.000673, 0.013422, 0.010721, 0.002175, -0.117310, 0.001190, 0.005412, 0.000005, -0.021755, 
210, 0.001270, 1.496343, -1.064218, 0.958983, -0.002629, 0.000673, 0.013422, 0.008605, 0.002697, -0.118278, 0.001225, 0.005032, 0.000005, 0.000000, 
211, 0.001269, 1.496343, -1.064665, 0.958983, -0.002629, 0.000673, 0.013446, 0.003569, 0.002621, -0.118927, 0.001257, 0.003955, 0.000005, 0.067788, 
212, 0.001268, 1.496343, -1.065109, 0.958982, -0.002630, 0.000673, 0.013446, 0.000580, 0.002231, -0.117212, -0.003179, 0.002135, 0.000004, 0.056851, 
213, 0.001267, 1.496343, -1.065548, 0.958982, -0.002630, 0.000673, 0.013422, -0.003986, 0.002547, -0.115533, -0.001145, -0.000096, 0.000004, -0.000481, 
214, 0.001268, 1.496343, -1.065982, 0.958982, -0.002630, 0.000673, 0.013422, -0.001861, 0.002528, -0.112725, -0.000955, -0.002701, 0.000004, 0.075481, 
215, 0.001267, 1.496343, -1.066413, 0.958981, -0.002630, 0.000673, 0.013446, -0.004023, 0.001550, -0.112929, -0.005447, -0.002512, 0.000004, 0.035096, 
216, 0.001266, 1.496343, -1.066842, 0.958982, -0.002630, 0.000673, 0.013422, -0.005241, 0.001248, -0.112646, -0.005040, -0.004780, 0.000003, -0.035697, 
217, 0.001265, 1.496343, -1.067271, 0.958981, -0.002630, 0.000673, 0.013422, -0.008320, 0.001527, -0.114329, -0.007046, -0.004470, 0.000003, -0.049399, 
218, 0.001266, 1.496344, -1.067699, 0.958980, -0.002630, 0.000673, 0.013422, -0.004391, 0.003758, -0.116577, -0.010117, -0.004258, 0.000003, -0.037019, 
219, 0.001267, 1.496344, -1.068125, 0.958980, -0.002630, 0.000673, 0.013422, -0.003822, 0.005854, -0.115963, -0.008826, -0.003959, 0.000003, -0.027524, 
220, 0.001266, 1.496344, -1.068546, 0.958979, -0.002630, 0.000673, 0.013422, -0.005459, 0.005718, -0.113495, -0.009387, -0.003934, 0.000002, -0.030048, 
221, 0.001267, 1.496344, -1.068961, 0.958980, -0.002630, 0.000673, 0.013422, -0.004317, 0.006227, -0.111386, -0.005282, -0.003658, 0.000002, -0.000361, 
222, 0.001267, 1.496344, -1.069368, 0.958979, -0.002630, 0.000673, 0.013422, -0.002658, 0.005234, -0.106931, -0.008257, -0.003402, 0.000002, -0.020553, 
223, 0.001266, 1.496344, -1.069768, 0.958979, -0.002631, 0.000673, 0.013422, -0.004241, 0.005512, -0.106361, -0.007400, -0.003829, 0.000002, -0.028846, 
224, 0.001266, 1.496344, -1.070161, 0.958980, -0.002631, 0.000673, 0.013422, -0.006573, 0.004375, -0.104659, -0.006629, -0.003645, 0.000002, -0.034255, 
225, 0.001265, 1.496343, -1.070549, 0.958980, -0.002631, 0.000673, 0.013422, -0.008817, 0.003289, -0.103388, -0.005692, -0.003389, 0.000002, -0.006731, 
226, 0.001264, 1.496344, -1.070930, 0.958979, -0.002631, 0.000673, 0.013446, -0.010677, 0.003311, -0.099662, -0.009894, -0.003169, 0.000002, 0.073798, 
227, 0.001265, 1.496344, -1.071307, 0.958980, -0.002631, 0.000673, 0.013422, -0.007054, 0.003201, -0.100065, -0.008425, -0.002946, 0.000001, -0.013221, 
228, 0.001265, 1.496344, -1.071676, 0.958980, -0.002631, 0.000673, 0.013446, -0.009594, 0.003137, -0.096639, -0.006343, -0.002765, 0.000001, 0.061298, 
229, 0.001265, 1.496343, -1.072038, 0.958981, -0.002631, 0.000673, 0.013422, -0.005567, 0.002213, -0.095029, -0.001744, -0.002571, 0.000001, -0.027284, 
230, 0.001265, 1.496343, -1.072390, 0.958981, -0.002631, 0.000673, 0.013422, -0.007637, 0.001317, -0.094594, 0.000780, -0.002652, 0.000001, -0.028846, 
231, 0.001264, 1.496343, -1.072731, 0.958980, -0.002631, 0.000673, 0.013446, -0.009335, 0.000289, -0.093069, -0.003757, -0.004885, 0.000001, 0.059255, 
232, 0.001265, 1.496343, -1.073063, 0.958979, -0.002631, 0.000673, 0.013422, -0.006633, 0.000361, -0.091692, -0.005222, -0.006936, 0.000001, -0.014062, 
233, 0.001265, 1.496343, -1.073384, 0.958980, -0.002631, 0.000673, 0.013422, -0.004373, 0.000825, -0.088053, -0.003785, -0.006449, 0.000001, -0.000120, 
234, 0.001265, 1.496343, -1.073697, 0.958980, -0.002631, 0.000673, 0.013422, -0.006679, 0.001686, -0.081980, -0.001388, -0.005997, 0.000001, -0.028005, 
235, 0.001266, 1.496343, -1.074003, 0.958980, -0.002631, 0.000673, 0.013422, -0.003362, 0.000265, -0.078567, -0.000026, -0.005577, 0.000001, -0.002764, 
236, 0.001265, 1.496343, -1.074300, 0.958980, -0.002631, 0.000673, 0.013422, -0.006067, -0.000739, -0.074609, -0.002207, -0.005186, 0.000001, -0.033894, 
237, 0.001266, 1.496343, -1.074586, 0.958980, -0.002631, 0.000673, 0.013422, -0.002810, 0.000467, -0.072184, -0.000527, -0.005446, 0.000001, -0.018269, 
238, 0.001266, 1.496344, -1.074860, 0.958980, -0.002631, 0.000673, 0.013422, -0.001509, 0.001446, -0.067705, 0.000032, -0.005064, 0.000001, -0.026322, 
239, 0.001266, 1.496344, -1.075122, 0.958981, -0.002631, 0.000673, 0.013446, -0.004210, 0.001938, -0.061845, 0.001083, -0.003731, 0.000001, 0.043389, 
240, 0.001265, 1.496343, -1.075372, 0.958981, -0.002631, 0.000673, 0.013422, -0.004370, 0.001065, -0.057939, 0.003038, -0.003470, 0.000001, -0.036779, 
241, 0.001264, 1.496343, -1.075610, 0.958981, -0.002631, 0.000673, 0.013422, -0.006811, 0.002318, -0.054163, 0.005303, -0.003623, 0.000001, -0.021875, 
242, 0.001265, 1.496344, -1.075840, 0.958980, -0.002631, 0.000673, 0.013422, -0.004723, 0.002918, -0.052886, 0.000490, -0.003369, 0.000000, -0.001923, 
243, 0.001266, 1.496343, -1.076062, 0.958981, -0.002631, 0.000673, 0.013422, -0.000465, 0.002364, -0.054284, 0.003203, -0.003528, 0.000000, -0.021995, 
244, 0.001265, 1.496343, -1.076272, 0.958981, -0.002631, 0.000673, 0.013422, -0.003070, 0.003319, -0.050537, 0.004933, -0.003281, 0.000000, -0.000240, 
245, 0.001266, 1.496344, -1.076472, 0.958981, -0.002631, 0.000673, 0.013446, -0.000925, 0.003756, -0.048452, 0.005000, -0.003051, 0.000000, 0.094231, 
246, 0.001266, 1.496344, -1.076660, 0.958982, -0.002631, 0.000673, 0.013422, -0.000574, 0.004205, -0.042729, 0.006108, -0.002846, 0.000000, -0.001082, 
247, 0.001267, 1.496343, -1.076836, 0.958982, -0.002631, 0.000673, 0.013446, 0.000317, 0.003661, -0.040475, 0.007828, -0.003109, 0.000000, 0.091707, 
248, 0.001267, 1.496344, -1.077001, 0.958982, -0.002631, 0.000673, 0.013422, 0.003312, 0.003952, -0.041303, 0.011299, -0.002891, 0.000000, -0.034856, 
249, 0.001268, 1.496344, -1.077155, 0.958983, -0.002631, 0.000673, 0.013422, 0.006838, 0.004231, -0.038331, 0.012909, -0.002849, 0.000000, -0.025841, 
250, 0.001268, 1.496344, -1.077299, 0.958983, -0.002631, 0.000673, 0.013422, 0.006797, 0.003138, -0.037700, 0.013967, -0.006003, 0.000000, -0.010216, 
251, 0.001269, 1.496343, -1.077432, 0.958983, -0.002631, 0.000673, 0.013446, 0.009009, 0.002303, -0.037163, 0.015937, -0.007959, 0.000000, 0.081611, 
252, 0.001269, 1.496343, -1.077557, 0.958983, -0.002631, 0.000673, 0.013422, 0.010745, 0.001185, -0.036808, 0.015915, -0.007417, 0.000000, -0.031490, 
253, 0.001268, 1.496343, -1.077673, 0.958983, -0.002631, 0.000673, 0.013422, 0.007135, 0.001848, -0.034227, 0.015752, -0.006897, 0.000000, -0.005769, 
254, 0.001269, 1.496343, -1.077779, 0.958982, -0.002631, 0.000673, 0.013446, 0.008286, 0.001356, -0.027167, 0.012878, -0.006414, 0.000000, 0.062861, 
255, 0.001269, 1.496343, -1.077879, 0.958982, -0.002631, 0.000673, 0.013446, 0.010697, 0.000633, -0.025996, 0.012270, -0.008340, 0.000000, 0.058053, 
256, 0.001269, 1.496343, -1.077973, 0.958983, -0.002631, 0.000673, 0.013446, 0.011118, 0.000538, -0.022387, 0.014730, -0.007705, 0.000000, 0.075481, 
257, 0.001269, 1.496343, -1.078059, 0.958982, -0.002631, 0.000673, 0.013422, 0.007583, 0.001128, -0.021955, 0.010832, -0.007165, 0.000000, -0.000120, 
258, 0.001268, 1.496343, -1.078140, 0.958982, -0.002631, 0.000673, 0.013422, 0.004726, 0.001883, -0.020415, 0.010452, -0.006679, 0.000000, -0.031490, 
259, 0.001268, 1.496343, -1.078215, 0.958981, -0.002631, 0.000673, 0.013446, 0.006611, 0.000441, -0.018689, 0.004890, -0.006211, 0.000000, 0.071034, 
260, 0.001267, 1.496343, -1.078284, 0.958981, -0.002631, 0.000673, 0.013422, 0.003535, 0.000086, -0.016460, 0.004994, -0.005776, 0.000000, -0.049519, 
261, 0.001268, 1.496343, -1.078351, 0.958982, -0.002631, 0.000673, 0.013422, 0.005031, 0.001390, -0.015652, 0.008065, -0.006888, 0.000000, -0.003726, 
262, 0.001268, 1.496343, -1.078411, 0.958981, -0.002631, 0.000673, 0.013422, 0.005471, 0.000066, -0.009641, 0.002941, -0.006405, 0.000000, -0.046875, 
263, 0.001268, 1.496343, -1.078468, 0.958981, -0.002631, 0.000673, 0.013422, 0.002214, 0.000867, -0.009024, 0.003358, -0.006015, 0.000000, -0.044591, 
264, 0.001268, 1.496343, -1.078521, 0.958981, -0.002631, 0.000673, 0.013422, 0.004620, 0.001134, -0.008442, 0.004066, -0.005879, 0.000000, -0.014543, 
265, 0.001269, 1.496343, -1.078571, 0.958982, -0.002631, 0.000673, 0.013422, 0.007928, 0.001910, -0.007850, 0.007304, -0.005467, 0.000000, -0.016226, 
266, 0.001270, 1.496343, -1.078616, 0.958981, -0.002631, 0.000673, 0.013422, 0.007912, 0.000592, -0.006078, 0.003084, -0.005084, 0.000000, -0.024639, 
267, 0.001269, 1.496343, -1.078660, 0.958981, -0.002631, 0.000673, 0.013422, 0.004964, 0.001212, -0.008441, 0.005261, -0.004727, 0.000000, -0.004087, 
268, 0.001269, 1.496343, -1.078701, 0.958980, -0.002631, 0.000673, 0.013446, 0.006419, 0.002332, -0.011153, 0.002313, -0.004430, 0.000000, 0.047476, 
269, 0.001270, 1.496343, -1.078737, 0.958979, -0.002631, 0.000673, 0.013422, 0.009079, 0.001343, -0.009848, -0.000756, -0.004119, 0.000000, -0.018510, 
270, 0.001269, 1.496342, -1.078773, 0.958978, -0.002631, 0.000673, 0.013422, 0.004953, 0.000507, -0.011602, -0.001183, -0.003830, 0.000000, -0.033534, 
271, 0.001268, 1.496342, -1.078805, 0.958979, -0.002631, 0.000673, 0.013422, 0.001598, -0.000455, -0.012988, 0.000391, -0.003562, 0.000000, -0.011298, 
272, 0.001268, 1.496342, -1.078836, 0.958978, -0.002631, 0.000673, 0.013422, 0.002590, -0.001009, -0.013703, -0.000580, -0.005014, 0.000000, -0.061659, 
273, 0.001269, 1.496343, -1.078863, 0.958979, -0.002631, 0.000673, 0.013422, 0.002526, 0.001219, -0.010922, 0.002216, -0.004663, 0.000000, -0.026322, 
274, 0.001268, 1.496342, -1.078889, 0.958979, -0.002631, 0.000673, 0.013422, 0.000225, -0.000038, -0.010165, 0.004462, -0.006746, 0.000000, -0.021995, 
275, 0.001267, 1.496343, -1.078914, 0.958978, -0.002631, 0.000673, 0.013422, -0.000793, 0.000740, -0.010194, 0.000442, -0.006273, 0.000000, -0.004567, 
276, 0.001268, 1.496342, -1.078936, 0.958978, -0.002631, 0.000673, 0.013422, 0.003349, 0.000280, -0.009732, -0.002438, -0.007047, 0.000000, -0.014904, 
277, 0.001268, 1.496343, -1.078958, 0.958978, -0.002631, 0.000673, 0.013446, 0.005752, 0.000450, -0.010432, 0.000034, -0.006553, 0.000000, 0.022236, 
278, 0.001267, 1.496343, -1.078977, 0.958978, -0.002631, 0.000673, 0.013446, 0.004675, 0.000919, -0.011470, -0.001409, -0.006093, 0.000000, 0.044231, 
279, 0.001268, 1.496342, -1.078996, 0.958978, -0.002631, 0.000673, 0.013422, 0.005476, 0.000042, -0.011618, 0.001074, -0.007259, 0.000000, 0.000000, 
280, 0.001268, 1.496343, -1.079013, 0.958979, -0.002631, 0.000673, 0.013422, 0.007460, 0.001514, -0.011124, 0.002254, -0.006750, 0.000000, -0.030649, 
281, 0.001269, 1.496343, -1.079028, 0.958978, -0.002631, 0.000673, 0.013422, 0.010679, 0.001917, -0.010344, 0.002754, -0.007338, 0.000000, -0.034976, 
282, 0.001268, 1.496343, -1.079043, 0.958978, -0.002631, 0.000673, 0.013422, 0.006096, 0.002638, -0.009619, 0.003488, -0.006815, 0.000000, -0.028606, 
283, 0.001267, 1.496343, -1.079057, 0.958979, -0.002631, 0.000673, 0.013422, 0.000722, 0.002036, -0.008944, 0.006530, -0.009380, 0.000000, 0.051442, 
284, 0.001266, 1.496343, -1.079070, 0.958979, -0.002631, 0.000673, 0.013446, -0.001798, 0.002281, -0.006531, 0.008709, -0.008722, 0.000000, 0.055409, 
285, 0.001266, 1.496343, -1.079081, 0.958980, -0.002631, 0.000673, 0.013422, -0.004377, 0.001464, -0.004261, 0.008798, -0.008743, 0.000000, -0.023438, 
286, 0.001266, 1.496343, -1.079092, 0.958979, -0.002631, 0.000673, 0.013422, -0.001306, 0.002086, -0.003903, 0.005426, -0.008130, 0.000000, -0.014543, 
287, 0.001267, 1.496342, -1.079104, 0.958978, -0.002631, 0.000673, 0.013446, 0.000083, 0.001594, -0.006276, 0.000714, -0.007560, 0.000000, 0.058894, 
288, 0.001267, 1.496343, -1.079114, 0.958979, -0.002631, 0.000673, 0.013422, 0.001417, 0.002296, -0.010201, 0.001827, -0.007030, 0.000000, -0.016707, 
289, 0.001267, 1.496343, -1.079123, 0.958979, -0.002631, 0.000673, 0.013422, -0.001075, 0.002543, -0.008997, 0.002862, -0.008121, 0.000000, 0.022356, 
290, 0.001267, 1.496343, -1.079132, 0.958980, -0.002631, 0.000673, 0.013446, 0.002000, 0.002601, -0.009344, 0.003563, -0.007552, 0.000000, 0.064663, 
291, 0.001268, 1.496343, -1.079140, 0.958980, -0.002630, 0.000673, 0.013422, 0.003200, 0.001879, -0.004264, 0.006810, -0.000517, 0.000000, -0.005529, 
292, 0.001267, 1.496342, -1.079147, 0.958980, -0.002630, 0.000673, 0.013422, 0.001265, 0.000837, -0.000873, 0.007538, -0.000497, 0.000000, -0.000361, 
293, 0.001266, 1.496343, -1.079154, 0.958981, -0.002630, 0.000673, 0.013422, -0.002717, 0.002485, -0.003036, 0.008400, -0.000462, 0.000000, -0.003846, 
294, 0.001267, 1.496343, -1.079160, 0.958981, -0.002630, 0.000673, 0.013446, -0.002114, 0.003444, 0.002056, 0.012344, -0.000430, 0.000000, 0.071274, 
295, 0.001266, 1.496343, -1.079167, 0.958981, -0.002630, 0.000673, 0.013422, -0.004932, 0.003772, -0.000456, 0.011698, -0.000400, 0.000000, -0.003245, 
296, 0.001267, 1.496344, -1.079173, 0.958982, -0.002630, 0.000673, 0.013446, -0.002867, 0.004341, 0.000225, 0.011619, -0.000372, 0.000000, 0.047115, 
297, 0.001267, 1.496344, -1.079179, 0.958982, -0.002630, 0.000673, 0.013446, -0.001351, 0.004707, 0.000167, 0.012962, -0.000371, 0.000000, 0.057452, 
298, 0.001268, 1.496344, -1.079184, 0.958982, -0.002630, 0.000673, 0.013422, 0.000462, 0.005102, 0.000155, 0.012087, -0.000345, 0.000000, -0.003486, 
299, 0.001267, 1.496343, -1.079189, 0.958981, -0.002630, 0.000673, 0.013446, -0.003050, 0.004327, 0.000077, 0.006647, -0.000321, 0.000000, 0.075361, 
300, 0.001267, 1.496343, -1.079194, 0.958982, -0.002631, 0.000673, 0.013422, -0.002070, 0.003859, 0.000071, 0.009206, -0.000357, 0.000000, -0.013582, 
301, 0.001267, 1.496343, -1.079198, 0.958981, -0.002631, 0.000673, 0.013446, -0.003349, 0.003816, 0.000117, 0.004288, -0.000998, 0.000000, 0.054808, 
302, 0.001267, 1.496343, -1.079202, 0.958980, -0.002631, 0.000673, 0.013422, -0.001235, 0.003393, 0.000833, 0.002142, -0.000928, 0.000000, -0.053125, 
303, 0.001268, 1.496343, -1.079206, 0.958980, -0.002631, 0.000673, 0.013446, -0.000685, 0.003589, 0.000901, 0.002127, -0.000863, 0.000000, 0.038341, 
304, 0.001268, 1.496343, -1.079210, 0.958981, -0.002631, 0.000673, 0.013446, 0.000383, 0.003847, 0.002035, 0.004303, -0.000802, 0.000000, 0.093750, 
305, 0.001267, 1.496343, -1.079213, 0.958980, -0.002631, 0.000673, 0.013422, -0.002020, 0.003721, 0.001901, 0.001280, -0.000746, 0.000000, -0.046154, 
306, 0.001268, 1.496343, -1.079217, 0.958980, -0.002631, 0.000673, 0.013422, -0.001533, 0.002486, -0.003036, 0.003524, -0.000761, 0.000000, -0.002524, 
307, 0.001268, 1.496343, -1.079220, 0.958979, -0.002631, 0.000673, 0.013422, -0.001181, 0.002974, 0.000455, 0.001137, -0.000733, 0.000000, -0.014183, 
308, 0.001268, 1.496343, -1.079222, 0.958980, -0.002631, 0.000673, 0.013422, -0.005573, 0.003031, 0.000651, 0.003358, -0.000682, 0.000000, -0.009856, 
309, 0.001268, 1.496343, -1.079226, 0.958980, -0.002631, 0.000673, 0.013422, -0.005031, 0.001697, -0.001948, 0.004824, -0.003010, 0.000000, 0.000000, 
310, 0.001268, 1.496343, -1.079229, 0.958980, -0.002631, 0.000673, 0.013446, -0.003153, 0.001035, -0.005848, 0.005658, -0.002799, 0.000000, 0.052284, 
311, 0.001268, 1.496343, -1.079232, 0.958981, -0.002631, 0.000673, 0.013422, -0.000522, 0.000023, -0.006921, 0.006913, -0.002603, 0.000000, -0.037500, 
312, 0.001268, 1.496342, -1.079234, 0.958981, -0.002631, 0.000673, 0.013422, 0.000307, -0.000354, -0.002745, 0.008627, -0.004342, 0.000000, -0.041466, 
313, 0.001269, 1.496342, -1.079237, 0.958981, -0.002631, 0.000673, 0.013422, 0.000749, -0.000519, -0.003252, 0.008831, -0.004096, 0.000000, -0.006370, 
314, 0.001269, 1.496342, -1.079239, 0.958982, -0.002631, 0.000673, 0.013422, 0.001767, 0.000297, -0.004895, 0.011128, -0.003809, 0.000000, 0.000000, 
315, 0.001269, 1.496342, -1.079242, 0.958982, -0.002631, 0.000673, 0.013422, 0.004222, -0.000537, -0.004678, 0.013811, -0.003938, 0.000000, -0.012620, 
316, 0.001270, 1.496342, -1.079244, 0.958982, -0.002631, 0.000673, 0.013422, 0.004692, -0.001426, -0.004552, 0.015194, -0.003662, 0.000000, -0.024279, 
317, 0.001270, 1.496342, -1.079246, 0.958981, -0.002631, 0.000673, 0.013422, 0.004363, -0.001984, -0.005042, 0.010606, -0.002023, 0.000000, -0.016707, 
318, 0.001270, 1.496342, -1.079248, 0.958980, -0.002631, 0.000673, 0.013446, 0.007108, -0.002114, -0.005843, 0.006669, -0.001881, 0.000000, 0.073558, 
319, 0.001269, 1.496342, -1.079250, 0.958981, -0.002631, 0.000673, 0.013422, 0.003627, -0.002560, -0.007565, 0.010465, -0.001758, 0.000000, -0.031731, 
320, 0.001268, 1.496342, -1.079251, 0.958981, -0.002631, 0.000673, 0.013422, 0.001434, -0.002149, -0.007406, 0.013953, -0.001635, 0.000000, -0.016346, 
321, 0.001268, 1.496342, -1.079253, 0.958981, -0.002631, 0.000673, 0.013422, -0.002560, -0.002672, -0.006895, 0.016337, -0.001495, 0.000000, -0.043029, 
322, 0.001268, 1.496342, -1.079254, 0.958980, -0.002631, 0.000673, 0.013422, -0.000847, -0.001609, -0.006412, 0.011990, -0.001390, 0.000000, -0.040505, 
323, 0.001267, 1.496342, -1.079256, 0.958981, -0.002631, 0.000673, 0.013422, -0.003484, -0.002756, -0.006687, 0.012413, -0.001436, 0.000000, -0.004207, 
324, 0.001267, 1.496342, -1.079257, 0.958980, -0.002631, 0.000673, 0.013422, -0.008127, -0.001876, -0.006547, 0.006950, -0.001335, 0.000000, -0.012500, 
325, 0.001267, 1.496342, -1.079258, 0.958979, -0.002631, 0.000673, 0.013422, -0.006327, -0.002241, -0.006088, 0.001820, -0.001242, 0.000000, -0.009495, 
326, 0.001268, 1.496342, -1.079259, 0.958980, -0.002631, 0.000673, 0.013446, -0.003018, -0.002771, -0.005661, 0.003024, -0.001567, 0.000000, 0.029567, 
327, 0.001267, 1.496342, -1.079260, 0.958979, -0.002631, 0.000673, 0.013422, -0.006464, -0.000053, -0.005264, -0.001368, -0.001458, 0.000000, -0.018630, 
328, 0.001267, 1.496343, -1.079261, 0.958979, -0.002631, 0.000673, 0.013446, -0.004688, 0.000773, -0.004895, -0.001230, -0.002029, 0.000000, 0.056851, 
329, 0.001267, 1.496343, -1.079262, 0.958978, -0.002631, 0.000673, 0.013422, -0.009028, 0.001628, -0.004543, -0.005265, -0.001929, 0.000000, -0.027524, 
330, 0.001267, 1.496343, -1.079263, 0.958979, -0.002631, 0.000673, 0.013446, -0.007232, 0.001379, -0.004225, -0.003421, -0.001802, 0.000000, 0.029087, 
331, 0.001268, 1.496343, -1.079264, 0.958979, -0.002631, 0.000673, 0.013446, -0.005654, 0.002033, -0.003878, -0.002507, -0.001676, 0.000000, 0.072115, 
332, 0.001268, 1.496343, -1.079264, 0.958980, -0.002631, 0.000673, 0.013422, -0.004668, 0.001077, -0.003598, 0.000425, -0.001559, 0.000000, -0.053846, 
333, 0.001267, 1.496342, -1.079265, 0.958980, -0.002631, 0.000673, 0.013422, -0.008099, 0.000003, -0.002621, 0.002122, -0.001449, 0.000000, -0.050841, 
334, 0.001267, 1.496342, -1.079267, 0.958981, -0.002631, 0.000673, 0.013422, -0.009057, -0.001228, -0.007375, 0.003760, -0.001053, 0.000000, -0.002524, 
335, 0.001266, 1.496342, -1.079267, 0.958980, -0.002631, 0.000673, 0.013446, -0.010798, -0.002532, -0.006563, -0.000127, -0.000979, 0.000000, 0.093269, 
336, 0.001267, 1.496342, -1.079268, 0.958980, -0.002631, 0.000673, 0.013446, -0.005726, -0.001588, -0.005918, 0.002604, -0.001138, 0.000000, 0.075120, 
337, 0.001266, 1.496342, -1.079268, 0.958981, -0.002631, 0.000673, 0.013422, -0.007861, -0.000511, -0.003716, 0.005691, -0.001235, 0.000000, -0.005409, 
338, 0.001266, 1.496343, -1.079268, 0.958981, -0.002631, 0.000673, 0.013422, -0.007015, 0.000439, -0.003456, 0.007289, -0.001148, 0.000000, 0.072716, 
339, 0.001267, 1.496343, -1.079270, 0.958981, -0.002631, 0.000673, 0.013422, -0.004998, 0.000606, -0.006213, 0.008017, -0.001068, 0.000000, -0.028486, 
340, 0.001266, 1.496343, -1.079270, 0.958980, -0.002631, 0.000673, 0.013422, -0.008027, -0.000031, -0.004766, 0.003848, -0.000993, 0.000000, -0.046755, 
341, 0.001266, 1.496342, -1.079271, 0.958981, -0.002631, 0.000673, 0.013422, -0.009242, -0.000774, -0.003994, 0.005676, -0.001126, 0.000000, -0.043750, 
342, 0.001266, 1.496342, -1.079271, 0.958981, -0.002631, 0.000673, 0.013422, -0.007676, -0.001685, -0.003234, 0.007672, -0.001080, 0.000000, -0.046274, 
343, 0.001266, 1.496342, -1.079271, 0.958980, -0.002631, 0.000673, 0.013446, -0.009354, -0.000732, -0.001507, 0.003864, -0.001013, 0.000000, 0.049038, 
344, 0.001266, 1.496343, -1.079271, 0.958980, -0.002631, 0.000673, 0.013422, -0.008167, -0.000593, 0.000082, 0.005927, -0.001043, 0.000000, -0.056370, 
345, 0.001265, 1.496342, -1.079272, 0.958980, -0.002631, 0.000673, 0.013422, -0.012482, -0.000922, -0.002376, 0.001113, -0.001366, 0.000000, -0.029207, 
346, 0.001266, 1.496343, -1.079274, 0.958980, -0.002631, 0.000673, 0.013446, -0.008363, 0.000318, -0.005884, 0.001895, -0.001270, 0.000000, 0.075601, 
347, 0.001265, 1.496342, -1.079275, 0.958980, -0.002631, 0.000673, 0.013446, -0.009495, -0.000382, -0.006305, 0.002916, -0.001181, 0.000000, 0.051803, 
348, 0.001266, 1.496342, -1.079275, 0.958980, -0.002631, 0.000673, 0.013422, -0.008686, -0.001443, -0.003773, 0.000588, -0.001098, 0.000000, -0.042308, 
349, 0.001265, 1.496342, -1.079275, 0.958979, -0.002630, 0.000673, 0.013446, -0.010732, -0.001194, 0.000334, -0.003608, 0.005594, 0.000000, 0.026683, 
350, 0.001266, 1.496342, -1.079276, 0.958978, -0.002630, 0.000673, 0.013422, -0.006979, -0.001721, -0.001662, -0.004518, 0.005201, 0.000000, -0.052764, 
351, 0.001265, 1.496342, -1.079276, 0.958979, -0.002630, 0.000673, 0.013422, -0.008403, -0.001133, 0.000191, -0.002136, 0.004837, 0.000000, -0.028726, 
352, 0.001266, 1.496343, -1.079277, 0.958979, -0.002630, 0.000673, 0.013422, -0.005421, -0.000670, -0.000261, -0.000284, 0.002812, 0.000000, -0.028245, 
353, 0.001267, 1.496343, -1.079278, 0.958979, -0.002630, 0.000673, 0.013422, -0.002841, 0.000751, -0.001085, 0.001244, 0.002615, 0.000000, -0.056370, 
354, 0.001266, 1.496343, -1.079278, 0.958980, -0.002629, 0.000673, 0.013446, -0.007285, 0.002105, 0.001679, 0.003146, 0.009038, 0.000000, 0.032572, 
355, 0.001267, 1.496343, -1.079279, 0.958980, -0.002629, 0.000673, 0.013446, -0.004305, 0.002257, -0.001422, 0.005436, 0.008405, 0.000000, 0.049038, 
356, 0.001267, 1.496343, -1.079279, 0.958981, -0.002629, 0.000673, 0.013446, -0.001012, 0.003030, -0.003218, 0.006210, 0.007790, 0.000000, 0.052885, 
357, 0.001268, 1.496343, -1.079280, 0.958981, -0.002629, 0.000673, 0.013422, 0.001848, 0.003032, -0.003203, 0.007451, 0.007244, 0.000000, -0.015986, 
358, 0.001267, 1.496343, -1.079280, 0.958981, -0.002629, 0.000673, 0.013422, -0.000472, 0.004008, -0.000164, 0.006996, 0.006736, 0.000000, -0.048678, 
359, 0.001267, 1.496343, -1.079281, 0.958982, -0.002629, 0.000673, 0.013446, 0.002013, 0.003411, -0.000228, 0.006531, 0.006264, 0.000000, 0.048918, 
360, 0.001268, 1.496343, -1.079281, 0.958982, -0.002628, 0.000673, 0.013422, 0.003650, 0.002274, -0.000592, 0.006579, 0.012440, 0.000000, -0.044591, 
361, 0.001267, 1.496343, -1.079282, 0.958981, -0.002628, 0.000673, 0.013422, -0.000415, 0.003484, -0.000761, 0.002401, 0.011568, 0.000000, 0.000000, 
362, 0.001268, 1.496343, -1.079283, 0.958981, -0.002628, 0.000673, 0.013422, 0.002075, 0.004668, -0.002806, 0.003977, 0.010504, 0.000000, -0.023197, 
363, 0.001268, 1.496343, -1.079282, 0.958982, -0.002629, 0.000673, 0.013422, 0.002932, 0.005441, 0.002001, 0.005839, 0.009767, 0.000000, -0.071034, 
364, 0.001268, 1.496343, -1.079283, 0.958982, -0.002629, 0.000673, 0.013446, 0.002988, 0.004840, 0.001860, 0.007865, 0.009083, 0.000000, 0.090264, 
365, 0.001269, 1.496343, -1.079283, 0.958982, -0.002629, 0.000673, 0.013422, 0.003200, 0.004728, 0.001713, 0.012058, 0.008446, 0.000000, -0.037620, 
366, 0.001269, 1.496343, -1.079284, 0.958982, -0.002629, 0.000673, 0.013446, 0.004821, 0.002859, 0.001551, 0.012038, 0.005477, 0.000000, 0.064183, 
367, 0.001270, 1.496343, -1.079284, 0.958981, -0.002629, 0.000673, 0.013446, 0.006817, 0.002936, 0.001324, 0.007756, 0.005093, 0.000000, 0.062139, 
368, 0.001270, 1.496343, -1.079285, 0.958982, -0.002629, 0.000673, 0.013422, 0.007620, 0.003000, 0.001172, 0.010094, 0.003961, 0.000000, -0.023317, 
369, 0.001270, 1.496343, -1.079285, 0.958982, -0.002630, 0.000673, 0.013422, 0.008114, 0.003274, 0.001090, 0.010592, 0.001779, 0.000000, -0.050120, 
370, 0.001271, 1.496344, -1.079286, 0.958982, -0.002630, 0.000673, 0.013422, 0.011118, 0.003184, 0.001014, 0.009958, 0.001654, 0.000000, -0.044952, 
371, 0.001271, 1.496343, -1.079286, 0.958982, -0.002630, 0.000673, 0.013422, 0.010347, 0.001966, 0.001254, 0.011873, 0.001538, 0.000000, -0.018029, 
372, 0.001270, 1.496343, -1.079286, 0.958983, -0.002630, 0.000673, 0.013422, 0.006310, 0.001171, 0.001209, 0.011301, 0.001430, 0.000000, -0.039784, 
373, 0.001270, 1.496343, -1.079287, 0.958983, -0.002630, 0.000673, 0.013446, 0.009541, 0.000444, 0.001124, 0.011689, 0.001330, 0.000000, 0.091947, 
374, 0.001270, 1.496342, -1.079287, 0.958983, -0.002630, 0.000673, 0.013446, 0.011611, -0.001188, 0.001045, 0.011484, 0.001237, 0.000000, 0.022356, 
375, 0.001271, 1.496343, -1.079286, 0.958983, -0.002630, 0.000673, 0.013446, 0.013839, -0.000637, 0.005328, 0.011278, 0.001133, 0.000000, 0.053726, 
376, 0.001270, 1.496342, -1.079285, 0.958983, -0.002630, 0.000673, 0.013446, 0.009313, -0.000921, 0.009876, 0.011026, 0.001028, 0.000000, 0.043870, 
377, 0.001270, 1.496342, -1.079286, 0.958984, -0.002630, 0.000673, 0.013422, 0.008946, -0.002373, 0.009184, 0.012756, 0.000956, 0.000000, -0.034856, 
378, 0.001270, 1.496342, -1.079286, 0.958982, -0.002630, 0.000673, 0.013446, 0.009499, -0.001967, 0.008616, 0.013513, 0.000889, 0.000000, 0.087380, 
379, 0.001269, 1.496342, -1.079286, 0.958981, -0.002629, 0.000673, 0.013422, 0.005723, -0.002962, 0.008012, 0.009928, 0.006026, 0.000000, -0.021514, 
380, 0.001269, 1.496342, -1.079288, 0.958982, -0.002629, 0.000673, 0.013446, 0.002845, -0.002586, 0.004197, 0.011996, 0.005604, 0.000000, 0.062861, 
381, 0.001269, 1.496342, -1.079288, 0.958982, -0.002629, 0.000673, 0.013422, 0.004550, -0.002775, 0.003928, 0.013102, 0.004764, 0.000000, -0.046635, 
382, 0.001268, 1.496342, -1.079288, 0.958982, -0.002629, 0.000673, 0.013422, 0.002453, -0.003145, 0.004057, 0.014096, 0.004430, 0.000000, -0.011899, 
383, 0.001269, 1.496342, -1.079288, 0.958983, -0.002629, 0.000673, 0.013446, 0.002761, -0.003557, 0.003781, 0.014203, 0.004120, 0.000000, 0.040625, 
384, 0.001269, 1.496342, -1.079289, 0.958983, -0.002630, 0.000673, 0.013422, 0.005011, -0.002827, 0.003567, 0.015171, 0.003831, 0.000000, -0.000962, 
385, 0.001268, 1.496342, -1.079289, 0.958983, -0.002630, 0.000673, 0.013422, 0.002637, -0.003847, 0.003317, 0.016408, 0.002045, 0.000000, -0.062380, 
386, 0.001269, 1.496342, -1.079289, 0.958983, -0.002630, 0.000673, 0.013446, 0.004997, -0.002907, 0.003084, 0.015670, 0.001902, 0.000000, 0.088462, 
387, 0.001269, 1.496342, -1.079289, 0.958982, -0.002630, 0.000673, 0.013446, 0.006585, -0.002981, 0.002868, 0.011462, 0.000799, 0.000000, 0.055409, 
388, 0.001269, 1.496342, -1.079289, 0.958982, -0.002630, 0.000673, 0.013422, 0.009351, -0.002418, 0.003080, 0.010903, 0.000743, 0.000000, -0.019471, 
389, 0.001268, 1.496342, -1.079289, 0.958983, -0.002630, 0.000673, 0.013446, 0.005384, -0.001507, 0.002889, 0.012026, 0.000691, 0.000000, 0.078606, 
390, 0.001269, 1.496343, -1.079289, 0.958982, -0.002630, 0.000673, 0.013446, 0.005731, -0.001149, 0.003074, 0.007964, 0.000643, 0.000000, 0.052043, 
391, 0.001269, 1.496342, -1.079290, 0.958982, -0.002629, 0.000673, 0.013422, 0.007773, -0.002294, 0.002943, 0.008316, 0.007213, 0.000000, -0.042067, 
392, 0.001268, 1.496343, -1.079290, 0.958982, -0.002629, 0.000673, 0.013422, 0.004236, -0.001940, 0.002753, 0.011053, 0.006665, 0.000000, -0.053966, 
393, 0.001269, 1.496343, -1.079291, 0.958982, -0.002629, 0.000673, 0.013422, 0.005894, -0.000805, -0.000221, 0.010901, 0.003670, 0.000000, -0.027644, 
394, 0.001269, 1.496343, -1.079291, 0.958983, -0.002629, 0.000673, 0.013446, 0.008565, -0.001684, -0.000188, 0.015033, 0.003412, 0.000000, 0.039303, 
395, 0.001268, 1.496343, -1.079291, 0.958983, -0.002629, 0.000673, 0.013422, 0.004282, -0.000483, 0.000508, 0.015867, 0.003173, 0.000000, -0.021514, 
396, 0.001269, 1.496342, -1.079292, 0.958983, -0.002629, 0.000673, 0.013446, 0.007167, -0.001389, -0.001719, 0.015108, 0.002850, 0.000000, 0.091466, 
397, 0.001268, 1.496342, -1.079292, 0.958983, -0.002630, 0.000673, 0.013422, 0.003960, -0.001692, -0.004767, 0.015507, 0.002650, 0.000000, -0.038101, 
398, 0.001267, 1.496342, -1.079292, 0.958983, -0.002628, 0.000673, 0.013446, 0.000927, -0.001931, -0.002596, 0.016156, 0.007756, 0.000000, 0.072837, 
399, 0.001268, 1.496342, -1.079293, 0.958983, -0.002628, 0.000673, 0.013446, 0.003213, -0.000978, -0.003669, 0.018175, 0.007212, 0.000000, 0.071154, 
400, 0.001268, 1.496343, -1.079293, 0.958984, -0.002629, 0.000673, 0.013446, 0.003173, -0.000682, -0.002148, 0.018948, 0.005181, 0.000000, 0.060096, 
401, 0.001267, 1.496343, -1.079294, 0.958984, -0.002629, 0.000673, 0.013446, 0.000743, 0.001068, -0.003717, 0.021605, 0.004034, 0.000000, 0.023798, 
402, 0.001268, 1.496343, -1.079294, 0.958983, -0.002629, 0.000673, 0.013446, 0.002772, 0.001157, -0.004779, 0.015675, 0.003752, 0.000000, 0.038582, 
403, 0.001268, 1.496344, -1.079295, 0.958982, -0.002629, 0.000673, 0.013422, 0.005586, 0.002037, -0.005236, 0.011534, 0.003463, 0.000000, -0.070913, 
404, 0.001269, 1.496344, -1.079296, 0.958981, -0.002629, 0.000673, 0.013446, 0.007242, 0.001974, -0.006976, 0.006411, 0.003220, 0.000000, 0.087620, 
405, 0.001269, 1.496344, -1.079295, 0.958981, -0.002629, 0.000673, 0.013422, 0.008386, 0.002729, -0.004473, 0.007503, 0.002733, 0.000000, -0.008774, 
406, 0.001269, 1.496343, -1.079296, 0.958981, -0.002630, 0.000673, 0.013422, 0.008860, 0.001796, -0.005684, 0.008452, 0.002542, 0.000000, -0.039663, 
407, 0.001269, 1.496343, -1.079296, 0.958982, -0.002630, 0.000673, 0.013422, 0.004902, 0.001013, -0.005884, 0.011609, 0.000847, 0.000000, -0.045553, 
408, 0.001269, 1.496343, -1.079297, 0.958982, -0.002630, 0.000673, 0.013422, 0.005830, 0.001864, -0.006828, 0.013517, 0.000787, 0.000000, -0.019591, 
409, 0.001269, 1.496343, -1.079296, 0.958981, -0.002630, 0.000673, 0.013446, 0.007141, 0.001076, -0.004706, 0.010952, 0.000732, 0.000000, 0.026442, 
410, 0.001270, 1.496343, -1.079296, 0.958981, -0.002630, 0.000673, 0.013446, 0.008983, 0.000154, -0.002076, 0.010563, 0.000664, 0.000000, 0.059736, 
411, 0.001270, 1.496343, -1.079297, 0.958980, -0.002630, 0.000673, 0.013422, 0.008791, 0.000590, -0.001998, 0.007564, 0.000567, 0.000000, -0.057933, 
412, 0.001270, 1.496343, -1.079297, 0.958979, -0.002630, 0.000673, 0.013422, 0.010029, 0.001084, 0.000527, 0.004109, 0.000502, 0.000000, -0.017308, 
413, 0.001269, 1.496343, -1.079301, 0.958979, -0.002630, 0.000673, 0.013422, 0.005323, 0.000338, -0.002586, 0.003821, 0.000467, 0.000000, -0.038101, 
414, 0.001270, 1.496343, -1.079308, 0.958977, -0.002630, 0.000673, 0.013422, 0.009391, -0.000305, -0.002632, 0.002112, 0.000434, 0.000000, -0.046875, 
415, 0.001270, 1.496344, -1.079323, 0.958976, -0.002630, 0.000673, 0.013422, 0.011235, -0.001590, -0.003551, 0.001661, 0.000403, 0.000000, -0.004808, 
416, 0.001269, 1.496344, -1.079343, 0.958974, -0.002630, 0.000673, 0.013422, 0.008214, -0.001179, -0.003665, 0.001873, 0.000375, 0.000000, -0.052524, 
417, 0.001269, 1.496345, -1.079370, 0.958971, -0.002631, 0.000673, 0.013422, 0.010352, -0.000962, -0.007006, 0.001228, 0.000619, 0.000000, -0.032332, 
418, 0.001270, 1.496345, -1.079402, 0.958966, -0.002631, 0.000673, 0.013422, 0.010578, -0.000237, -0.009843, -0.000754, 0.000322, 0.000000, -0.074880, 
419, 0.001270, 1.496346, -1.079442, 0.958961, -0.002631, 0.000673, 0.013446, 0.011320, -0.000309, -0.014378, -0.000356, -0.000324, 0.000000, 0.048197, 
420, 0.001270, 1.496347, -1.079489, 0.958957, -0.002631, 0.000673, 0.013446, 0.010459, -0.001960, -0.013201, 0.002205, -0.000293, 0.000000, 0.016707, 
421, 0.001272, 1.496348, -1.079543, 0.958951, -0.002631, 0.000673, 0.013422, 0.009784, -0.002560, -0.013936, -0.001042, -0.000272, 0.000000, -0.008053, 
422, 0.001274, 1.496348, -1.079602, 0.958946, -0.002631, 0.000673, 0.013446, 0.009107, -0.002701, -0.016414, 0.000169, -0.000278, 0.000000, 0.061058, 
423, 0.001280, 1.496349, -1.079664, 0.958940, -0.002631, 0.000673, 0.013422, 0.006513, -0.002747, -0.013864, 0.000570, -0.002964, 0.000000, -0.012260, 
424, 0.001291, 1.496350, -1.079734, 0.958932, -0.002631, 0.000673, 0.013422, 0.008627, -0.003747, -0.017923, -0.000709, -0.002756, 0.000000, -0.012740, 
425, 0.001307, 1.496351, -1.079809, 0.958921, -0.002631, 0.000673, 0.013422, 0.009952, -0.002823, -0.018739, -0.003145, -0.002563, 0.000000, -0.003846, 
426, 0.001326, 1.496352, -1.079893, 0.958906, -0.002631, 0.000673, 0.013446, 0.011462, -0.004357, -0.021984, -0.004374, -0.002383, 0.000000, 0.072115, 
427, 0.001346, 1.496353, -1.079986, 0.958885, -0.002631, 0.000673, 0.013446, 0.011990, -0.004620, -0.024977, -0.007472, -0.002216, 0.000000, 0.052644, 
428, 0.001365, 1.496353, -1.080089, 0.958858, -0.002631, 0.000673, 0.013422, 0.011444, -0.005328, -0.022956, -0.008448, -0.002061, 0.000000, -0.041707, 
429, 0.001382, 1.496355, -1.080203, 0.958823, -0.002631, 0.000673, 0.013422, 0.009866, -0.003505, -0.027372, -0.012903, -0.003433, 0.000000, -0.047476, 
430, 0.001396, 1.496356, -1.080326, 0.958782, -0.002631, 0.000673, 0.013446, 0.004750, -0.003239, -0.028823, -0.017796, -0.003192, 0.000000, 0.058774, 
431, 0.001409, 1.496357, -1.080457, 0.958733, -0.002631, 0.000673, 0.013446, 0.006145, -0.004115, -0.033586, -0.022220, -0.002842, 0.000000, 0.020913, 
432, 0.001419, 1.496359, -1.080595, 0.958679, -0.002632, 0.000673, 0.013422, 0.007214, -0.004265, -0.036161, -0.022457, -0.005205, 0.000000, -0.064784, 
433, 0.001427, 1.496362, -1.080740, 0.958617, -0.002635, 0.000673, 0.013422, 0.006279, -0.003241, -0.039710, -0.026503, -0.008607, 0.000000, -0.054688, 
434, 0.001432, 1.496365, -1.080892, 0.958551, -0.002637, 0.000673, 0.013422, 0.005796, -0.002879, -0.039749, -0.030030, -0.005601, 0.000000, -0.049399, 
435, 0.001432, 1.496367, -1.081054, 0.958482, -0.002641, 0.000673, 0.013446, 0.000334, -0.001700, -0.041066, -0.025304, -0.005209, 0.000000, 0.047837, 
436, 0.001428, 1.496371, -1.081229, 0.958408, -0.002645, 0.000673, 0.013446, -0.003954, -0.000776, -0.047608, -0.023892, -0.004844, 0.000000, 0.082332, 
437, 0.001420, 1.496374, -1.081414, 0.958329, -0.002653, 0.000673, 0.013446, -0.003550, -0.000465, -0.051382, -0.023245, -0.008574, 0.000000, 0.082452, 
438, 0.001409, 1.496378, -1.081611, 0.958246, -0.002661, 0.000673, 0.013446, -0.004321, -0.000335, -0.057732, -0.023983, -0.008066, 0.000000, 0.072115, 
439, 0.001393, 1.496381, -1.081819, 0.958158, -0.002671, 0.000673, 0.013446, -0.006352, -0.000307, -0.063207, -0.023271, -0.005579, 0.000000, 0.092067, 
440, 0.001374, 1.496385, -1.082035, 0.958067, -0.002684, 0.000673, 0.013422, -0.006227, -0.000282, -0.059677, -0.020417, -0.005264, 0.000000, -0.065024, 
441, 0.001351, 1.496389, -1.082262, 0.957971, -0.002701, 0.000673, 0.013446, -0.003861, -0.000022, -0.057473, -0.020890, -0.007987, 0.000000, 0.048317, 
442, 0.001323, 1.496392, -1.082501, 0.957871, -0.002723, 0.000673, 0.013422, -0.004045, -0.000741, -0.057539, -0.023622, -0.012812, 0.000000, -0.047115, 
443, 0.001288, 1.496395, -1.082756, 0.957770, -0.002748, 0.000673, 0.013446, -0.006593, -0.001325, -0.068100, -0.022151, -0.012124, 0.000000, 0.034615, 
444, 0.001243, 1.496398, -1.083026, 0.957663, -0.002777, 0.000673, 0.013422, -0.007622, -0.000958, -0.075747, -0.025520, -0.011300, 0.000000, -0.041587, 
445, 0.001185, 1.496402, -1.083314, 0.957553, -0.002810, 0.000673, 0.013446, -0.010357, -0.001161, -0.078636, -0.028247, -0.010895, 0.000000, 0.065144, 
446, 0.001112, 1.496405, -1.083621, 0.957438, -0.002849, 0.000673, 0.013446, -0.015269, -0.000548, -0.085063, -0.030632, -0.008943, 0.000000, 0.037861, 
447, 0.001023, 1.496407, -1.083944, 0.957320, -0.002894, 0.000673, 0.013446, -0.017519, -0.000569, -0.087029, -0.029841, -0.014173, 0.000000, 0.036178, 
448, 0.000918, 1.496410, -1.084287, 0.957199, -0.002945, 0.000673, 0.013422, -0.021330, -0.000719, -0.090197, -0.030538, -0.015050, 0.000000, -0.031971, 
449, 0.000795, 1.496412, -1.084650, 0.957078, -0.003002, 0.000673, 0.013422, -0.025800, -0.000668, -0.095780, -0.028338, -0.017534, 0.000000, -0.042788, 
450, 0.000654, 1.496414, -1.085033, 0.956957, -0.003065, 0.000673, 0.013446, -0.033177, -0.000668, -0.096506, -0.027851, -0.018327, 0.000000, 0.054447, 
451, 0.000499, 1.496416, -1.085440, 0.956839, -0.003132, 0.000673, 0.013446, -0.035780, -0.000625, -0.099161, -0.026463, -0.018020, 0.000000, 0.025000, 
452, 0.000330, 1.496418, -1.085872, 0.956725, -0.003201, 0.000673, 0.013422, -0.041471, -0.000084, -0.100509, -0.023790, -0.019267, 0.000000, -0.075240, 
453, 0.000147, 1.496420, -1.086331, 0.956614, -0.003269, 0.000673, 0.013446, -0.046729, 0.000179, -0.106827, -0.021659, -0.016720, 0.000000, 0.028486, 
454, -0.000045, 1.496421, -1.086821, 0.956508, -0.003339, 0.000673, 0.013446, -0.047751, 0.000520, -0.115938, -0.019980, -0.015590, 0.000000, 0.051322, 
455, -0.000247, 1.496423, -1.087342, 0.956406, -0.003410, 0.000673, 0.013446, -0.052290, 0.000454, -0.120812, -0.020324, -0.023092, 0.000000, 0.075120, 
456, -0.000461, 1.496424, -1.087896, 0.956309, -0.003479, 0.000673, 0.013446, -0.056537, 0.001311, -0.127814, -0.019152, -0.021524, 0.000000, 0.023197, 
457, -0.000686, 1.496425, -1.088484, 0.956219, -0.003550, 0.000673, 0.013446, -0.059770, 0.001219, -0.133465, -0.016654, -0.026175, 0.000000, 0.007812, 
458, -0.000923, 1.496427, -1.089109, 0.956134, -0.003622, 0.000673, 0.013422, -0.062363, 0.000965, -0.142259, -0.015798, -0.026413, 0.000000, -0.074159, 
459, -0.001174, 1.496428, -1.089769, 0.956055, -0.003696, 0.000673, 0.013446, -0.064597, 0.001791, -0.150116, -0.015458, -0.025125, 0.000000, 0.051082, 
460, -0.001439, 1.496429, -1.090467, 0.955982, -0.003774, 0.000673, 0.013422, -0.065386, 0.002361, -0.162066, -0.014365, -0.030358, 0.000000, -0.070553, 
461, -0.001719, 1.496430, -1.091211, 0.955913, -0.003857, 0.000673, 0.013446, -0.068798, 0.002212, -0.179970, -0.013358, -0.031415, 0.000000, 0.047716, 
462, -0.002012, 1.496431, -1.091999, 0.955850, -0.003944, 0.000673, 0.013422, -0.071121, 0.003907, -0.191714, -0.012439, -0.036814, 0.000000, -0.031851, 
463, -0.002321, 1.496431, -1.092818, 0.955791, -0.004036, 0.000673, 0.013446, -0.076087, 0.001568, -0.202820, -0.011566, -0.032943, 0.000000, 0.022957, 
464, -0.002647, 1.496432, -1.093669, 0.955736, -0.004133, 0.000673, 0.013422, -0.080755, 0.001517, -0.212465, -0.010755, -0.029900, 0.000000, -0.042668, 
465, -0.002992, 1.496432, -1.094548, 0.955685, -0.004237, 0.000673, 0.013422, -0.087792, 0.001912, -0.219049, -0.010001, -0.029523, 0.000000, -0.008894, 
466, -0.003356, 1.496433, -1.095464, 0.955638, -0.004350, 0.000673, 0.013446, -0.092112, 0.000105, -0.224632, -0.009300, -0.031633, 0.000000, 0.026803, 
467, -0.003742, 1.496433, -1.096417, 0.955594, -0.004473, 0.000673, 0.013422, -0.100594, 0.001375, -0.232790, -0.008648, -0.036098, 0.000000, -0.055649, 
468, -0.004149, 1.496433, -1.097404, 0.955553, -0.004607, 0.000673, 0.013446, -0.108154, -0.000504, -0.247530, -0.007882, -0.040510, 0.000000, 0.054207, 
469, -0.004577, 1.496434, -1.098427, 0.955515, -0.004752, 0.000673, 0.013446, -0.115933, 0.000353, -0.258211, -0.006090, -0.045179, 0.000000, 0.054447, 
470, -0.005028, 1.496434, -1.099491, 0.955479, -0.004910, 0.000673, 0.013446, -0.122181, 0.001714, -0.272332, -0.005655, -0.051306, 0.000000, 0.033293, 
471, -0.005503, 1.496433, -1.100595, 0.955446, -0.005078, 0.000673, 0.013446, -0.129609, -0.000437, -0.287047, -0.005250, -0.053574, 0.000000, 0.022596, 
472, -0.006009, 1.496433, -1.101735, 0.955416, -0.005257, 0.000673, 0.013446, -0.137645, -0.000414, -0.301127, -0.004882, -0.053635, 0.000000, 0.028365, 
473, -0.006546, 1.496433, -1.102913, 0.955387, -0.005448, 0.000673, 0.013446, -0.145321, -0.001359, -0.312079, -0.004540, -0.054535, 0.000000, 0.000481, 
474, -0.007115, 1.496433, -1.104126, 0.955361, -0.005653, 0.000673, 0.013446, -0.151042, 0.001416, -0.320704, -0.004221, -0.056172, 0.000000, 0.013462, 
475, -0.007719, 1.496432, -1.105371, 0.955335, -0.005871, 0.000673, 0.013446, -0.155098, 0.000634, -0.323128, -0.007229, -0.058065, 0.000000, 0.000601, 
476, -0.008365, 1.496433, -1.106641, 0.955312, -0.006105, 0.000673, 0.013422, -0.166109, 0.003695, -0.323993, -0.005955, -0.060828, 0.000067, -0.034014, 
477, -0.009056, 1.496432, -1.107936, 0.955291, -0.006354, 0.000673, 0.013422, -0.179406, 0.002762, -0.324577, -0.005226, -0.062766, 0.000063, -0.069111, 
478, -0.009795, 1.496432, -1.109255, 0.955271, -0.006618, 0.000673, 0.013446, -0.190524, 0.005311, -0.323967, -0.004809, -0.069783, 0.000058, 0.022837, 
479, -0.010586, 1.496432, -1.110593, 0.955252, -0.006895, 0.000673, 0.013446, -0.200416, 0.006393, -0.324444, -0.007446, -0.067073, 0.000147, 0.011659, 
480, -0.011433, 1.496432, -1.111952, 0.955235, -0.007184, 0.000673, 0.013446, -0.212328, 0.005498, -0.336963, -0.005171, -0.069323, 0.000634, 0.003726, 
481, -0.012338, 1.496432, -1.113332, 0.955218, -0.007483, 0.000673, 0.013446, -0.223581, 0.004455, -0.346177, -0.006671, -0.075325, 0.000606, 0.000481, 
482, -0.013301, 1.496431, -1.114733, 0.955203, -0.007791, 0.000673, 0.013446, -0.238858, 0.004341, -0.352471, -0.006709, -0.078917, 0.000564, 0.000000, 
483, -0.014319, 1.496431, -1.116154, 0.955188, -0.008106, 0.000673, 0.013446, -0.247779, 0.004348, -0.360497, -0.006239, -0.079165, 0.000929, 0.005168, 
484, -0.015388, 1.496431, -1.117591, 0.955175, -0.008426, 0.000673, 0.013446, -0.257373, 0.003239, -0.363089, -0.006341, -0.077078, 0.001470, 0.038582, 
485, -0.016514, 1.496430, -1.119052, 0.955163, -0.008752, 0.000673, 0.013422, -0.277881, 0.002110, -0.367565, -0.006503, -0.074826, 0.002092, -0.056370, 
486, -0.017692, 1.496430, -1.120535, 0.955151, -0.009083, 0.000673, 0.013446, -0.294019, 0.002303, -0.374331, -0.006047, -0.075082, 0.002409, -0.006611, 
487, -0.018928, 1.496430, -1.122036, 0.955140, -0.009416, 0.000672, 0.013446, -0.320039, 0.002609, -0.371613, -0.005564, -0.076610, 0.001178, 0.028486, 
488, -0.020226, 1.496430, -1.123562, 0.955130, -0.009752, 0.000672, 0.013446, -0.336617, 0.002709, -0.374371, -0.005115, -0.079059, -0.000076, 0.005048, 
489, -0.021593, 1.496429, -1.125116, 0.955121, -0.010089, 0.000671, 0.013422, -0.355471, 0.002253, -0.377609, -0.002616, -0.079348, -0.000568, -0.072356, 
490, -0.023029, 1.496430, -1.126702, 0.955111, -0.010427, 0.000671, 0.013446, -0.374815, 0.002761, -0.390791, -0.003663, -0.082388, -0.000899, 0.015385, 
491, -0.024539, 1.496430, -1.128314, 0.955103, -0.010764, 0.000671, 0.013446, -0.398103, 0.004940, -0.400352, -0.003861, -0.082915, -0.000878, 0.008173, 
492, -0.026117, 1.496430, -1.129951, 0.955094, -0.011102, 0.000671, 0.013446, -0.419017, 0.004442, -0.412083, -0.003590, -0.083852, -0.000833, 0.002404, 
493, -0.027756, 1.496430, -1.131608, 0.955087, -0.011444, 0.000670, 0.013446, -0.433240, 0.003827, -0.421786, -0.003339, -0.082110, -0.001044, 0.016226, 
494, -0.029464, 1.496430, -1.133278, 0.955080, -0.011790, 0.000670, 0.013446, -0.442243, 0.002438, -0.421641, -0.003113, -0.085151, -0.000069, 0.022236, 
495, -0.031241, 1.496431, -1.134962, 0.955073, -0.012141, 0.000671, 0.013446, -0.451619, 0.003232, -0.423722, -0.002895, -0.088181, 0.000972, 0.009255, 
496, -0.033094, 1.496431, -1.136659, 0.955067, -0.012498, 0.000670, 0.013446, -0.466682, 0.005276, -0.421047, -0.000989, -0.088091, -0.000234, 0.033053, 
497, -0.035032, 1.496432, -1.138368, 0.955060, -0.012862, 0.000670, 0.013446, -0.483512, 0.006701, -0.429768, 0.000782, -0.093536, -0.000260, 0.020192, 
498, -0.037058, 1.496432, -1.140091, 0.955054, -0.013233, 0.000670, 0.013422, -0.495825, 0.007209, -0.434338, 0.000854, -0.098202, -0.000300, -0.055649, 
499, -0.039176, 1.496433, -1.141830, 0.955046, -0.013611, 0.000670, 0.013446, -0.530197, 0.007538, -0.436717, 0.000794, -0.098952, -0.000288, 0.032933, 
500, -0.041391, 1.496433, -1.143582, 0.955040, -0.013997, 0.000669, 0.013422, -0.556166, 0.004110, -0.432887, 0.000645, -0.100980, -0.000419, -0.045673, 
501, -0.043689, 1.496433, -1.145346, 0.955033, -0.014392, 0.000669, 0.013446, -0.565897, 0.002845, -0.439514, 0.000609, -0.103903, -0.000390, 0.001442, 
502, -0.046065, 1.496433, -1.147120, 0.955027, -0.014795, 0.000669, 0.013446, -0.577018, 0.002489, -0.445718, -0.000327, -0.107152, -0.000363, 0.004688, 
503, -0.048494, 1.496434, -1.148893, 0.955022, -0.015203, 0.000669, 0.013446, -0.585143, 0.004089, -0.446828, -0.000490, -0.107704, -0.000337, 0.004567, 
504, -0.050976, 1.496434, -1.150652, 0.955017, -0.015613, 0.000669, 0.013446, -0.595413, 0.002778, -0.444952, -0.000455, -0.108335, -0.000313, 0.033894, 
505, -0.053507, 1.496435, -1.152397, 0.955011, -0.016022, 0.000669, 0.013446, -0.602383, 0.003641, -0.445542, -0.003381, -0.106343, -0.000292, 0.000120, 
506, -0.056086, 1.496435, -1.154124, 0.955006, -0.016431, 0.000668, 0.013446, -0.606092, 0.003272, -0.440377, -0.005200, -0.105511, -0.000271, 0.005168, 
507, -0.058708, 1.496434, -1.155837, 0.955002, -0.016838, 0.000668, 0.013446, -0.611994, 0.002967, -0.433088, -0.004061, -0.105108, -0.000252, 0.032933, 
508, -0.061369, 1.496434, -1.157534, 0.954999, -0.017247, 0.000668, 0.013422, -0.621678, 0.001486, -0.430507, -0.000953, -0.105854, -0.000234, -0.094952, 
509, -0.064064, 1.496434, -1.159215, 0.954995, -0.017659, 0.000668, 0.013446, -0.627970, 0.000329, -0.430272, 0.001583, -0.106109, -0.000218, 0.007091, 
510, -0.066803, 1.496433, -1.160882, 0.954991, -0.018076, 0.000668, 0.013446, -0.637343, -0.001165, -0.421830, 0.001295, -0.107088, -0.000203, 0.011058, 
511, -0.069594, 1.496433, -1.162539, 0.954988, -0.018501, 0.000668, 0.013446, -0.650820, -0.000830, -0.412732, 0.004491, -0.110088, -0.000188, 0.004808, 
512, -0.072450, 1.496433, -1.164184, 0.954985, -0.018935, 0.000668, 0.013446, -0.660487, -0.001282, -0.404575, 0.004176, -0.114193, -0.000175, 0.000240, 
513, -0.075379, 1.496433, -1.165815, 0.954982, -0.019378, 0.000668, 0.013446, -0.682834, -0.000067, -0.396628, 0.005156, -0.117714, -0.000163, 0.003005, 
514, -0.078377, 1.496433, -1.167432, 0.954979, -0.019833, 0.000668, 0.013446, -0.708644, -0.000159, -0.399620, 0.005140, -0.119565, -0.000152, 0.008053, 
515, -0.081449, 1.496433, -1.169038, 0.954976, -0.020299, 0.000668, 0.013422, -0.732071, -0.001593, -0.397405, 0.004779, -0.120300, -0.000141, -0.079808, 
516, -0.084574, 1.496433, -1.170636, 0.954973, -0.020781, 0.000668, 0.013446, -0.757522, 0.001089, -0.399483, 0.005413, -0.121295, -0.000131, 0.034014, 
517, -0.087738, 1.496434, -1.172224, 0.954971, -0.021274, 0.000667, 0.013446, -0.765893, 0.002993, -0.398972, 0.006129, -0.126797, -0.000122, 0.025361, 
518, -0.090929, 1.496435, -1.173799, 0.954968, -0.021778, 0.000667, 0.013422, -0.768032, 0.004215, -0.397156, 0.005708, -0.128887, -0.000113, -0.110337, 
519, -0.094164, 1.496435, -1.175362, 0.954967, -0.022286, 0.000667, 0.013446, -0.791054, 0.004901, -0.394347, 0.008687, -0.130157, -0.000105, 0.005889, 
520, -0.097424, 1.496435, -1.176921, 0.954965, -0.022799, 0.000667, 0.013446, -0.803175, 0.004153, -0.400322, 0.008044, -0.131691, -0.000098, 0.021755, 
521, -0.100705, 1.496435, -1.178467, 0.954963, -0.023313, 0.000667, 0.013422, -0.817607, 0.002463, -0.397055, 0.007607, -0.132646, -0.000091, -0.100361, 
522, -0.104000, 1.496436, -1.179986, 0.954962, -0.023833, 0.000667, 0.013446, -0.817022, 0.003285, -0.390436, 0.007073, -0.135337, -0.000085, 0.040385, 
523, -0.107318, 1.496436, -1.181473, 0.954959, -0.024363, 0.000667, 0.013446, -0.817741, 0.000771, -0.387988, 0.003299, -0.141042, -0.000079, 0.000000, 
524, -0.110675, 1.496436, -1.182933, 0.954958, -0.024906, 0.000667, 0.013422, -0.818562, 0.000852, -0.384331, 0.003068, -0.145336, -0.000073, -0.038462, 
525, -0.114094, 1.496437, -1.184365, 0.954956, -0.025464, 0.000667, 0.013446, -0.832193, 0.000956, -0.377870, 0.003645, -0.148393, -0.000068, 0.001082, 
526, -0.117582, 1.496436, -1.185782, 0.954954, -0.026044, 0.000667, 0.013446, -0.838262, -0.001019, -0.377686, 0.001460, -0.154734, -0.000063, 0.009495, 
527, -0.121157, 1.496437, -1.187178, 0.954953, -0.026647, 0.000667, 0.013446, -0.871882, -0.001028, -0.371152, 0.001678, -0.156508, -0.000076, 0.030649, 
528, -0.124799, 1.496437, -1.188558, 0.954952, -0.027270, 0.000667, 0.013446, -0.892932, -0.001381, -0.365017, 0.002891, -0.158302, -0.000188, 0.003125, 
529, -0.128477, 1.496438, -1.189927, 0.954951, -0.027914, 0.000667, 0.013446, -0.909447, -0.000813, -0.364184, 0.002689, -0.160214, -0.000175, 0.026683, 
530, -0.132182, 1.496438, -1.191280, 0.954949, -0.028575, 0.000667, 0.013446, -0.931099, -0.000928, -0.363189, 0.000385, -0.161908, 0.000579, 0.027163, 
531, -0.135906, 1.496438, -1.192610, 0.954949, -0.029247, 0.000668, 0.013446, -0.936292, -0.002384, -0.357579, 0.000358, -0.163703, 0.000614, 0.014303, 
532, -0.139643, 1.496438, -1.193912, 0.954948, -0.029927, 0.000668, 0.013446, -0.946127, -0.004046, -0.350829, 0.000544, -0.163483, 0.000672, 0.006010, 
533, -0.143380, 1.496437, -1.195177, 0.954947, -0.030610, 0.000668, 0.013422, -0.957699, -0.005262, -0.338088, 0.000497, -0.160389, 0.000625, -0.046755, 
534, -0.147113, 1.496438, -1.196401, 0.954947, -0.031297, 0.000669, 0.013446, -0.956687, -0.002757, -0.324572, 0.000462, -0.161077, 0.000581, 0.016226, 
535, -0.150852, 1.496438, -1.197583, 0.954945, -0.031988, 0.000669, 0.013446, -0.962699, -0.002640, -0.310116, -0.002874, -0.163241, 0.000540, 0.014062, 
536, -0.154614, 1.496439, -1.198723, 0.954945, -0.032687, 0.000669, 0.013446, -0.981949, -0.000491, -0.297441, -0.001484, -0.164369, 0.000502, 0.022115, 
537, -0.158418, 1.496439, -1.199826, 0.954944, -0.033394, 0.000669, 0.013422, -0.988768, -0.001350, -0.285199, -0.001194, -0.168434, 0.000467, -0.049038, 
538, -0.162287, 1.496440, -1.200899, 0.954944, -0.034111, 0.000670, 0.013446, -1.010353, -0.000505, -0.279251, -0.001111, -0.172299, 0.000434, 0.014784, 
539, -0.166228, 1.496441, -1.201940, 0.954943, -0.034839, 0.000670, 0.013446, -1.029354, -0.000470, -0.268335, -0.001033, -0.177924, 0.000404, 0.001322, 
540, -0.170212, 1.496442, -1.202948, 0.954943, -0.035576, 0.000670, 0.013446, -1.021996, -0.001739, -0.259457, -0.002090, -0.182598, 0.000376, 0.042188, 
541, -0.174237, 1.496443, -1.203922, 0.954943, -0.036320, 0.000670, 0.013446, -1.019046, -0.000703, -0.249945, -0.002061, -0.182807, 0.000349, 0.035096, 
542, -0.178294, 1.496444, -1.204852, 0.954943, -0.037067, 0.000670, 0.013446, -1.014955, -0.002971, -0.236062, 0.001201, -0.184223, 0.000325, 0.027163, 
543, -0.182368, 1.496446, -1.205733, 0.954943, -0.037815, 0.000671, 0.013446, -1.004696, -0.002122, -0.221373, 0.000569, -0.187891, 0.000302, 0.033894, 
544, -0.186453, 1.496447, -1.206561, 0.954943, -0.038562, 0.000671, 0.013446, -1.000752, -0.001784, -0.210917, 0.000125, -0.188934, 0.000281, 0.050120, 
545, -0.190537, 1.496449, -1.207333, 0.954942, -0.039308, 0.000671, 0.013446, -0.990899, -0.002320, -0.195944, -0.002892, -0.190182, 0.000261, 0.065625, 
546, -0.194624, 1.496451, -1.208050, 0.954942, -0.040055, 0.000671, 0.013446, -1.004860, -0.005103, -0.180714, -0.003776, -0.188940, 0.000243, 0.063942, 
547, -0.198732, 1.496456, -1.208717, 0.954943, -0.040810, 0.000671, 0.013422, -1.015567, -0.004774, -0.167901, -0.001329, -0.194081, 0.000226, -0.063822, 
548, -0.202890, 1.496462, -1.209338, 0.954943, -0.041575, 0.000671, 0.013422, -1.046085, -0.004903, -0.157469, 0.001208, -0.192785, 0.000210, -0.008774, 
549, -0.207113, 1.496470, -1.209915, 0.954944, -0.042356, 0.000671, 0.013446, -1.070477, -0.002503, -0.146833, 0.001772, -0.193367, 0.000195, 0.057091, 
550, -0.211407, 1.496480, -1.210451, 0.954944, -0.043156, 0.000671, 0.013422, -1.100019, -0.001224, -0.136934, 0.002271, -0.193579, 0.000182, 0.038341, 
551, -0.215742, 1.496491, -1.210950, 0.954945, -0.043974, 0.000671, 0.013422, -1.117528, -0.000889, -0.127333, 0.002795, -0.194543, 0.000169, -0.014183, 
552, -0.220098, 1.496505, -1.211414, 0.954945, -0.044806, 0.000672, 0.013422, -1.126100, 0.000214, -0.119021, 0.003357, -0.194715, 0.000157, -0.000601, 
553, -0.224470, 1.496520, -1.211845, 0.954945, -0.045645, 0.000672, 0.013422, -1.133405, 0.002857, -0.109581, 0.003122, -0.196628, 0.000112, -0.065625, 
554, -0.228842, 1.496537, -1.212245, 0.954946, -0.046486, 0.000672, 0.013422, -1.133523, 0.004882, -0.101889, 0.002060, -0.198432, 0.000104, -0.000481, 
555, -0.233194, 1.496556, -1.212617, 0.954946, -0.047325, 0.000672, 0.013422, -1.115103, 0.003806, -0.094746, 0.000264, -0.198921, -0.000071, -0.052404, 
556, -0.237523, 1.496580, -1.212963, 0.954947, -0.048161, 0.000672, 0.013422, -1.099701, 0.006341, -0.087977, 0.000262, -0.196966, 0.001535, -0.007812, 
557, -0.241844, 1.496609, -1.213283, 0.954948, -0.048991, 0.000672, 0.013422, -1.092534, 0.008880, -0.082036, -0.001703, -0.197482, 0.000871, -0.023317, 
558, -0.246171, 1.496646, -1.213581, 0.954950, -0.049817, 0.000673, 0.013422, -1.082136, 0.011072, -0.076284, -0.001263, -0.198290, 0.001290, -0.016466, 
559, -0.250522, 1.496692, -1.213858, 0.954952, -0.050636, 0.000673, 0.013422, -1.081282, 0.013270, -0.070978, -0.001048, -0.201587, 0.001806, -0.031130, 
560, -0.254902, 1.496751, -1.214116, 0.954953, -0.051446, 0.000673, 0.013422, -1.077867, 0.018407, -0.065723, -0.000975, -0.198122, 0.001284, -0.034375, 
561, -0.259305, 1.496820, -1.214356, 0.954955, -0.052245, 0.000673, 0.013422, -1.091638, 0.020930, -0.062438, -0.000856, -0.196012, 0.002711, -0.000240, 
562, -0.263704, 1.496896, -1.214580, 0.954956, -0.053029, 0.000673, 0.013422, -1.093033, 0.021548, -0.058094, -0.000796, -0.191724, 0.001745, -0.003486, 
563, -0.268082, 1.496978, -1.214788, 0.954957, -0.053794, 0.000674, 0.013422, -1.102151, 0.023084, -0.054021, -0.000656, -0.187324, 0.002213, -0.006130, 
564, -0.272428, 1.497064, -1.214981, 0.954958, -0.054535, 0.000674, 0.013446, -1.097104, 0.023509, -0.050192, 0.001118, -0.181227, 0.002150, 0.041106, 
565, -0.276718, 1.497156, -1.215161, 0.954959, -0.055248, 0.000674, 0.013446, -1.073703, 0.025505, -0.046664, 0.002438, -0.172052, 0.002092, 0.064062, 
566, -0.280953, 1.497255, -1.215328, 0.954960, -0.055933, 0.000674, 0.013422, -1.068628, 0.027269, -0.042937, 0.002866, -0.164792, 0.000909, -0.024760, 
567, -0.285113, 1.497364, -1.215483, 0.954961, -0.056588, 0.000675, 0.013422, -1.053013, 0.030754, -0.039624, 0.003204, -0.158632, 0.001553, -0.043510, 
568, -0.289201, 1.497484, -1.215627, 0.954961, -0.057216, 0.000675, 0.013422, -1.025684, 0.033785, -0.036837, 0.000729, -0.151099, 0.001908, -0.022957, 
569, -0.293218, 1.497617, -1.215759, 0.954962, -0.057816, 0.000675, 0.013422, -1.000322, 0.035680, -0.032889, 0.000678, -0.143008, 0.001681, -0.044832, 
570, -0.297186, 1.497768, -1.215879, 0.954962, -0.058394, 0.000675, 0.013446, -0.991645, 0.041820, -0.027246, -0.003170, -0.136639, 0.001243, 0.094351, 
571, -0.301116, 1.497937, -1.215989, 0.954963, -0.058954, 0.000674, 0.013422, -0.989248, 0.045327, -0.023701, -0.002939, -0.133952, 0.001047, -0.006010, 
572, -0.305010, 1.498126, -1.216091, 0.954964, -0.059494, 0.000674, 0.013422, -0.987515, 0.051473, -0.020042, -0.002109, -0.128479, 0.000383, -0.029808, 
573, -0.308873, 1.498334, -1.216186, 0.954965, -0.060014, 0.000674, 0.013422, -0.987059, 0.057387, -0.019716, -0.001650, -0.123929, -0.000082, -0.010457, 
574, -0.312686, 1.498562, -1.216275, 0.954965, -0.060511, 0.000674, 0.013422, -0.972714, 0.063442, -0.019092, -0.001222, -0.117440, 0.000876, -0.037740, 
575, -0.316436, 1.498806, -1.216358, 0.954966, -0.060982, 0.000675, 0.013446, -0.955178, 0.065781, -0.017745, -0.000530, -0.110200, 0.001986, 0.070553, 
576, -0.320101, 1.499065, -1.216435, 0.954966, -0.061426, 0.000675, 0.013446, -0.935719, 0.071480, -0.016501, -0.000493, -0.101437, 0.001215, 0.061058, 
577, -0.323671, 1.499338, -1.216507, 0.954967, -0.061841, 0.000674, 0.013422, -0.913361, 0.070180, -0.015344, -0.000467, -0.094359, 0.000144, -0.001082, 
578, -0.327145, 1.499625, -1.216573, 0.954967, -0.062227, 0.000674, 0.013422, -0.890683, 0.074062, -0.015776, -0.000392, -0.088813, 0.000108, -0.044591, 
579, -0.330518, 1.499925, -1.216635, 0.954968, -0.062584, 0.000674, 0.013422, -0.861952, 0.074342, -0.014637, -0.000314, -0.079384, 0.000050, -0.050601, 
580, -0.333787, 1.500238, -1.216693, 0.954968, -0.062918, 0.000674, 0.013422, -0.831982, 0.078168, -0.013998, 0.000248, -0.075420, -0.001024, -0.035937, 
581, -0.336940, 1.500562, -1.216745, 0.954968, -0.063227, 0.000674, 0.013446, -0.794751, 0.078215, -0.012907, -0.003806, -0.067351, -0.001120, 0.076322, 
582, -0.339977, 1.500900, -1.216794, 0.954968, -0.063516, 0.000674, 0.013422, -0.770639, 0.082397, -0.011497, -0.002891, -0.063160, -0.001741, -0.074399, 
583, -0.342891, 1.501251, -1.216838, 0.954969, -0.063784, 0.000674, 0.013422, -0.742369, 0.087053, -0.010033, -0.002713, -0.061276, -0.001619, -0.034255, 
584, -0.345677, 1.501615, -1.216878, 0.954969, -0.064033, 0.000674, 0.013422, -0.710443, 0.089924, -0.009111, -0.002970, -0.058716, -0.001733, -0.025841, 
585, -0.348333, 1.501996, -1.216913, 0.954969, -0.064265, 0.000674, 0.013446, -0.676855, 0.096951, -0.007781, -0.002660, -0.054810, -0.000895, 0.056611, 
586, -0.350858, 1.502392, -1.216946, 0.954970, -0.064480, 0.000674, 0.013446, -0.641441, 0.100750, -0.008070, -0.002491, -0.052172, -0.000967, 0.068269, 
587, -0.353253, 1.502805, -1.216975, 0.954970, -0.064681, 0.000674, 0.013446, -0.603235, 0.105905, -0.008026, -0.002316, -0.051093, -0.001001, 0.070913, 
588, -0.355514, 1.503236, -1.217003, 0.954970, -0.064867, 0.000674, 0.013422, -0.566596, 0.115085, -0.007523, -0.002154, -0.048783, -0.000939, -0.010457, 
589, -0.357643, 1.503681, -1.217028, 0.954970, -0.065040, 0.000674, 0.013422, -0.531514, 0.116606, -0.007821, -0.002003, -0.044242, -0.001792, -0.021394, 
590, -0.359639, 1.504143, -1.217052, 0.954971, -0.065201, 0.000674, 0.013446, -0.496094, 0.120650, -0.008082, -0.001946, -0.041140, -0.002231, 0.051322, 
591, -0.361504, 1.504622, -1.217074, 0.954971, -0.065350, 0.000674, 0.013422, -0.463292, 0.124709, -0.007818, -0.002299, -0.038256, -0.002369, -0.016587, 
592, -0.363238, 1.505117, -1.217094, 0.954971, -0.065488, 0.000674, 0.013422, -0.428897, 0.130177, -0.006773, -0.004211, -0.033922, -0.001217, -0.002163, 
593, -0.364847, 1.505628, -1.217113, 0.954972, -0.065617, 0.000674, 0.013422, -0.394579, 0.133619, -0.006298, -0.000612, -0.031544, -0.000348, -0.001683, 
594, -0.366339, 1.506153, -1.217130, 0.954973, -0.065736, 0.000675, 0.013422, -0.366459, 0.139398, -0.008342, 0.001495, -0.031582, 0.000536, -0.002885, 
595, -0.367721, 1.506692, -1.217146, 0.954974, -0.065845, 0.000674, 0.013446, -0.342814, 0.141115, -0.007631, 0.001787, -0.029848, -0.000117, 0.071514, 
596, -0.368993, 1.507243, -1.217160, 0.954975, -0.065946, 0.000675, 0.013446, -0.313023, 0.142838, -0.008040, 0.002209, -0.027646, 0.000110, 0.052163, 
597, -0.370156, 1.507806, -1.217173, 0.954975, -0.066037, 0.000675, 0.013446, -0.282793, 0.144119, -0.007468, -0.000684, -0.025699, 0.000827, 0.071394, 
598, -0.371211, 1.508382, -1.217185, 0.954977, -0.066120, 0.000675, 0.013422, -0.253772, 0.144473, -0.006944, 0.000417, -0.022237, 0.001376, -0.010577, 
599, -0.372154, 1.508968, -1.217196, 0.954978, -0.066195, 0.000675, 0.013422, -0.225125, 0.147245, -0.007115, -0.002781, -0.021858, 0.002645, -0.069712, 
600, -0.372986, 1.509568, -1.217206, 0.954979, -0.066262, 0.000675, 0.013422, -0.195766, 0.149237, -0.006312, -0.002502, -0.019179, 0.001617, -0.012139, 
601, -0.373704, 1.510181, -1.217216, 0.954980, -0.066318, 0.000675, 0.013422, -0.165254, 0.153647, -0.007522, -0.002756, -0.014262, 0.001478, 0.000000, 
602, -0.374311, 1.510813, -1.217224, 0.954981, -0.066364, 0.000675, 0.013446, -0.138769, 0.162038, -0.006902, -0.001771, -0.009116, 0.000532, 0.073678, 
603, -0.374802, 1.511466, -1.217230, 0.954983, -0.066397, 0.000675, 0.013422, -0.109059, 0.171053, -0.004800, -0.001613, -0.003589, 0.000840, -0.035216, 
604, -0.375181, 1.512142, -1.217236, 0.954984, -0.066416, 0.000675, 0.013422, -0.085680, 0.177254, -0.003073, -0.002427, 0.000118, 0.001641, -0.006130, 
605, -0.375447, 1.512843, -1.217240, 0.954985, -0.066420, 0.000676, 0.013422, -0.063046, 0.181166, -0.002369, -0.002257, 0.002511, 0.002402, -0.017909, 
606, -0.375602, 1.513566, -1.217241, 0.954988, -0.066407, 0.000675, 0.013422, -0.037112, 0.183966, -0.000652, -0.002022, 0.008773, 0.001012, -0.035337, 
607, -0.375649, 1.514309, -1.217241, 0.954994, -0.066381, 0.000675, 0.013422, -0.014454, 0.188591, -0.000429, -0.000718, 0.012515, 0.000326, -0.034375, 
608, -0.375593, 1.515065, -1.217238, 0.955001, -0.066340, 0.000675, 0.013422, 0.014865, 0.190074, -0.002026, 0.000993, 0.016508, -0.000894, -0.006250, 
609, -0.375441, 1.515834, -1.217232, 0.955009, -0.066286, 0.000675, 0.013422, 0.038623, 0.195168, -0.000771, 0.002238, 0.018545, -0.001472, -0.027524, 
610, -0.375199, 1.516610, -1.217224, 0.955019, -0.066214, 0.000675, 0.013422, 0.060640, 0.198520, -0.000490, 0.002401, 0.025334, -0.000880, -0.028365, 
611, -0.374867, 1.517393, -1.217214, 0.955029, -0.066127, 0.000675, 0.013446, 0.089548, 0.198603, -0.000337, 0.004146, 0.031681, -0.002470, 0.056490, 
612, -0.374453, 1.518185, -1.217202, 0.955039, -0.066022, 0.000675, 0.013422, 0.112562, 0.200483, -0.000566, 0.003509, 0.035216, -0.002297, -0.035817, 
613, -0.373956, 1.518978, -1.217188, 0.955049, -0.065900, 0.000675, 0.013422, 0.135386, 0.200799, -0.000046, 0.003398, 0.037365, -0.002136, -0.057692, 
614, -0.373369, 1.519773, -1.217172, 0.955058, -0.065760, 0.000676, 0.013446, 0.160604, 0.201800, 0.000648, 0.003152, 0.040214, -0.001548, 0.057332, 
615, -0.372686, 1.520567, -1.217153, 0.955068, -0.065601, 0.000676, 0.013422, 0.190324, 0.200638, 0.001816, 0.005484, 0.046428, -0.000967, -0.000120, 
616, -0.371901, 1.521363, -1.217131, 0.955077, -0.065421, 0.000676, 0.013422, 0.216587, 0.201082, 0.001773, 0.008302, 0.050960, -0.000899, -0.013702, 
617, -0.371005, 1.522156, -1.217104, 0.955087, -0.065219, 0.000676, 0.013422, 0.248651, 0.203492, 0.003149, 0.011023, 0.055148, -0.000836, -0.000721, 
618, -0.369988, 1.522944, -1.217072, 0.955097, -0.064992, 0.000676, 0.013422, 0.282891, 0.199868, 0.003939, 0.011969, 0.062034, -0.000778, -0.039303, 
619, -0.368857, 1.523728, -1.217035, 0.955107, -0.064739, 0.000676, 0.013422, 0.307872, 0.199624, 0.007000, 0.009900, 0.069761, -0.000723, -0.002644, 
620, -0.367601, 1.524494, -1.216990, 0.955118, -0.064461, 0.000677, 0.013422, 0.330519, 0.193705, 0.012265, 0.009239, 0.076886, -0.000554, -0.000481, 
621, -0.366219, 1.525248, -1.216940, 0.955129, -0.064158, 0.000677, 0.013422, 0.356947, 0.190907, 0.013478, 0.008153, 0.080849, -0.000516, -0.048678, 
622, -0.364717, 1.525989, -1.216882, 0.955140, -0.063831, 0.000677, 0.013446, 0.380780, 0.185186, 0.016241, 0.006823, 0.086743, -0.000479, 0.061779, 
623, -0.363102, 1.526719, -1.216816, 0.955151, -0.063484, 0.000677, 0.013422, 0.400919, 0.181447, 0.017706, 0.009412, 0.090301, -0.000446, -0.008534, 
624, -0.361378, 1.527436, -1.216740, 0.955160, -0.063120, 0.000677, 0.013446, 0.420338, 0.178319, 0.019785, 0.007606, 0.094554, -0.000415, 0.049038, 
625, -0.359560, 1.528143, -1.216656, 0.955169, -0.062740, 0.000677, 0.013446, 0.440013, 0.175811, 0.021634, 0.006635, 0.097624, -0.000386, 0.061899, 
626, -0.357655, 1.528836, -1.216563, 0.955177, -0.062347, 0.000677, 0.013422, 0.456075, 0.172388, 0.022679, 0.003001, 0.105089, -0.000358, -0.005168, 
627, -0.355674, 1.529520, -1.216463, 0.955187, -0.061945, 0.000677, 0.013446, 0.473944, 0.168627, 0.024485, 0.006094, 0.111136, -0.000333, 0.086178, 
628, -0.353619, 1.530191, -1.216355, 0.955197, -0.061536, 0.000677, 0.013422, 0.493257, 0.166516, 0.026257, 0.007782, 0.109083, -0.000310, -0.008654, 
629, -0.351495, 1.530850, -1.216239, 0.955210, -0.061119, 0.000678, 0.013422, 0.520409, 0.163614, 0.028722, 0.007363, 0.107806, -0.000288, -0.033293, 
630, -0.349311, 1.531496, -1.216118, 0.955227, -0.060690, 0.000678, 0.013446, 0.542430, 0.160557, 0.031410, 0.010748, 0.112003, -0.000268, 0.074159, 
631, -0.347063, 1.532129, -1.215994, 0.955249, -0.060250, 0.000678, 0.013422, 0.564812, 0.156989, 0.030826, 0.010947, 0.117852, -0.000249, -0.019952, 
632, -0.344740, 1.532748, -1.215867, 0.955275, -0.059799, 0.000678, 0.013422, 0.596327, 0.153087, 0.032684, 0.010853, 0.119584, -0.000232, -0.008293, 
633, -0.342329, 1.533353, -1.215741, 0.955306, -0.059335, 0.000678, 0.013446, 0.629997, 0.149727, 0.033064, 0.010986, 0.129368, -0.000216, 0.078486, 
634, -0.339815, 1.533947, -1.215615, 0.955341, -0.058855, 0.000678, 0.013446, 0.660835, 0.147572, 0.033552, 0.009845, 0.135146, -0.000200, 0.076923, 
635, -0.337179, 1.534533, -1.215488, 0.955380, -0.058359, 0.000678, 0.013422, 0.698957, 0.145867, 0.034689, 0.010553, 0.137788, -0.000186, -0.018389, 
636, -0.334415, 1.535115, -1.215360, 0.955421, -0.057844, 0.000678, 0.013446, 0.733842, 0.144328, 0.035897, 0.010479, 0.139622, -0.000173, -0.029567, 
637, -0.331516, 1.535694, -1.215230, 0.955462, -0.057313, 0.000678, 0.013422, 0.767814, 0.142497, 0.035394, 0.010815, 0.143164, -0.000161, -0.016226, 
638, -0.328493, 1.536269, -1.215099, 0.955503, -0.056769, 0.000678, 0.013446, 0.808877, 0.142766, 0.036309, 0.009315, 0.146526, -0.000150, 0.033894, 
639, -0.325374, 1.536845, -1.214969, 0.955542, -0.056213, 0.000678, 0.013422, 0.840630, 0.143990, 0.036190, 0.008274, 0.151000, -0.000139, -0.035216, 
640, -0.322177, 1.537420, -1.214840, 0.955581, -0.055649, 0.000678, 0.013422, 0.860787, 0.143029, 0.035582, 0.007955, 0.149396, -0.000130, -0.050962, 
641, -0.318918, 1.537999, -1.214713, 0.955617, -0.055078, 0.000678, 0.013446, 0.876051, 0.143741, 0.035439, 0.007086, 0.149708, -0.000120, 0.032091, 
642, -0.315615, 1.538581, -1.214589, 0.955654, -0.054505, 0.000678, 0.013422, 0.885643, 0.144955, 0.035288, 0.007305, 0.148523, -0.000112, -0.078606, 
643, -0.312276, 1.539167, -1.214470, 0.955690, -0.053930, 0.000678, 0.013446, 0.897924, 0.146379, 0.033353, 0.007046, 0.145197, -0.000104, 0.031250, 
644, -0.308889, 1.539751, -1.214357, 0.955726, -0.053349, 0.000678, 0.013446, 0.923014, 0.145146, 0.030113, 0.006771, 0.144994, -0.000097, 0.042668, 
645, -0.305438, 1.540335, -1.214249, 0.955760, -0.052761, 0.000678, 0.013446, 0.936088, 0.144352, 0.028044, 0.003937, 0.148691, -0.000090, 0.039663, 
646, -0.301903, 1.540914, -1.214148, 0.955793, -0.052164, 0.000678, 0.013446, 0.958721, 0.143977, 0.027140, 0.001664, 0.153131, -0.000084, 0.062740, 
647, -0.298269, 1.541490, -1.214053, 0.955824, -0.051554, 0.000678, 0.013446, 0.984469, 0.142605, 0.025237, 0.000308, 0.155911, -0.000078, 0.073918, 
648, -0.294543, 1.542063, -1.213965, 0.955854, -0.050932, 0.000678, 0.013446, 1.002597, 0.143486, 0.022776, 0.001483, 0.159390, -0.000072, 0.040385, 
649, -0.290729, 1.542632, -1.213883, 0.955881, -0.050296, 0.000678, 0.013422, 1.028547, 0.143626, 0.020244, -0.000787, 0.159145, -0.000067, -0.070312, 
650, -0.286855, 1.543200, -1.213806, 0.955906, -0.049649, 0.000678, 0.013422, 1.038612, 0.144570, 0.019634, -0.003622, 0.163838, -0.000063, -0.025962, 
651, -0.282944, 1.543767, -1.213735, 0.955929, -0.048996, 0.000678, 0.013446, 1.050282, 0.142760, 0.018063, -0.003368, 0.164915, -0.000058, 0.000000, 
652, -0.279018, 1.544335, -1.213669, 0.955950, -0.048344, 0.000678, 0.013446, 1.050641, 0.142277, 0.016797, -0.003267, 0.160794, 0.000190, -0.001202, 
653, -0.275089, 1.544906, -1.213608, 0.955968, -0.047695, 0.000678, 0.013446, 1.057557, 0.143131, 0.016909, -0.004276, 0.160383, 0.000194, 0.006611, 
654, -0.271169, 1.545479, -1.213551, 0.955984, -0.047054, 0.000678, 0.013446, 1.064198, 0.146617, 0.015723, -0.004971, 0.157961, 0.000197, 0.020312, 
655, -0.267245, 1.546052, -1.213499, 0.955998, -0.046422, 0.000678, 0.013446, 1.067366, 0.145956, 0.014621, -0.004622, 0.156299, 0.000529, 0.006010, 
656, -0.263304, 1.546623, -1.213450, 0.956010, -0.045796, 0.000678, 0.013446, 1.078991, 0.145726, 0.012011, -0.003152, 0.155528, 0.001199, 0.033654, 
657, -0.259332, 1.547190, -1.213405, 0.956019, -0.045178, 0.000678, 0.013446, 1.078711, 0.143855, 0.011169, -0.003968, 0.154037, 0.001208, 0.014543, 
658, -0.255310, 1.547753, -1.213362, 0.956026, -0.044566, 0.000678, 0.013446, 1.073201, 0.142449, 0.011263, -0.003698, 0.153139, 0.001267, 0.002404, 
659, -0.251231, 1.548312, -1.213323, 0.956032, -0.043961, 0.000678, 0.013446, 1.076951, 0.139920, 0.009032, -0.002680, 0.152051, 0.001220, 0.044832, 
660, -0.247118, 1.548868, -1.213287, 0.956038, -0.043362, 0.000678, 0.013422, 1.069162, 0.143302, 0.008491, -0.002492, 0.150230, 0.001134, -0.072356, 
661, -0.242992, 1.549419, -1.213253, 0.956044, -0.042773, 0.000678, 0.013446, 1.058313, 0.141475, 0.008536, -0.000809, 0.147475, 0.001055, 0.001322, 
662, -0.238872, 1.549967, -1.213221, 0.956049, -0.042199, 0.000678, 0.013446, 1.047138, 0.143034, 0.008958, -0.000752, 0.143329, 0.000981, 0.009135, 
663, -0.234785, 1.550512, -1.213191, 0.956054, -0.041645, 0.000678, 0.013422, 1.025100, 0.143067, 0.009324, 0.000059, 0.137957, 0.000912, -0.055048, 
664, -0.230744, 1.551053, -1.213164, 0.956058, -0.041114, 0.000678, 0.013446, 1.007657, 0.140469, 0.008670, 0.000071, 0.132321, 0.000848, 0.032091, 
665, -0.226766, 1.551592, -1.213139, 0.956063, -0.040608, 0.000678, 0.013446, 0.980845, 0.141285, 0.008062, 0.000555, 0.126221, 0.000789, 0.010216, 
666, -0.222847, 1.552125, -1.213116, 0.956066, -0.040130, 0.000678, 0.013446, 0.958054, 0.138137, 0.007497, 0.001275, 0.118349, 0.000733, 0.044591, 
667, -0.218973, 1.552652, -1.213095, 0.956070, -0.039676, 0.000678, 0.013422, 0.947318, 0.134102, 0.006719, 0.001556, 0.113278, 0.000682, -0.061178, 
668, -0.215133, 1.553170, -1.213075, 0.956073, -0.039247, 0.000678, 0.013446, 0.936820, 0.132617, 0.006248, -0.000963, 0.106752, 0.000634, 0.038942, 
669, -0.211320, 1.553674, -1.213057, 0.956075, -0.038837, 0.000678, 0.013446, 0.923065, 0.127967, 0.006256, -0.000896, 0.101147, 0.000590, 0.004447, 
670, -0.207528, 1.554162, -1.213040, 0.956077, -0.038446, 0.000678, 0.013422, 0.911032, 0.122315, 0.006197, 0.004004, 0.096263, 0.000548, -0.093389, 
671, -0.203752, 1.554634, -1.213025, 0.956077, -0.038074, 0.000678, 0.013446, 0.904166, 0.122191, 0.005754, 0.004516, 0.092185, 0.000510, -0.016587, 
672, -0.200012, 1.555088, -1.213011, 0.956075, -0.037721, 0.000678, 0.013446, 0.888208, 0.115752, 0.005325, 0.003702, 0.086303, 0.000474, 0.022837, 
673, -0.196314, 1.555526, -1.212999, 0.956069, -0.037389, 0.000678, 0.013446, 0.873437, 0.113215, 0.004952, 0.002937, 0.081314, 0.000441, 0.000000, 
674, -0.192681, 1.555950, -1.212989, 0.956056, -0.037081, 0.000678, 0.013446, 0.847988, 0.110304, 0.004327, -0.000480, 0.075596, 0.000410, 0.035457, 
675, -0.189131, 1.556359, -1.212981, 0.956037, -0.036794, 0.000678, 0.013422, 0.822460, 0.106767, 0.003341, -0.003370, 0.070313, 0.000381, -0.085096, 
676, -0.185678, 1.556754, -1.212977, 0.956009, -0.036528, 0.000678, 0.013446, 0.792226, 0.101224, 0.001126, -0.006817, 0.065392, 0.000355, 0.032812, 
677, -0.182333, 1.557135, -1.212978, 0.955971, -0.036280, 0.000678, 0.013422, 0.773136, 0.099002, 0.000129, -0.009920, 0.060807, 0.000330, -0.082452, 
678, -0.179108, 1.557503, -1.212986, 0.955920, -0.036049, 0.000678, 0.013422, 0.745997, 0.095975, -0.002291, -0.013952, 0.056544, 0.000307, -0.074159, 
679, -0.176008, 1.557859, -1.213007, 0.955858, -0.035835, 0.000678, 0.013422, 0.721949, 0.090270, -0.007346, -0.015173, 0.052579, 0.000285, -0.074279, 
680, -0.173039, 1.558202, -1.213043, 0.955786, -0.035636, 0.000678, 0.013446, 0.692222, 0.085740, -0.011913, -0.017253, 0.048893, 0.000265, 0.034615, 
681, -0.170202, 1.558532, -1.213099, 0.955705, -0.035450, 0.000678, 0.013446, 0.659009, 0.083251, -0.017987, -0.020695, 0.045465, 0.000247, 0.001803, 
682, -0.167496, 1.558848, -1.213176, 0.955617, -0.035278, 0.000678, 0.013446, 0.634909, 0.079525, -0.023957, -0.021258, 0.042277, 0.000229, 0.030649, 
683, -0.164922, 1.559152, -1.213275, 0.955522, -0.035118, 0.000678, 0.013446, 0.607029, 0.078925, -0.029819, -0.022649, 0.039313, 0.000213, -0.000361, 
684, -0.162473, 1.559444, -1.213398, 0.955421, -0.034969, 0.000678, 0.013446, 0.578567, 0.076396, -0.034681, -0.027306, 0.036557, 0.000198, 0.004567, 
685, -0.160146, 1.559727, -1.213547, 0.955314, -0.034830, 0.000678, 0.013446, 0.552202, 0.075236, -0.041535, -0.031122, 0.033994, 0.000184, 0.000240, 
686, -0.157937, 1.560003, -1.213722, 0.955197, -0.034701, 0.000678, 0.013446, 0.522250, 0.072224, -0.046772, -0.031788, 0.031610, 0.000171, 0.007091, 
687, -0.155842, 1.560272, -1.213927, 0.955069, -0.034581, 0.000679, 0.013446, 0.500752, 0.068829, -0.053234, -0.034093, 0.029074, 0.001811, 0.000601, 
688, -0.153858, 1.560535, -1.214164, 0.954925, -0.034470, 0.000679, 0.013446, 0.475326, 0.066485, -0.062968, -0.038453, 0.026909, 0.000934, -0.000361, 
689, -0.151982, 1.560792, -1.214433, 0.954764, -0.034366, 0.000679, 0.013446, 0.453612, 0.066294, -0.071784, -0.043762, 0.025022, 0.001113, 0.012981, 
690, -0.150212, 1.561043, -1.214737, 0.954583, -0.034271, 0.000680, 0.013422, 0.428002, 0.067170, -0.081742, -0.051438, 0.022990, 0.001338, -0.075361, 
691, -0.148547, 1.561292, -1.215075, 0.954380, -0.034182, 0.000680, 0.013446, 0.404879, 0.066754, -0.090008, -0.057245, 0.019752, -0.000079, 0.074519, 
692, -0.146986, 1.561539, -1.215447, 0.954152, -0.034099, 0.000680, 0.013446, 0.377731, 0.065958, -0.098655, -0.065012, 0.018367, -0.000014, -0.025000, 
693, -0.145527, 1.561787, -1.215858, 0.953899, -0.034022, 0.000680, 0.013446, 0.351391, 0.068042, -0.112325, -0.072673, 0.017079, -0.000013, 0.008173, 
694, -0.144164, 1.562035, -1.216311, 0.953620, -0.033951, 0.000680, 0.013446, 0.330083, 0.065896, -0.124675, -0.079417, 0.015882, -0.000012, 0.007091, 
695, -0.142897, 1.562286, -1.216810, 0.953311, -0.033885, 0.000681, 0.013446, 0.306932, 0.067200, -0.138577, -0.088866, 0.014768, -0.000011, 0.018510, 
696, -0.141719, 1.562543, -1.217356, 0.952969, -0.033823, 0.000681, 0.013446, 0.285412, 0.066251, -0.152094, -0.098377, 0.013733, -0.000011, 0.000000, 
697, -0.140624, 1.562809, -1.217951, 0.952591, -0.033766, 0.000681, 0.013446, 0.265401, 0.070223, -0.161436, -0.109505, 0.012770, -0.000010, 0.010697, 
698, -0.139605, 1.563084, -1.218600, 0.952177, -0.033712, 0.000681, 0.013446, 0.246793, 0.073368, -0.177446, -0.119254, 0.011875, -0.000009, 0.000361, 
699, -0.138658, 1.563373, -1.219306, 0.951726, -0.033662, 0.000682, 0.013446, 0.229490, 0.077287, -0.192291, -0.131067, 0.010739, -0.000008, 0.004447, 
700, -0.137777, 1.563678, -1.220074, 0.951234, -0.033616, 0.000682, 0.013446, 0.213560, 0.078926, -0.213477, -0.142633, 0.009455, -0.000008, 0.000120, 
701, -0.136958, 1.564000, -1.220903, 0.950704, -0.033573, 0.000682, 0.013422, 0.198781, 0.083463, -0.231046, -0.149706, 0.009062, -0.000007, -0.093630, 
702, -0.136197, 1.564341, -1.221796, 0.950133, -0.033533, 0.000682, 0.013422, 0.181532, 0.089063, -0.252119, -0.154496, 0.009058, -0.000007, -0.088462, 
703, -0.135488, 1.564702, -1.222762, 0.949520, -0.033495, 0.000682, 0.013446, 0.168805, 0.089948, -0.268799, -0.162490, 0.008423, -0.000006, 0.001322, 
704, -0.134830, 1.565086, -1.223806, 0.948863, -0.033460, 0.000683, 0.013446, 0.156894, 0.095018, -0.291136, -0.171035, 0.007833, -0.000006, 0.007572, 
705, -0.134217, 1.565492, -1.224926, 0.948162, -0.033428, 0.000683, 0.013446, 0.145894, 0.101422, -0.310819, -0.178999, 0.007283, -0.000005, 0.014062, 
706, -0.133647, 1.565922, -1.226134, 0.947413, -0.033398, 0.000683, 0.013446, 0.133322, 0.106732, -0.340667, -0.195522, 0.006773, -0.000005, 0.001563, 
707, -0.133118, 1.566375, -1.227431, 0.946617, -0.033370, 0.000683, 0.013446, 0.119230, 0.111755, -0.368852, -0.206841, 0.006298, -0.000005, 0.011178, 
708, -0.132623, 1.566849, -1.228816, 0.945775, -0.033344, 0.000683, 0.013446, 0.112219, 0.116062, -0.395861, -0.222684, 0.005856, -0.000004, 0.031731, 
709, -0.132160, 1.567345, -1.230293, 0.944880, -0.033320, 0.000683, 0.013422, 0.104773, 0.121189, -0.424340, -0.241024, 0.005067, -0.000004, -0.060938, 
710, -0.131727, 1.567862, -1.231853, 0.943937, -0.033297, 0.000683, 0.013446, 0.099820, 0.127031, -0.445824, -0.255886, 0.006178, -0.000004, 0.003005, 
711, -0.131320, 1.568398, -1.233502, 0.942944, -0.033276, 0.000683, 0.013446, 0.096748, 0.134683, -0.457181, -0.270743, 0.004885, -0.000004, 0.039663, 
712, -0.130934, 1.568952, -1.235237, 0.941906, -0.033256, 0.000684, 0.013446, 0.093808, 0.139263, -0.485245, -0.285173, 0.005233, 0.000882, 0.016226, 
713, -0.130566, 1.569523, -1.237060, 0.940822, -0.033237, 0.000684, 0.013446, 0.093248, 0.142253, -0.498600, -0.291193, 0.005170, 0.000820, 0.021755, 
714, -0.130211, 1.570109, -1.238985, 0.939681, -0.033221, 0.000685, 0.013422, 0.089996, 0.146672, -0.523852, -0.306448, 0.003316, 0.000762, -0.076803, 
715, -0.129866, 1.570704, -1.241005, 0.938487, -0.033205, 0.000685, 0.013422, 0.086105, 0.148326, -0.535216, -0.316243, 0.003833, 0.000810, -0.093750, 
716, -0.129524, 1.571305, -1.243113, 0.937239, -0.033190, 0.000686, 0.013446, 0.083203, 0.151123, -0.543298, -0.323034, 0.002680, 0.000753, 0.000000, 
717, -0.129183, 1.571916, -1.245302, 0.935944, -0.033176, 0.000687, 0.013446, 0.084330, 0.155064, -0.551209, -0.328498, 0.003899, -0.000193, 0.000000, 
718, -0.128839, 1.572537, -1.247553, 0.934607, -0.033164, 0.000688, 0.013464, 0.086979, 0.159116, -0.561169, -0.342949, 0.003626, -0.000179, 0.056611, 
719, -0.128490, 1.573170, -1.249860, 0.933237, -0.033152, 0.000689, 0.013446, 0.089788, 0.162273, -0.574240, -0.347960, 0.003372, -0.000167, 0.000120, 
720, -0.128130, 1.573815, -1.252224, 0.931832, -0.033141, 0.000690, 0.013446, 0.091549, 0.166911, -0.579669, -0.363103, 0.003135, -0.000155, -0.016466, 
721, -0.127756, 1.574465, -1.254654, 0.930395, -0.033131, 0.000692, 0.013446, 0.096962, 0.168266, -0.589050, -0.375549, 0.002915, -0.000144, -0.000240, 
722, -0.127367, 1.575129, -1.257178, 0.928928, -0.033122, 0.000693, 0.013446, 0.099568, 0.170327, -0.622480, -0.386424, 0.003764, -0.000134, -0.021274, 
723, -0.126962, 1.575801, -1.259816, 0.927438, -0.033114, 0.000695, 0.013446, 0.101309, 0.171897, -0.670850, -0.397606, 0.003264, -0.000125, -0.023438, 
724, -0.126535, 1.576482, -1.262569, 0.925924, -0.033106, 0.000696, 0.013464, 0.108321, 0.175540, -0.707638, -0.406824, 0.003036, -0.000116, 0.084615, 
725, -0.126088, 1.577170, -1.265444, 0.924391, -0.033099, 0.000697, 0.013464, 0.118339, 0.175144, -0.754125, -0.414377, 0.002823, -0.000108, 0.069591, 
726, -0.125620, 1.577866, -1.268444, 0.922848, -0.033092, 0.000699, 0.013446, 0.125783, 0.176339, -0.797790, -0.421678, 0.002625, -0.000092, 0.005649, 
727, -0.125131, 1.578570, -1.271573, 0.921301, -0.033086, 0.000700, 0.013446, 0.134720, 0.178613, -0.830684, -0.423250, 0.002441, -0.000085, -0.003005, 
728, -0.124623, 1.579286, -1.274821, 0.919754, -0.033080, 0.000702, 0.013446, 0.139583, 0.178103, -0.852027, -0.421915, 0.002295, -0.000079, -0.008894, 
729, -0.124098, 1.580018, -1.278154, 0.918209, -0.033075, 0.000703, 0.013464, 0.143330, 0.180843, -0.870112, -0.422325, 0.001620, 0.000036, 0.067428, 
730, -0.123551, 1.580773, -1.281544, 0.916683, -0.033070, 0.000705, 0.013446, 0.150767, 0.190036, -0.873472, -0.413176, 0.001599, 0.000033, -0.000841, 
731, -0.122984, 1.581553, -1.284987, 0.915174, -0.033066, 0.000706, 0.013446, 0.154320, 0.198496, -0.872399, -0.404331, 0.001487, 0.000031, -0.000240, 
732, -0.122394, 1.582360, -1.288496, 0.913677, -0.033061, 0.000708, 0.013446, 0.156385, 0.205006, -0.880006, -0.398550, 0.001383, 0.000517, 0.010457, 
733, -0.121770, 1.583192, -1.292077, 0.912187, -0.033057, 0.000710, 0.013446, 0.160572, 0.212888, -0.907278, -0.392626, 0.001286, 0.000928, 0.013702, 
734, -0.121112, 1.584047, -1.295748, 0.910692, -0.033054, 0.000712, 0.013464, 0.168848, 0.218477, -0.943981, -0.388508, 0.001196, 0.000863, 0.104687, 
735, -0.120416, 1.584923, -1.299523, 0.909188, -0.033050, 0.000715, 0.013464, 0.181313, 0.224964, -0.972701, -0.387258, 0.001381, 0.000802, 0.058534, 
736, -0.119679, 1.585818, -1.303419, 0.907675, -0.033047, 0.000718, 0.013446, 0.191758, 0.228662, -1.012022, -0.383980, 0.001529, 0.000746, -0.024639, 
737, -0.118896, 1.586728, -1.307448, 0.906159, -0.033044, 0.000720, 0.013464, 0.205970, 0.232134, -1.060586, -0.378699, 0.001523, 0.000694, 0.063221, 
738, -0.118074, 1.587645, -1.311595, 0.904642, -0.033042, 0.000723, 0.013446, 0.216793, 0.235910, -1.074296, -0.376501, -0.000059, 0.000645, -0.010937, 
739, -0.117217, 1.588564, -1.315831, 0.903132, -0.033039, 0.000726, 0.013422, 0.226487, 0.234492, -1.104328, -0.369831, -0.000729, 0.000600, -0.099399, 
740, -0.116326, 1.589486, -1.320086, 0.901633, -0.033037, 0.000728, 0.013446, 0.239158, 0.238179, -1.104682, -0.367699, -0.000871, 0.000482, -0.035817, 
741, -0.115399, 1.590413, -1.324348, 0.900157, -0.033035, 0.000731, 0.013446, 0.251758, 0.239488, -1.097090, -0.361200, -0.000077, 0.000145, -0.015625, 
742, -0.114433, 1.591353, -1.328619, 0.898700, -0.033033, 0.000733, 0.013446, 0.263424, 0.247616, -1.105333, -0.355856, 0.001184, 0.000135, -0.002764, 
743, -0.113432, 1.592306, -1.332910, 0.897245, -0.033031, 0.000736, 0.013446, 0.272064, 0.251811, -1.126178, -0.362423, 0.001758, 0.000125, -0.034976, 
744, -0.112402, 1.593277, -1.337244, 0.895773, -0.033029, 0.000738, 0.013446, 0.277410, 0.257996, -1.121857, -0.375111, 0.000017, 0.000116, -0.004087, 
745, -0.111340, 1.594267, -1.341635, 0.894269, -0.033028, 0.000741, 0.013446, 0.278227, 0.261767, -1.128128, -0.390533, 0.000412, -0.000043, -0.026563, 
746, -0.110244, 1.595281, -1.346108, 0.892733, -0.033026, 0.000743, 0.013446, 0.283900, 0.268260, -1.142706, -0.399252, 0.000383, -0.000428, -0.005649, 
747, -0.109114, 1.596318, -1.350680, 0.891165, -0.033024, 0.000745, 0.013446, 0.290211, 0.272277, -1.148122, -0.408212, 0.000356, -0.000398, -0.006490, 
748, -0.107959, 1.597378, -1.355328, 0.889566, -0.033023, 0.000748, 0.013446, 0.292515, 0.273255, -1.146442, -0.418153, 0.000331, -0.000370, -0.001322, 
749, -0.106783, 1.598461, -1.359974, 0.887945, -0.033022, 0.000750, 0.013446, 0.292526, 0.275944, -1.131026, -0.422746, -0.000349, -0.000344, -0.001082, 
750, -0.105586, 1.599568, -1.364579, 0.886321, -0.033020, 0.000752, 0.013464, 0.301595, 0.281385, -1.115334, -0.422887, -0.000300, -0.000320, 0.070673, 
751, -0.104369, 1.600700, -1.369138, 0.884706, -0.033019, 0.000754, 0.013446, 0.306480, 0.283621, -1.095888, -0.419706, -0.000279, -0.000298, 0.000000, 
752, -0.103129, 1.601865, -1.373659, 0.883090, -0.033017, 0.000756, 0.013446, 0.312009, 0.288625, -1.076676, -0.427510, 0.000179, -0.000277, -0.000120, 
753, -0.101868, 1.603067, -1.378171, 0.881459, -0.033015, 0.000757, 0.013446, 0.316771, 0.301077, -1.068098, -0.435314, 0.000318, -0.000257, -0.026803, 
754, -0.100590, 1.604303, -1.382694, 0.879803, -0.033013, 0.000759, 0.013446, 0.322429, 0.308421, -1.094554, -0.442462, 0.000296, -0.000239, -0.000481, 
755, -0.099287, 1.605573, -1.387255, 0.878122, -0.033012, 0.000760, 0.013464, 0.329941, 0.317972, -1.112994, -0.448443, -0.000610, -0.000223, 0.056370, 
756, -0.097956, 1.606874, -1.391887, 0.876421, -0.033010, 0.000761, 0.013464, 0.346667, 0.323715, -1.148437, -0.454990, -0.000542, -0.000207, 0.035577, 
757, -0.096598, 1.608204, -1.396597, 0.874704, -0.033009, 0.000763, 0.013464, 0.355480, 0.325537, -1.188372, -0.460758, -0.000504, -0.000192, 0.053005, 
758, -0.095215, 1.609564, -1.401353, 0.872969, -0.033007, 0.000764, 0.013446, 0.360817, 0.325516, -1.207457, -0.468869, -0.000468, -0.000179, -0.025240, 
759, -0.093799, 1.610947, -1.406087, 0.871232, -0.033005, 0.000765, 0.013446, 0.375270, 0.332495, -1.194606, -0.470091, -0.000157, -0.000166, -0.013101, 
760, -0.092347, 1.612353, -1.410756, 0.869510, -0.033003, 0.000766, 0.013446, 0.383248, 0.335977, -1.184476, -0.467882, -0.000526, -0.000155, -0.004207, 
761, -0.090847, 1.613782, -1.415339, 0.867816, -0.033001, 0.000767, 0.013446, 0.398512, 0.347498, -1.148014, -0.459760, -0.000489, -0.000397, -0.024880, 
762, -0.089290, 1.615242, -1.419850, 0.866134, -0.033000, 0.000768, 0.013464, 0.416237, 0.354537, -1.125645, -0.458022, -0.000454, -0.000369, 0.070072, 
763, -0.087674, 1.616739, -1.424299, 0.864433, -0.032998, 0.000769, 0.013464, 0.430132, 0.369185, -1.107136, -0.466628, -0.000423, -0.000343, 0.058654, 
764, -0.086000, 1.618272, -1.428712, 0.862695, -0.032996, 0.000770, 0.013464, 0.436649, 0.378340, -1.112619, -0.478314, -0.000393, -0.000319, 0.067548, 
765, -0.084260, 1.619856, -1.433125, 0.860920, -0.032995, 0.000771, 0.013446, 0.446467, 0.389566, -1.120919, -0.489180, -0.000365, -0.000297, -0.001563, 
766, -0.082453, 1.621487, -1.437538, 0.859106, -0.032993, 0.000772, 0.013446, 0.459389, 0.399273, -1.133408, -0.490360, -0.000340, -0.000276, -0.007091, 
767, -0.080587, 1.623160, -1.441939, 0.857260, -0.032992, 0.000773, 0.013446, 0.468699, 0.409132, -1.143259, -0.487993, -0.000316, -0.000256, -0.017428, 
768, -0.078680, 1.624865, -1.446298, 0.855391, -0.032991, 0.000774, 0.013422, 0.469874, 0.417829, -1.123600, -0.496596, -0.000294, -0.000238, -0.119712, 
769, -0.076737, 1.626595, -1.450599, 0.853515, -0.032990, 0.000775, 0.013446, 0.482276, 0.429578, -1.093041, -0.497619, -0.000273, -0.000222, -0.035457, 
770, -0.074769, 1.628338, -1.454820, 0.851642, -0.032989, 0.000775, 0.013446, 0.490715, 0.426876, -1.074139, -0.503086, -0.000254, -0.000206, -0.014904, 
771, -0.072786, 1.630090, -1.458954, 0.849772, -0.032988, 0.000776, 0.013446, 0.498917, 0.427861, -1.056898, -0.502035, -0.000236, -0.000192, -0.016106, 
772, -0.070791, 1.631848, -1.462988, 0.847906, -0.032987, 0.000777, 0.013446, 0.499945, 0.427998, -1.033359, -0.506519, 0.000556, -0.000178, -0.010457, 
773, -0.068784, 1.633623, -1.466936, 0.846036, -0.032986, 0.000777, 0.013446, 0.506867, 0.430063, -1.010534, -0.505194, 0.002059, -0.000166, -0.036178, 
774, -0.066774, 1.635413, -1.470814, 0.844158, -0.032985, 0.000778, 0.013464, 0.498313, 0.435168, -0.994349, -0.504215, 0.001914, -0.000154, 0.014423, 
775, -0.064757, 1.637229, -1.474635, 0.842273, -0.032985, 0.000778, 0.013464, 0.500276, 0.440607, -0.986866, -0.513956, 0.001780, -0.000143, 0.041947, 
776, -0.062734, 1.639084, -1.478396, 0.840389, -0.032985, 0.000779, 0.013464, 0.499313, 0.454976, -0.970613, -0.513238, 0.001655, -0.000133, 0.047115, 
777, -0.060712, 1.640988, -1.482093, 0.838513, -0.032985, 0.000779, 0.013464, 0.495704, 0.464942, -0.957833, -0.508788, 0.002070, -0.000124, 0.017548, 
778, -0.058688, 1.642955, -1.485724, 0.836663, -0.032985, 0.000779, 0.013464, 0.492390, 0.484860, -0.944079, -0.498548, 0.001108, -0.000115, 0.048678, 
779, -0.056660, 1.644991, -1.489268, 0.834853, -0.032985, 0.000780, 0.013464, 0.485955, 0.505274, -0.913172, -0.483347, 0.000963, -0.000107, 0.051202, 
780, -0.054626, 1.647097, -1.492727, 0.833085, -0.032985, 0.000780, 0.013446, 0.487310, 0.517233, -0.884001, -0.465604, 0.000895, -0.000100, -0.043269, 
781, -0.052583, 1.649273, -1.496095, 0.831362, -0.032985, 0.000780, 0.013446, 0.483456, 0.540652, -0.856699, -0.453833, 0.000832, -0.000093, -0.042548, 
782, -0.050521, 1.651495, -1.499380, 0.829685, -0.032985, 0.000781, 0.013446, 0.494677, 0.550965, -0.829903, -0.443427, 0.000774, -0.000086, -0.033774, 
783, -0.048435, 1.653763, -1.502593, 0.828050, -0.032985, 0.000781, 0.013446, 0.506123, 0.571889, -0.808762, -0.428003, 0.001192, -0.000080, -0.026563, 
784, -0.046323, 1.656058, -1.505744, 0.826455, -0.032985, 0.000781, 0.013464, 0.514643, 0.579186, -0.797623, -0.418346, 0.001319, -0.000075, 0.015505, 
785, -0.044181, 1.658380, -1.508835, 0.824901, -0.032986, 0.000782, 0.013446, 0.530875, 0.580649, -0.785174, -0.405068, 0.000670, -0.000069, -0.034856, 
786, -0.042012, 1.660729, -1.511859, 0.823387, -0.032986, 0.000782, 0.013464, 0.545969, 0.594966, -0.767717, -0.390412, 0.000589, -0.000064, 0.034856, 
787, -0.039813, 1.663104, -1.514796, 0.821914, -0.032987, 0.000782, 0.013446, 0.558807, 0.602693, -0.744851, -0.377736, 0.000548, -0.000060, -0.015865, 
788, -0.037600, 1.665507, -1.517623, 0.820485, -0.032987, 0.000782, 0.013464, 0.560457, 0.618798, -0.711959, -0.365317, 0.000510, -0.000056, 0.027885, 
789, -0.035372, 1.667935, -1.520330, 0.819101, -0.032988, 0.000782, 0.013464, 0.556715, 0.626307, -0.676436, -0.356625, -0.000301, -0.000052, -0.054808, 
790, -0.033141, 1.670388, -1.522914, 0.817763, -0.032989, 0.000783, 0.013464, 0.561579, 0.632615, -0.646327, -0.341793, -0.000280, -0.000048, 0.024159, 
791, -0.030923, 1.672863, -1.525373, 0.816462, -0.032989, 0.000783, 0.013446, 0.560118, 0.640087, -0.614865, -0.330217, -0.000261, -0.000045, -0.059615, 
792, -0.028718, 1.675365, -1.527714, 0.815193, -0.032990, 0.000783, 0.013446, 0.559838, 0.655078, -0.588492, -0.320876, -0.000242, -0.000042, -0.059014, 
793, -0.026536, 1.677888, -1.529940, 0.813951, -0.032991, 0.000783, 0.013446, 0.550182, 0.658767, -0.559358, -0.311913, -0.000225, -0.000039, -0.037500, 
794, -0.024380, 1.680443, -1.532055, 0.812738, -0.032991, 0.000783, 0.013446, 0.536990, 0.671143, -0.532401, -0.301934, -0.000210, -0.000036, -0.035337, 
795, -0.022250, 1.683036, -1.534055, 0.811553, -0.032992, 0.000783, 0.013464, 0.530368, 0.671889, -0.500307, -0.295074, -0.000195, -0.000034, 0.023798, 
796, -0.020148, 1.685677, -1.535936, 0.810401, -0.032992, 0.000783, 0.013464, 0.522593, 0.685312, -0.467420, -0.287026, -0.000181, -0.000031, 0.032332, 
797, -0.018080, 1.688362, -1.537697, 0.809283, -0.032992, 0.000783, 0.013446, 0.519627, 0.689300, -0.439385, -0.279484, -0.000168, -0.000029, -0.004447, 
798, -0.016051, 1.691090, -1.539337, 0.808200, -0.032993, 0.000783, 0.013464, 0.515158, 0.688192, -0.406303, -0.272175, -0.000039, -0.000027, 0.009976, 
799, -0.014062, 1.693849, -1.540862, 0.807150, -0.032994, 0.000784, 0.013464, 0.506410, 0.696347, -0.377825, -0.265370, -0.001022, -0.000025, 0.019591, 
800, -0.012111, 1.696626, -1.542281, 0.806131, -0.032994, 0.000784, 0.013464, 0.500053, 0.698520, -0.351343, -0.257408, -0.001077, -0.000023, 0.030889, 
801, -0.010196, 1.699416, -1.543600, 0.805140, -0.032995, 0.000784, 0.013446, 0.493704, 0.696960, -0.327679, -0.251259, -0.001414, -0.000022, -0.009736, 
802, -0.008315, 1.702218, -1.544826, 0.804176, -0.032996, 0.000784, 0.013464, 0.491449, 0.700990, -0.302851, -0.244505, -0.001315, -0.000020, 0.011178, 
803, -0.006469, 1.705033, -1.545966, 0.803239, -0.032996, 0.000784, 0.013446, 0.482071, 0.695962, -0.281617, -0.236632, -0.001223, -0.000019, -0.025601, 
804, -0.004653, 1.707868, -1.547024, 0.802333, -0.032997, 0.000784, 0.013446, 0.477792, 0.704992, -0.260272, -0.229985, -0.001145, -0.000017, -0.038582, 
805, -0.002867, 1.710722, -1.548006, 0.801459, -0.032997, 0.000784, 0.013464, 0.469717, 0.709677, -0.241754, -0.221057, -0.001200, -0.000016, 0.043870, 
806, -0.001108, 1.713590, -1.548917, 0.800620, -0.032998, 0.000784, 0.013464, 0.464922, 0.712154, -0.224787, -0.209671, -0.001512, -0.000015, 0.011538, 
807, 0.000621, 1.716475, -1.549761, 0.799819, -0.032998, 0.000784, 0.013446, 0.451572, 0.715823, -0.208783, -0.199158, -0.001406, -0.000014, -0.042909, 
808, 0.002322, 1.719367, -1.550545, 0.799055, -0.032999, 0.000784, 0.013446, 0.437760, 0.712097, -0.195796, -0.190361, -0.001307, -0.000013, -0.051562, 
809, 0.003994, 1.722280, -1.551272, 0.798329, -0.032999, 0.000784, 0.013446, 0.425775, 0.723022, -0.180543, -0.180933, -0.001216, -0.000012, -0.048077, 
810, 0.005637, 1.725218, -1.551950, 0.797640, -0.032999, 0.000784, 0.013464, 0.415221, 0.726678, -0.171702, -0.172840, -0.001130, -0.000323, 0.041827, 
811, 0.007251, 1.728199, -1.552579, 0.796985, -0.033000, 0.000784, 0.013464, 0.409140, 0.742079, -0.158653, -0.166022, -0.001051, -0.001868, 0.007572, 
812, 0.008832, 1.731236, -1.553164, 0.796364, -0.033000, 0.000785, 0.013446, 0.402507, 0.759071, -0.146451, -0.156388, -0.000977, -0.001139, -0.031611, 
813, 0.010376, 1.734334, -1.553708, 0.795773, -0.033000, 0.000785, 0.013464, 0.394208, 0.773056, -0.135323, -0.148406, -0.000909, -0.001059, 0.013221, 
814, 0.011883, 1.737485, -1.554213, 0.795210, -0.033001, 0.000785, 0.013464, 0.386019, 0.777966, -0.124184, -0.142661, -0.000845, -0.000984, 0.026082, 
815, 0.013350, 1.740672, -1.554683, 0.794676, -0.033001, 0.000786, 0.013464, 0.375715, 0.785030, -0.114491, -0.134867, -0.000786, -0.000915, 0.021995, 
816, 0.014775, 1.743885, -1.555121, 0.794167, -0.033001, 0.000786, 0.013446, 0.360421, 0.795434, -0.106413, -0.128268, -0.000731, -0.000851, -0.025962, 
817, 0.016161, 1.747095, -1.555529, 0.793684, -0.033001, 0.000786, 0.013464, 0.354103, 0.792842, -0.103436, -0.123623, 0.000129, -0.000792, 0.012981, 
818, 0.017505, 1.750305, -1.555907, 0.793228, -0.033002, 0.000787, 0.013446, 0.344740, 0.791031, -0.095720, -0.114956, 0.000120, -0.000736, -0.025601, 
819, 0.018813, 1.753507, -1.556259, 0.792794, -0.033003, 0.000787, 0.013464, 0.336100, 0.789477, -0.092953, -0.107738, 0.000019, -0.000684, 0.043750, 
820, 0.020086, 1.756701, -1.556586, 0.792385, -0.033003, 0.000787, 0.013446, 0.326221, 0.787316, -0.086191, -0.099241, -0.000580, -0.000636, -0.037620, 
821, 0.021322, 1.759888, -1.556890, 0.791998, -0.033003, 0.000788, 0.013464, 0.316461, 0.792963, -0.080148, -0.091499, 0.001112, -0.000744, 0.050721, 
822, 0.022526, 1.763068, -1.557172, 0.791631, -0.033004, 0.000788, 0.013446, 0.305978, 0.790700, -0.074529, -0.087376, 0.001034, -0.001113, -0.049880, 
823, 0.023698, 1.766249, -1.557435, 0.791283, -0.033004, 0.000788, 0.013446, 0.297638, 0.801793, -0.069303, -0.081663, 0.000945, -0.000908, -0.016587, 
824, 0.024837, 1.769443, -1.557680, 0.790954, -0.033004, 0.000789, 0.013464, 0.287843, 0.810807, -0.064756, -0.079494, 0.000878, -0.000718, 0.041587, 
825, 0.025937, 1.772666, -1.557907, 0.790644, -0.033005, 0.000789, 0.013446, 0.276754, 0.820014, -0.062508, -0.074982, 0.000817, -0.000078, -0.058173, 
826, 0.026997, 1.775929, -1.558117, 0.790352, -0.033005, 0.000790, 0.013446, 0.265011, 0.834862, -0.056676, -0.067812, 0.000760, -0.000073, -0.006370, 
827, 0.028012, 1.779235, -1.558314, 0.790077, -0.033006, 0.000790, 0.013464, 0.252127, 0.839087, -0.055197, -0.062021, 0.000706, -0.000067, 0.036178, 
828, 0.028983, 1.782579, -1.558496, 0.789818, -0.033006, 0.000791, 0.013464, 0.239287, 0.857612, -0.053223, -0.056392, 0.000657, -0.000063, 0.034615, 
829, 0.029907, 1.785936, -1.558665, 0.789576, -0.033006, 0.000791, 0.013464, 0.229007, 0.858145, -0.046559, -0.052649, 0.000611, -0.000058, 0.025601, 
830, 0.030785, 1.789293, -1.558823, 0.789349, -0.033006, 0.000792, 0.013464, 0.216271, 0.854102, -0.041230, -0.049876, 0.000568, -0.000054, 0.044351, 
831, 0.031621, 1.792635, -1.558970, 0.789138, -0.033007, 0.000792, 0.013446, 0.206468, 0.856641, -0.041541, -0.044247, 0.000528, -0.000050, -0.008173, 
832, 0.032417, 1.795951, -1.559106, 0.788940, -0.033007, 0.000792, 0.013464, 0.196424, 0.849839, -0.036834, -0.041119, 0.000491, -0.000047, 0.010457, 
833, 0.033178, 1.799247, -1.559232, 0.788757, -0.033007, 0.000793, 0.013446, 0.187212, 0.843311, -0.033940, -0.038523, 0.000457, -0.000044, -0.064062, 
834, 0.033907, 1.802515, -1.559349, 0.788587, -0.033007, 0.000793, 0.013464, 0.181383, 0.835896, -0.031476, -0.037212, 0.000425, -0.000041, 0.042548, 
835, 0.034610, 1.805758, -1.559454, 0.788428, -0.033008, 0.000793, 0.013446, 0.175147, 0.830717, -0.026556, -0.036862, 0.000395, -0.000038, -0.009976, 
836, 0.035290, 1.808978, -1.559547, 0.788280, -0.033008, 0.000793, 0.013446, 0.170695, 0.815088, -0.023446, -0.035820, 0.000367, -0.000035, -0.009255, 
837, 0.035947, 1.812178, -1.559624, 0.788144, -0.033008, 0.000794, 0.013446, 0.163556, 0.804432, -0.018862, -0.033013, 0.000038, -0.000033, -0.020913, 
838, 0.036584, 1.815359, -1.559684, 0.788017, -0.033008, 0.000794, 0.013464, 0.156142, 0.799002, -0.018020, -0.033648, 0.000035, -0.000030, 0.028726, 
839, 0.037202, 1.818532, -1.559724, 0.787898, -0.033008, 0.000794, 0.013446, 0.149324, 0.791694, -0.011515, -0.032696, 0.000033, -0.000028, -0.032452, 
840, 0.037798, 1.821710, -1.559742, 0.787788, -0.033008, 0.000794, 0.013464, 0.146178, 0.788316, -0.004581, -0.031415, 0.000031, -0.000026, 0.059976, 
841, 0.038370, 1.824903, -1.559743, 0.787685, -0.033008, 0.000794, 0.013464, 0.139013, 0.797478, -0.001875, -0.030780, 0.000028, -0.000024, 0.056851, 
842, 0.038917, 1.828109, -1.559730, 0.787590, -0.033009, 0.000794, 0.013446, 0.135359, 0.794393, 0.000304, -0.027695, 0.000026, -0.000023, -0.046394, 
843, 0.039436, 1.831325, -1.559706, 0.787502, -0.033009, 0.000795, 0.013446, 0.125894, 0.795975, 0.001749, -0.024228, 0.000025, -0.000021, -0.054567, 
844, 0.039926, 1.834535, -1.559672, 0.787421, -0.033009, 0.000795, 0.013464, 0.116604, 0.787961, 0.003716, -0.024139, 0.000798, -0.000020, 0.025962, 
845, 0.040387, 1.837724, -1.559626, 0.787345, -0.033009, 0.000795, 0.013464, 0.109356, 0.777075, 0.006658, -0.026188, 0.000414, -0.000018, 0.022115, 
846, 0.040816, 1.840884, -1.559562, 0.787274, -0.033010, 0.000795, 0.013464, 0.099514, 0.767786, 0.011222, -0.025279, -0.000239, -0.000017, 0.042188, 
847, 0.041216, 1.844007, -1.559477, 0.787209, -0.033010, 0.000795, 0.013464, 0.093641, 0.760181, 0.017539, -0.025992, -0.000804, -0.000016, 0.040986, 
848, 0.041590, 1.847100, -1.559367, 0.787150, -0.033010, 0.000795, 0.013464, 0.087202, 0.754398, 0.025436, -0.026369, 0.000087, -0.000015, 0.035937, 
849, 0.041939, 1.850161, -1.559227, 0.787097, -0.033010, 0.000795, 0.013446, 0.087299, 0.751056, 0.034852, -0.022911, 0.001041, -0.000014, -0.013462, 
850, 0.042263, 1.853188, -1.559054, 0.787047, -0.033010, 0.000795, 0.013464, 0.080167, 0.743710, 0.045293, -0.023563, 0.001887, -0.000013, 0.033413, 
851, 0.042563, 1.856175, -1.558848, 0.787003, -0.033011, 0.000795, 0.013464, 0.069575, 0.730954, 0.053241, -0.019071, 0.000819, -0.000012, 0.035577, 
852, 0.042844, 1.859123, -1.558606, 0.786962, -0.033011, 0.000796, 0.013464, 0.069196, 0.724962, 0.063994, -0.014995, 0.000686, -0.000011, 0.030409, 
853, 0.043105, 1.862031, -1.558332, 0.786925, -0.033011, 0.000796, 0.013446, 0.063342, 0.721978, 0.072021, -0.016683, -0.000272, -0.000010, -0.014183, 
854, 0.043347, 1.864897, -1.558024, 0.786892, -0.033012, 0.000796, 0.013446, 0.058851, 0.708972, 0.081609, -0.014814, -0.000514, -0.000009, -0.002043, 
855, 0.043572, 1.867722, -1.557684, 0.786863, -0.033012, 0.000796, 0.013446, 0.056814, 0.697379, 0.092194, -0.011281, -0.001321, -0.000009, -0.004207, 
856, 0.043780, 1.870516, -1.557311, 0.786836, -0.033012, 0.000796, 0.013446, 0.050387, 0.700281, 0.100393, -0.011240, -0.001540, -0.000008, -0.028125, 
857, 0.043975, 1.873284, -1.556909, 0.786816, -0.033012, 0.000796, 0.013446, 0.047149, 0.695732, 0.108632, -0.009921, -0.002132, -0.000008, -0.012620, 
858, 0.044155, 1.876033, -1.556476, 0.786802, -0.033013, 0.000796, 0.013446, 0.043776, 0.693275, 0.116715, -0.008307, -0.002656, -0.000007, -0.028125, 
859, 0.044323, 1.878762, -1.556006, 0.786801, -0.033013, 0.000796, 0.013446, 0.040690, 0.679826, 0.127610, -0.003764, -0.002731, -0.000007, -0.017909, 
860, 0.044478, 1.881477, -1.555495, 0.786815, -0.033013, 0.000796, 0.013446, 0.039674, 0.677810, 0.138239, 0.000587, -0.002565, -0.000006, -0.006851, 
861, 0.044622, 1.884170, -1.554941, 0.786847, -0.033013, 0.000796, 0.013446, 0.036859, 0.675481, 0.147920, 0.005316, -0.002073, -0.000006, -0.021875, 
862, 0.044755, 1.886836, -1.554342, 0.786903, -0.033014, 0.000796, 0.013446, 0.033702, 0.671799, 0.155954, 0.010328, -0.001937, -0.000005, -0.036538, 
863, 0.044878, 1.889461, -1.553693, 0.786982, -0.033015, 0.000796, 0.013464, 0.027960, 0.661704, 0.165640, 0.013615, -0.002660, -0.000005, 0.056370, 
864, 0.044992, 1.892049, -1.552997, 0.787085, -0.033016, 0.000796, 0.013446, 0.025999, 0.655233, 0.178861, 0.018551, -0.002474, -0.000005, -0.003846, 
865, 0.045096, 1.894600, -1.552255, 0.787209, -0.033017, 0.000796, 0.013464, 0.022550, 0.646655, 0.187472, 0.023402, -0.002300, -0.000004, 0.065505, 
866, 0.045193, 1.897128, -1.551460, 0.787353, -0.033017, 0.000796, 0.013464, 0.020969, 0.635302, 0.199011, 0.027188, -0.002139, -0.000004, 0.053726, 
867, 0.045283, 1.899638, -1.550608, 0.787516, -0.033018, 0.000796, 0.013464, 0.019811, 0.628369, 0.218040, 0.033346, -0.001989, -0.000004, 0.035216, 
868, 0.045365, 1.902134, -1.549691, 0.787698, -0.033019, 0.000796, 0.013446, 0.020040, 0.619045, 0.238424, 0.040868, -0.001850, -0.000003, -0.015385, 
869, 0.045440, 1.904612, -1.548713, 0.787902, -0.033019, 0.000796, 0.013446, 0.018635, 0.613765, 0.253081, 0.046691, -0.001720, -0.000003, -0.033654, 
870, 0.045509, 1.907065, -1.547672, 0.788124, -0.033020, 0.000796, 0.013446, 0.017766, 0.601812, 0.272399, 0.052746, -0.001599, -0.000003, -0.008774, 
871, 0.045573, 1.909478, -1.546571, 0.788370, -0.033021, 0.000796, 0.013446, 0.014608, 0.584426, 0.286966, 0.061663, -0.001487, -0.000003, -0.014543, 
872, 0.045633, 1.911836, -1.545413, 0.788639, -0.033021, 0.000796, 0.013464, 0.015252, 0.570438, 0.306360, 0.069137, -0.001383, -0.000003, 0.048197, 
873, 0.045687, 1.914129, -1.544202, 0.788933, -0.033022, 0.000796, 0.013446, 0.013357, 0.553222, 0.327605, 0.077478, -0.000629, 0.000057, -0.002163, 
874, 0.045738, 1.916350, -1.542940, 0.789250, -0.033023, 0.000796, 0.013464, 0.013457, 0.535493, 0.344950, 0.083734, -0.000585, 0.000061, 0.049038, 
875, 0.045785, 1.918495, -1.541612, 0.789592, -0.033024, 0.000796, 0.013446, 0.012134, 0.516243, 0.364374, 0.089534, -0.000544, 0.000057, -0.020192, 
876, 0.045826, 1.920567, -1.540215, 0.789957, -0.033025, 0.000796, 0.013464, 0.009708, 0.499085, 0.386414, 0.093546, -0.000506, 0.000550, 0.013582, 
877, 0.045862, 1.922571, -1.538741, 0.790345, -0.033026, 0.000796, 0.013464, 0.010771, 0.485249, 0.399611, 0.099855, -0.000470, 0.000950, 0.038101, 
878, 0.045890, 1.924518, -1.537184, 0.790753, -0.033027, 0.000796, 0.013446, 0.008938, 0.473980, 0.415835, 0.102613, -0.000437, 0.001043, -0.001683, 
879, 0.045910, 1.926412, -1.535537, 0.791176, -0.033028, 0.000796, 0.013446, 0.008437, 0.458913, 0.432952, 0.105404, -0.000406, 0.001290, -0.030048, 
880, 0.045920, 1.928264, -1.533788, 0.791614, -0.033029, 0.000796, 0.013446, 0.006076, 0.445841, 0.468774, 0.110697, -0.000378, 0.002144, -0.004087, 
881, 0.045921, 1.930075, -1.531940, 0.792064, -0.033030, 0.000796, 0.013464, 0.004032, 0.432586, 0.496741, 0.115070, -0.000351, 0.002592, 0.037861, 
882, 0.045912, 1.931848, -1.529995, 0.792527, -0.033030, 0.000796, 0.013464, 0.000952, 0.422743, 0.523556, 0.117384, -0.000327, 0.002334, 0.047837, 
883, 0.045894, 1.933578, -1.527953, 0.793003, -0.033031, 0.000796, 0.013446, 0.001509, 0.414044, 0.548567, 0.122578, -0.000304, 0.002170, -0.036178, 
884, 0.045866, 1.935257, -1.525819, 0.793496, -0.033032, 0.000795, 0.013446, 0.000341, 0.401089, 0.571699, 0.129245, -0.000047, 0.002018, -0.032452, 
885, 0.045826, 1.936882, -1.523596, 0.794012, -0.033032, 0.000795, 0.013446, -0.002700, 0.389417, 0.599494, 0.139237, 0.000108, 0.001877, -0.044712, 
886, 0.045774, 1.938445, -1.521286, 0.794561, -0.033033, 0.000795, 0.013446, -0.005325, 0.373841, 0.630549, 0.151553, 0.000101, 0.001745, -0.002885, 
887, 0.045709, 1.939937, -1.518871, 0.795153, -0.033033, 0.000794, 0.013446, -0.009401, 0.357401, 0.668528, 0.164675, 0.000094, 0.001623, -0.009976, 
888, 0.045632, 1.941351, -1.516358, 0.795788, -0.033034, 0.000794, 0.013464, -0.015340, 0.337517, 0.700928, 0.171938, 0.000087, 0.001509, 0.044952, 
889, 0.045541, 1.942689, -1.513764, 0.796464, -0.033034, 0.000794, 0.013446, -0.020231, 0.317818, 0.719015, 0.185947, 0.000081, 0.001403, -0.043750, 
890, 0.045437, 1.943950, -1.511095, 0.797175, -0.033034, 0.000794, 0.013446, -0.024821, 0.298308, 0.735665, 0.198149, 0.000075, 0.001305, -0.036779, 
891, 0.045318, 1.945134, -1.508356, 0.797916, -0.033035, 0.000793, 0.013446, -0.029342, 0.279381, 0.752832, 0.205130, 0.000070, 0.001213, -0.021274, 
892, 0.045186, 1.946243, -1.505553, 0.798682, -0.033036, 0.000793, 0.013446, -0.032964, 0.261449, 0.778547, 0.213989, -0.000575, 0.001128, -0.000120, 
893, 0.045038, 1.947280, -1.502686, 0.799471, -0.033036, 0.000793, 0.013446, -0.033999, 0.244416, 0.804792, 0.220862, -0.000712, 0.001049, -0.013101, 
894, 0.044871, 1.948245, -1.499763, 0.800280, -0.033037, 0.000793, 0.013446, -0.037918, 0.227436, 0.817181, 0.229874, -0.000148, 0.000976, -0.001803, 
895, 0.044683, 1.949141, -1.496766, 0.801103, -0.033037, 0.000793, 0.013446, -0.043560, 0.210951, 0.834869, 0.231024, -0.000003, 0.000907, 0.026683, 
896, 0.044472, 1.949974, -1.493697, 0.801944, -0.033037, 0.000793, 0.013446, -0.049203, 0.197551, 0.862981, 0.239711, 0.000790, 0.000844, -0.007452, 
897, 0.044233, 1.950748, -1.490568, 0.802804, -0.033037, 0.000792, 0.013464, -0.058958, 0.183477, 0.863571, 0.245784, 0.000734, 0.000784, 0.053125, 
898, 0.043967, 1.951467, -1.487371, 0.803692, -0.033037, 0.000792, 0.013446, -0.064945, 0.170263, 0.870085, 0.254380, 0.000716, 0.000729, 0.000000, 
899, 0.043677, 1.952132, -1.484107, 0.804612, -0.033037, 0.000792, 0.013446, -0.073437, 0.158541, 0.881376, 0.259592, 0.000666, 0.000678, -0.000721, 
900, 0.043364, 1.952744, -1.480779, 0.805566, -0.033038, 0.000792, 0.013446, -0.081088, 0.145015, 0.897084, 0.263007, 0.000619, 0.000631, -0.000601, 
901, 0.043035, 1.953305, -1.477395, 0.806557, -0.033038, 0.000792, 0.013446, -0.085667, 0.132231, 0.915246, 0.269595, 0.000576, 0.000587, 0.001442, 
902, 0.042695, 1.953812, -1.473970, 0.807581, -0.033038, 0.000792, 0.013446, -0.089840, 0.119429, 0.926219, 0.275443, 0.000536, 0.000545, 0.001563, 
903, 0.042341, 1.954267, -1.470508, 0.808638, -0.033038, 0.000792, 0.013446, -0.093620, 0.106863, 0.934148, 0.274485, 0.000498, 0.000507, 0.033413, 
904, 0.041974, 1.954675, -1.467016, 0.809730, -0.033038, 0.000792, 0.013464, -0.098879, 0.095983, 0.950790, 0.278237, 0.000463, 0.000472, 0.106250, 
905, 0.041590, 1.955039, -1.463510, 0.810852, -0.033039, 0.000792, 0.013446, -0.101840, 0.084185, 0.959330, 0.283589, -0.000724, 0.000439, 0.007933, 
906, 0.041186, 1.955363, -1.459987, 0.812009, -0.033039, 0.000792, 0.013446, -0.106430, 0.073783, 0.966142, 0.289745, -0.000673, 0.000408, 0.000000, 
907, 0.040757, 1.955647, -1.456454, 0.813192, -0.033040, 0.000791, 0.013422, -0.112114, 0.062517, 0.972713, 0.300770, -0.000668, 0.000379, -0.076683, 
908, 0.040305, 1.955891, -1.452908, 0.814403, -0.033043, 0.000791, 0.013446, -0.120585, 0.053246, 0.982850, 0.312076, -0.001894, 0.000353, 0.000000, 
909, 0.039826, 1.956101, -1.449347, 0.815647, -0.033046, 0.000791, 0.013446, -0.127610, 0.046370, 0.986151, 0.324173, -0.003067, 0.000328, 0.000000, 
910, 0.039315, 1.956282, -1.445773, 0.816929, -0.033051, 0.000791, 0.013446, -0.137683, 0.039980, 0.987990, 0.337924, -0.002987, 0.000305, 0.000000, 
911, 0.038769, 1.956439, -1.442181, 0.818262, -0.033056, 0.000791, 0.013446, -0.147479, 0.035424, 0.976360, 0.356872, -0.002777, 0.000284, 0.000601, 
912, 0.038189, 1.956572, -1.438552, 0.819652, -0.033060, 0.000791, 0.013446, -0.158105, 0.029805, 1.003172, 0.376918, -0.002583, 0.000264, -0.001082, 
913, 0.037576, 1.956681, -1.434895, 0.821099, -0.033065, 0.000791, 0.013446, -0.167910, 0.022744, 1.004677, 0.393410, -0.002402, 0.000245, 0.002524, 
914, 0.036931, 1.956769, -1.431223, 0.822607, -0.033069, 0.000791, 0.013422, -0.172073, 0.018259, 1.008276, 0.409142, -0.001736, 0.000228, -0.083774, 
915, 0.036255, 1.956840, -1.427550, 0.824172, -0.033073, 0.000791, 0.013422, -0.177394, 0.014265, 1.010645, 0.422709, -0.002019, 0.000212, -0.079687, 
916, 0.035550, 1.956895, -1.423886, 0.825795, -0.033077, 0.000791, 0.013446, -0.179939, 0.010876, 1.007455, 0.435198, -0.001877, 0.000197, 0.000481, 
917, 0.034817, 1.956932, -1.420241, 0.827471, -0.033081, 0.000791, 0.013446, -0.185525, 0.006806, 1.009646, 0.447856, -0.001821, 0.000183, 0.030409, 
918, 0.034059, 1.956946, -1.416624, 0.829195, -0.033085, 0.000791, 0.013446, -0.189911, 0.000683, 0.994501, 0.463580, -0.001694, 0.000170, 0.014303, 
919, 0.033273, 1.956929, -1.413039, 0.830959, -0.033088, 0.000791, 0.013446, -0.193433, -0.007788, 0.983611, 0.475740, -0.001575, 0.000159, 0.000000, 
920, 0.032456, 1.956881, -1.409478, 0.832751, -0.033091, 0.000791, 0.013446, -0.202396, -0.016246, 0.975398, 0.483963, -0.001448, 0.000746, -0.005409, 
921, 0.031607, 1.956797, -1.405941, 0.834566, -0.033094, 0.000791, 0.013446, -0.211624, -0.023846, 0.964272, 0.488441, -0.000175, 0.000702, -0.003365, 
922, 0.030727, 1.956678, -1.402420, 0.836411, -0.033097, 0.000791, 0.013446, -0.220500, -0.034195, 0.958569, 0.498985, -0.000163, 0.000678, 0.007332, 
923, 0.029816, 1.956521, -1.398912, 0.838287, -0.033100, 0.000791, 0.013446, -0.234130, -0.043966, 0.953881, 0.508435, -0.000151, 0.001195, -0.002163, 
924, 0.028877, 1.956330, -1.395409, 0.840197, -0.033104, 0.000791, 0.013464, -0.243889, -0.054071, 0.956280, 0.524849, -0.000208, 0.001710, 0.054567, 
925, 0.027908, 1.956105, -1.391913, 0.842137, -0.033107, 0.000791, 0.013446, -0.253073, -0.062175, 0.950944, 0.532537, -0.000193, 0.001783, 0.000000, 
926, 0.026911, 1.955852, -1.388428, 0.844111, -0.033109, 0.000790, 0.013446, -0.256414, -0.068568, 0.940850, 0.540671, -0.000180, 0.000875, 0.002885, 
927, 0.025881, 1.955571, -1.384966, 0.846110, -0.033112, 0.000790, 0.013446, -0.268149, -0.075222, 0.922278, 0.547890, -0.000159, 0.000915, 0.000601, 
928, 0.024819, 1.955261, -1.381534, 0.848132, -0.033115, 0.000790, 0.013464, -0.275085, -0.084467, 0.903078, 0.556069, -0.000822, 0.001390, 0.070433, 
929, 0.023721, 1.954922, -1.378139, 0.850168, -0.033117, 0.000790, 0.013446, -0.280244, -0.090764, 0.901160, 0.558449, -0.001540, 0.002177, 0.000000, 
930, 0.022588, 1.954553, -1.374774, 0.852216, -0.033120, 0.000790, 0.013446, -0.283778, -0.098895, 0.893520, 0.558506, -0.001432, 0.000819, -0.025481, 
931, 0.021412, 1.954151, -1.371432, 0.854286, -0.033122, 0.000790, 0.013446, -0.296494, -0.107947, 0.895778, 0.564112, -0.002039, 0.000602, 0.000000, 
932, 0.020196, 1.953713, -1.368109, 0.856373, -0.033125, 0.000789, 0.013446, -0.308302, -0.114966, 0.891043, 0.557198, -0.001896, 0.000231, -0.000120, 
933, 0.018945, 1.953229, -1.364804, 0.858481, -0.033128, 0.000789, 0.013446, -0.317360, -0.130033, 0.884862, 0.556887, -0.002016, 0.001454, 0.021635, 
934, 0.017651, 1.952697, -1.361512, 0.860606, -0.033130, 0.000789, 0.013446, -0.329289, -0.145573, 0.881061, 0.563264, -0.001891, 0.001343, 0.003606, 
935, 0.016318, 1.952111, -1.358239, 0.862741, -0.033134, 0.000789, 0.013464, -0.340044, -0.161819, 0.876414, 0.564340, -0.001767, 0.001207, 0.054928, 
936, 0.014943, 1.951467, -1.354991, 0.864885, -0.033139, 0.000788, 0.013446, -0.357369, -0.179715, 0.873054, 0.569654, -0.001686, 0.000617, -0.001322, 
937, 0.013525, 1.950770, -1.351769, 0.867037, -0.033146, 0.000788, 0.013446, -0.371902, -0.188894, 0.873906, 0.571774, -0.001896, 0.000270, -0.018990, 
938, 0.012059, 1.950020, -1.348574, 0.869197, -0.033157, 0.000788, 0.013446, -0.388493, -0.202069, 0.868632, 0.579972, -0.002766, 0.000251, 0.014062, 
939, 0.010547, 1.949220, -1.345397, 0.871366, -0.033173, 0.000788, 0.013446, -0.406550, -0.208914, 0.865295, 0.580550, -0.004064, 0.000208, 0.007933, 
940, 0.008992, 1.948375, -1.342239, 0.873552, -0.033197, 0.000788, 0.013446, -0.417231, -0.220988, 0.858020, 0.588369, -0.006003, 0.000194, 0.005168, 
941, 0.007389, 1.947495, -1.339089, 0.875745, -0.033227, 0.000787, 0.013446, -0.429295, -0.228171, 0.861031, 0.590979, -0.007824, 0.000180, 0.033894, 
942, 0.005751, 1.946584, -1.335941, 0.877944, -0.033264, 0.000787, 0.013446, -0.440825, -0.233034, 0.868845, 0.593583, -0.008354, 0.000167, 0.006010, 
943, 0.004078, 1.945646, -1.332792, 0.880137, -0.033307, 0.000787, 0.013446, -0.446542, -0.242023, 0.867422, 0.592019, -0.008737, 0.000156, 0.015144, 
944, 0.002374, 1.944677, -1.329669, 0.882318, -0.033356, 0.000787, 0.013446, -0.458894, -0.250166, 0.855128, 0.584843, -0.010737, 0.000145, 0.001442, 
945, 0.000645, 1.943678, -1.326575, 0.884487, -0.033408, 0.000787, 0.013446, -0.466073, -0.256420, 0.850824, 0.577361, -0.010692, 0.000135, 0.007933, 
946, -0.001106, 1.942637, -1.323525, 0.886644, -0.033464, 0.000787, 0.013446, -0.473753, -0.272929, 0.836256, 0.578535, -0.010516, 0.000125, 0.029087, 
947, -0.002872, 1.941546, -1.320522, 0.888781, -0.033523, 0.000786, 0.013446, -0.478492, -0.283772, 0.822716, 0.567501, -0.010781, 0.000116, -0.000481, 
948, -0.004647, 1.940387, -1.317567, 0.890914, -0.033584, 0.000786, 0.013446, -0.483733, -0.299556, 0.807632, 0.561791, -0.011660, 0.000108, 0.041947, 
949, -0.006429, 1.939148, -1.314665, 0.893042, -0.033644, 0.000786, 0.013446, -0.484224, -0.317178, 0.788314, 0.552967, -0.011424, 0.000101, 0.035577, 
950, -0.008217, 1.937809, -1.311819, 0.895177, -0.033703, 0.000786, 0.013446, -0.486780, -0.342961, 0.772608, 0.552734, -0.010800, 0.000094, 0.016827, 
951, -0.010008, 1.936360, -1.309027, 0.897319, -0.033759, 0.000786, 0.013446, -0.493109, -0.377386, 0.755020, 0.559368, -0.010371, 0.000087, 0.012861, 
952, -0.011801, 1.934794, -1.306293, 0.899468, -0.033812, 0.000786, 0.013446, -0.483555, -0.406333, 0.736769, 0.563051, -0.009088, 0.000081, 0.004688, 
953, -0.013605, 1.933122, -1.303615, 0.901621, -0.033861, 0.000786, 0.013446, -0.479155, -0.433058, 0.718778, 0.558816, -0.007912, 0.000075, 0.014303, 
954, -0.015420, 1.931371, -1.300985, 0.903781, -0.033906, 0.000786, 0.013446, -0.483962, -0.446747, 0.708024, 0.552745, -0.005899, 0.000070, 0.003726, 
955, -0.017238, 1.929567, -1.298404, 0.905950, -0.033948, 0.000786, 0.013422, -0.483822, -0.457298, 0.689621, 0.549258, -0.003926, 0.000065, -0.054207, 
956, -0.019059, 1.927741, -1.295871, 0.908123, -0.033988, 0.000786, 0.013446, -0.483836, -0.456774, 0.667495, 0.551636, -0.003651, 0.000061, 0.041707, 
957, -0.020883, 1.925901, -1.293387, 0.910308, -0.034025, 0.000786, 0.013446, -0.479424, -0.460794, 0.654538, 0.556367, -0.003362, 0.000056, 0.014183, 
958, -0.022708, 1.924052, -1.290952, 0.912509, -0.034060, 0.000785, 0.013446, -0.481305, -0.460720, 0.644091, 0.563479, -0.003606, 0.000052, 0.012260, 
959, -0.024535, 1.922184, -1.288572, 0.914732, -0.034092, 0.000785, 0.013446, -0.484133, -0.471724, 0.632446, 0.561498, -0.003429, 0.000049, 0.045673, 
960, -0.026368, 1.920289, -1.286251, 0.916984, -0.034124, 0.000785, 0.013446, -0.491262, -0.483141, 0.618340, 0.572683, -0.004301, 0.000045, 0.021995, 
961, -0.028211, 1.918357, -1.283993, 0.919265, -0.034156, 0.000785, 0.013446, -0.495919, -0.494915, 0.602644, 0.587946, -0.004834, 0.000042, 0.029808, 
962, -0.030062, 1.916381, -1.281801, 0.921570, -0.034191, 0.000785, 0.013422, -0.501666, -0.498171, 0.586633, 0.599140, -0.005784, 0.000519, -0.043870, 
963, -0.031922, 1.914351, -1.279675, 0.923892, -0.034229, 0.000785, 0.013446, -0.503597, -0.509321, 0.567649, 0.609371, -0.005278, 0.000938, 0.008413, 
964, -0.033797, 1.912265, -1.277615, 0.926229, -0.034273, 0.000785, 0.013446, -0.503067, -0.518940, 0.546693, 0.619796, -0.007031, 0.000577, 0.032091, 
965, -0.035686, 1.910120, -1.275619, 0.928578, -0.034323, 0.000785, 0.013446, -0.502312, -0.540209, 0.527475, 0.626169, -0.008156, 0.002079, 0.024038, 
966, -0.037588, 1.907911, -1.273689, 0.930930, -0.034379, 0.000784, 0.013446, -0.498847, -0.559211, 0.508931, 0.633073, -0.009506, 0.001588, 0.028005, 
967, -0.039510, 1.905623, -1.271825, 0.933282, -0.034440, 0.000784, 0.013446, -0.499863, -0.588098, 0.487221, 0.634293, -0.009817, 0.000979, 0.033053, 
968, -0.041446, 1.903242, -1.270032, 0.935634, -0.034503, 0.000784, 0.013446, -0.497522, -0.619673, 0.466080, 0.633928, -0.010215, 0.000911, -0.001322, 
969, -0.043403, 1.900760, -1.268312, 0.937984, -0.034568, 0.000783, 0.013422, -0.498260, -0.640659, 0.445402, 0.630210, -0.009777, 0.000847, -0.042668, 
970, -0.045376, 1.898170, -1.266667, 0.940331, -0.034634, 0.000783, 0.013446, -0.501534, -0.667901, 0.424843, 0.635263, -0.010567, 0.000779, 0.036899, 
971, -0.047358, 1.895489, -1.265094, 0.942671, -0.034700, 0.000783, 0.013446, -0.507333, -0.677066, 0.406424, 0.629689, -0.011511, 0.000699, 0.002764, 
972, -0.049338, 1.892750, -1.263587, 0.945004, -0.034764, 0.000782, 0.013422, -0.504199, -0.694921, 0.386887, 0.631577, -0.010906, 0.000650, -0.066947, 
973, -0.051305, 1.889986, -1.262144, 0.947329, -0.034825, 0.000782, 0.013446, -0.496337, -0.695353, 0.368795, 0.633989, -0.010993, 0.000604, 0.040144, 
974, -0.053253, 1.887210, -1.260763, 0.949645, -0.034881, 0.000782, 0.013446, -0.489566, -0.704451, 0.350750, 0.629938, -0.010247, 0.000562, 0.018269, 
975, -0.055177, 1.884431, -1.259447, 0.951948, -0.034933, 0.000782, 0.013446, -0.491334, -0.709208, 0.335529, 0.627797, -0.009529, 0.000523, 0.036418, 
976, -0.057081, 1.881646, -1.258200, 0.954238, -0.034981, 0.000781, 0.013446, -0.487517, -0.719302, 0.315122, 0.618213, -0.009164, 0.000486, 0.003606, 
977, -0.058967, 1.878851, -1.257024, 0.956513, -0.035026, 0.000781, 0.013446, -0.485376, -0.720709, 0.295599, 0.606242, -0.009432, 0.000452, 0.034014, 
978, -0.060832, 1.876038, -1.255922, 0.958777, -0.035068, 0.000781, 0.013446, -0.482710, -0.726260, 0.276003, 0.599038, -0.008501, 0.000420, 0.002885, 
979, -0.062679, 1.873201, -1.254890, 0.961035, -0.035107, 0.000781, 0.013446, -0.470414, -0.725729, 0.257562, 0.594841, -0.007728, 0.000391, 0.001442, 
980, -0.064511, 1.870325, -1.253925, 0.963291, -0.035142, 0.000781, 0.013446, -0.468696, -0.741023, 0.239630, 0.598119, -0.005517, 0.000363, 0.033894, 
981, -0.066325, 1.867385, -1.253028, 0.965541, -0.035175, 0.000781, 0.013446, -0.464756, -0.755730, 0.220975, 0.596869, -0.005948, 0.000338, 0.002163, 
982, -0.068122, 1.864358, -1.252193, 0.967787, -0.035206, 0.000781, 0.013446, -0.459668, -0.784401, 0.205491, 0.599321, -0.005523, 0.000078, 0.000481, 
983, -0.069901, 1.861218, -1.251416, 0.970018, -0.035234, 0.000780, 0.013446, -0.458030, -0.821840, 0.192777, 0.586366, -0.005169, 0.000073, 0.002764, 
984, -0.071667, 1.857943, -1.250693, 0.972236, -0.035260, 0.000780, 0.013446, -0.460062, -0.862034, 0.184949, 0.586884, -0.003795, 0.000059, 0.015505, 
985, -0.073427, 1.854557, -1.250021, 0.974437, -0.035285, 0.000781, 0.013422, -0.457949, -0.879418, 0.172951, 0.581525, -0.003757, 0.001378, -0.077284, 
986, -0.075184, 1.851100, -1.249394, 0.976612, -0.035308, 0.000780, 0.013446, -0.459187, -0.889086, 0.163480, 0.574562, -0.002179, 0.000708, 0.006250, 
987, -0.076934, 1.847602, -1.248811, 0.978759, -0.035329, 0.000780, 0.013422, -0.456040, -0.893980, 0.154908, 0.569638, -0.001006, 0.000339, -0.021995, 
988, -0.078682, 1.844081, -1.248268, 0.980878, -0.035350, 0.000781, 0.013446, -0.452027, -0.903057, 0.144048, 0.560483, -0.002343, 0.001857, 0.055769, 
989, -0.080431, 1.840557, -1.247762, 0.982970, -0.035369, 0.000781, 0.013446, -0.455904, -0.904696, 0.135954, 0.550596, -0.002786, 0.001600, 0.017548, 
990, -0.082173, 1.837042, -1.247293, 0.985035, -0.035386, 0.000781, 0.013422, -0.453249, -0.901384, 0.124981, 0.541622, -0.002565, 0.001825, -0.037740, 
991, -0.083907, 1.833534, -1.246856, 0.987076, -0.035403, 0.000781, 0.013446, -0.452954, -0.892590, 0.116218, 0.527707, -0.002402, 0.003265, -0.000481, 
992, -0.085631, 1.830020, -1.246452, 0.989100, -0.035418, 0.000781, 0.013422, -0.445061, -0.903820, 0.106856, 0.520691, -0.002360, 0.003036, -0.054087, 
993, -0.087343, 1.826476, -1.246075, 0.991111, -0.035431, 0.000781, 0.013422, -0.435624, -0.915944, 0.099086, 0.518238, -0.000947, 0.002233, -0.030409, 
994, -0.089041, 1.822859, -1.245727, 0.993117, -0.035444, 0.000781, 0.013446, -0.426722, -0.938043, 0.092139, 0.518172, 0.000400, 0.002076, 0.039423, 
995, -0.090721, 1.819133, -1.245405, 0.995126, -0.035456, 0.000781, 0.013446, -0.418292, -0.982343, 0.085629, 0.520252, 0.001678, 0.001788, 0.050361, 
996, -0.092384, 1.815287, -1.245106, 0.997135, -0.035467, 0.000780, 0.013446, -0.409703, -1.008963, 0.081749, 0.520804, 0.001544, 0.001662, -0.000481, 
997, -0.094030, 1.811342, -1.244828, 0.999149, -0.035478, 0.000780, 0.013422, -0.404169, -1.038161, 0.076666, 0.528590, 0.002219, 0.001546, -0.073437, 
998, -0.095662, 1.807349, -1.244569, 1.001163, -0.035487, 0.000780, 0.013422, -0.397034, -1.035380, 0.072100, 0.526644, 0.002426, 0.001437, -0.045553, 
999, -0.097282, 1.803324, -1.244328, 1.003181, -0.035497, 0.000780, 0.013446, -0.393560, -1.037240, 0.067045, 0.530945, 0.002357, 0.001337, 0.017308, 
1000, -0.098890, 1.799288, -1.244105, 1.005203, -0.035506, 0.000780, 0.013446, -0.394972, -1.052228, 0.062041, 0.531624, 0.002141, 0.001243, 0.007572, 
1001, -0.100484, 1.795258, -1.243897, 1.007230, -0.035514, 0.000780, 0.013446, -0.395712, -1.048322, 0.053309, 0.536392, 0.001317, 0.001156, 0.033534, 
1002, -0.102059, 1.791231, -1.243702, 1.009270, -0.035522, 0.000780, 0.013446, -0.390931, -1.055009, 0.048198, 0.540565, 0.001199, 0.001075, 0.011298, 
1003, -0.103614, 1.787186, -1.243520, 1.011333, -0.035529, 0.000780, 0.013446, -0.388685, -1.058972, 0.045130, 0.550732, -0.000157, 0.000999, 0.048558, 
1004, -0.105145, 1.783112, -1.243350, 1.013423, -0.035536, 0.000780, 0.013422, -0.388737, -1.066563, 0.043466, 0.563979, -0.000922, 0.000929, -0.069111, 
1005, -0.106652, 1.778961, -1.243193, 1.015540, -0.035543, 0.000779, 0.013422, -0.382043, -1.090417, 0.044489, 0.569942, -0.000217, 0.000375, -0.058173, 
1006, -0.108138, 1.774713, -1.243046, 1.017679, -0.035549, 0.000779, 0.013446, -0.381448, -1.123436, 0.045221, 0.575176, -0.000235, 0.000349, 0.003726, 
1007, -0.109601, 1.770379, -1.242911, 1.019839, -0.035556, 0.000778, 0.013422, -0.373699, -1.133494, 0.044039, 0.586220, -0.001499, 0.000325, -0.094351, 
1008, -0.111044, 1.766006, -1.242787, 1.022006, -0.035561, 0.000778, 0.013422, -0.369981, -1.148328, 0.035659, 0.587110, -0.001049, 0.000302, -0.092788, 
1009, -0.112473, 1.761634, -1.242670, 1.024175, -0.035566, 0.000778, 0.013446, -0.373830, -1.137612, 0.028954, 0.589666, -0.000251, 0.000281, 0.003365, 
1010, -0.113891, 1.757280, -1.242561, 1.026344, -0.035572, 0.000777, 0.013446, -0.371831, -1.129055, 0.024944, 0.593196, -0.000258, 0.000261, 0.005649, 
1011, -0.115306, 1.752956, -1.242459, 1.028499, -0.035577, 0.000777, 0.013464, -0.372120, -1.116105, 0.029060, 0.584968, -0.000240, 0.000243, 0.072957, 
1012, -0.116714, 1.748658, -1.242366, 1.030642, -0.035581, 0.000777, 0.013422, -0.371614, -1.119902, 0.026989, 0.582938, 0.000375, 0.000226, -0.056010, 
1013, -0.118114, 1.744382, -1.242281, 1.032771, -0.035586, 0.000776, 0.013446, -0.367529, -1.119804, 0.024557, 0.584631, -0.000106, 0.000210, 0.007812, 
1014, -0.119504, 1.740096, -1.242202, 1.034886, -0.035590, 0.000776, 0.013446, -0.365710, -1.119237, 0.027420, 0.579962, -0.000192, 0.000195, 0.000601, 
1015, -0.120882, 1.735755, -1.242131, 1.036985, -0.035594, 0.000776, 0.013446, -0.361693, -1.143114, 0.027292, 0.580254, -0.000178, 0.000181, -0.012861, 
1016, -0.122249, 1.731332, -1.242067, 1.039069, -0.035598, 0.000776, 0.013446, -0.356929, -1.162473, 0.025379, 0.580063, 0.001014, 0.000169, 0.000000, 
1017, -0.123608, 1.726810, -1.242008, 1.041134, -0.035602, 0.000776, 0.013446, -0.348783, -1.191519, 0.023599, 0.569132, 0.000547, 0.000157, -0.000841, 
1018, -0.124963, 1.722228, -1.241954, 1.043180, -0.035607, 0.000775, 0.013446, -0.347630, -1.206228, 0.021945, 0.562170, 0.000964, 0.000146, -0.000361, 
1019, -0.126314, 1.717645, -1.241903, 1.045199, -0.035612, 0.000775, 0.013446, -0.349287, -1.197424, 0.020280, 0.553320, 0.002430, 0.000136, 0.000962, 
1020, -0.127665, 1.713080, -1.241855, 1.047189, -0.035617, 0.000775, 0.013446, -0.344627, -1.194398, 0.019507, 0.543109, 0.002259, 0.000126, 0.003606, 
1021, -0.129019, 1.708562, -1.241811, 1.049148, -0.035622, 0.000775, 0.013446, -0.349402, -1.184923, 0.020650, 0.533843, 0.002084, 0.000117, 0.030048, 
1022, -0.130374, 1.704098, -1.241770, 1.051073, -0.035627, 0.000775, 0.013446, -0.350253, -1.173942, 0.019160, 0.523768, 0.001803, 0.000109, -0.000361, 
1023, -0.131728, 1.699693, -1.241733, 1.052967, -0.035631, 0.000775, 0.013464, -0.350733, -1.148120, 0.017792, 0.517618, 0.000977, 0.000101, 0.084615, 
1024, -0.133074, 1.695316, -1.241698, 1.054833, -0.035635, 0.000774, 0.013446, -0.343704, -1.139922, 0.016233, 0.508967, 0.000605, 0.000094, 0.000481, 
1025, -0.134408, 1.690942, -1.241665, 1.056677, -0.035638, 0.000774, 0.013446, -0.341415, -1.152325, 0.015094, 0.496229, 0.000597, 0.000088, -0.000601, 
1026, -0.135725, 1.686544, -1.241636, 1.058501, -0.035642, 0.000774, 0.013446, -0.339514, -1.157994, 0.011761, 0.489684, -0.000979, 0.000082, 0.033534, 
1027, -0.137028, 1.682081, -1.241610, 1.060304, -0.035645, 0.000774, 0.013446, -0.338994, -1.177397, 0.012639, 0.485470, -0.002478, 0.000076, 0.000000, 
1028, -0.138314, 1.677558, -1.241591, 1.062080, -0.035648, 0.000774, 0.013446, -0.337701, -1.192962, 0.012368, 0.481036, -0.002304, 0.000071, 0.003005, 
1029, -0.139583, 1.673015, -1.241580, 1.063829, -0.035650, 0.000774, 0.013446, -0.333178, -1.183659, 0.007700, 0.474200, -0.002294, 0.000066, -0.003365, 
1030, -0.140836, 1.668482, -1.241578, 1.065543, -0.035652, 0.000774, 0.013446, -0.330102, -1.184771, 0.006073, 0.464666, -0.001324, 0.000061, -0.001082, 
1031, -0.142072, 1.663992, -1.241582, 1.067217, -0.035654, 0.000774, 0.013446, -0.324301, -1.163259, 0.003557, 0.448512, -0.000566, 0.000057, 0.000000, 
1032, -0.143288, 1.659559, -1.241593, 1.068845, -0.035655, 0.000774, 0.013446, -0.315678, -1.154231, 0.002415, 0.434391, 0.000106, 0.000053, 0.000000, 
1033, -0.144487, 1.655189, -1.241612, 1.070422, -0.035657, 0.000774, 0.013446, -0.307602, -1.141378, -0.003308, 0.422154, 0.000040, 0.000049, 0.000000, 
1034, -0.145666, 1.650885, -1.241642, 1.071948, -0.035658, 0.000774, 0.013446, -0.302392, -1.121252, -0.009716, 0.410480, 0.000037, 0.000046, 0.009135, 
1035, -0.146825, 1.646634, -1.241683, 1.073426, -0.035660, 0.000774, 0.013464, -0.297673, -1.114635, -0.010645, 0.398470, -0.000514, 0.000042, 0.074399, 
1036, -0.147964, 1.642420, -1.241740, 1.074854, -0.035661, 0.000774, 0.013446, -0.294044, -1.096144, -0.015157, 0.382339, -0.000621, 0.000039, 0.000120, 
1037, -0.149087, 1.638204, -1.241810, 1.076230, -0.035662, 0.000774, 0.013446, -0.291513, -1.102254, -0.020853, 0.364819, -0.000367, 0.000037, -0.004808, 
1038, -0.150194, 1.633967, -1.241892, 1.077557, -0.035662, 0.000773, 0.013446, -0.288552, -1.109263, -0.022913, 0.349050, -0.000004, 0.000034, 0.028245, 
1039, -0.151287, 1.629710, -1.241989, 1.078837, -0.035663, 0.000773, 0.013446, -0.286860, -1.116147, -0.025815, 0.334032, 0.000005, 0.000032, 0.000000, 
1040, -0.152364, 1.625449, -1.242102, 1.080067, -0.035663, 0.000773, 0.013446, -0.283467, -1.115913, -0.030190, 0.319360, 0.000005, 0.000029, 0.009014, 
1041, -0.153421, 1.621222, -1.242230, 1.081244, -0.035664, 0.000773, 0.013446, -0.276856, -1.104739, -0.035944, 0.303820, 0.000004, 0.000027, 0.005649, 
1042, -0.154456, 1.617069, -1.242373, 1.082365, -0.035664, 0.000773, 0.013446, -0.271476, -1.083247, -0.038025, 0.288898, 0.001234, 0.000025, 0.029567, 
1043, -0.155463, 1.613003, -1.242534, 1.083424, -0.035664, 0.000773, 0.013446, -0.263338, -1.062655, -0.042084, 0.272451, 0.001611, 0.000024, -0.002644, 
1044, -0.156436, 1.609031, -1.242716, 1.084420, -0.035664, 0.000773, 0.013446, -0.254524, -1.039870, -0.048470, 0.255549, 0.001498, 0.000022, 0.017308, 
1045, -0.157373, 1.605154, -1.242927, 1.085354, -0.035665, 0.000773, 0.013446, -0.247954, -1.009283, -0.054552, 0.238264, 0.000205, 0.000020, -0.003365, 
1046, -0.158271, 1.601362, -1.243169, 1.086228, -0.035665, 0.000773, 0.013446, -0.235010, -0.978700, -0.061497, 0.224196, 0.000283, 0.000019, 0.018750, 
1047, -0.159130, 1.597653, -1.243445, 1.087043, -0.035665, 0.000773, 0.013446, -0.224820, -0.963900, -0.068511, 0.208857, 0.000297, 0.000018, 0.000000, 
1048, -0.159951, 1.594028, -1.243754, 1.087800, -0.035665, 0.000773, 0.013446, -0.214670, -0.941521, -0.074764, 0.194154, 0.000318, 0.000016, 0.023558, 
1049, -0.160733, 1.590480, -1.244103, 1.088504, -0.035665, 0.000773, 0.013446, -0.203849, -0.919186, -0.085887, 0.183584, 0.000473, 0.000015, 0.003606, 
1050, -0.161479, 1.587000, -1.244500, 1.089156, -0.035665, 0.000773, 0.013446, -0.196206, -0.899542, -0.101801, 0.169684, 0.000752, 0.000014, 0.000000, 
1051, -0.162187, 1.583587, -1.244953, 1.089761, -0.035665, 0.000773, 0.013446, -0.185778, -0.883436, -0.120753, 0.158647, 0.000699, 0.000013, -0.000601, 
1052, -0.162854, 1.580235, -1.245466, 1.090320, -0.035665, 0.000773, 0.013446, -0.173958, -0.877207, -0.137205, 0.147726, -0.000707, 0.000012, -0.004207, 
1053, -0.163480, 1.576942, -1.246046, 1.090835, -0.035665, 0.000773, 0.013446, -0.162090, -0.862014, -0.152563, 0.136653, -0.001121, 0.000011, 0.012740, 
1054, -0.164064, 1.573710, -1.246701, 1.091308, -0.035665, 0.000773, 0.013464, -0.150329, -0.854675, -0.166936, 0.124678, -0.001388, 0.000011, 0.057332, 
1055, -0.164605, 1.570548, -1.247436, 1.091741, -0.035664, 0.000773, 0.013446, -0.139486, -0.838298, -0.184448, 0.114041, -0.000650, 0.000010, 0.000000, 
1056, -0.165109, 1.567470, -1.248253, 1.092133, -0.035664, 0.000773, 0.013446, -0.130431, -0.808929, -0.211325, 0.102531, -0.001776, 0.000009, 0.008894, 
1057, -0.165577, 1.564497, -1.249153, 1.092479, -0.035664, 0.000773, 0.013446, -0.121522, -0.774654, -0.234345, 0.090270, -0.001365, 0.000009, -0.016226, 
1058, -0.166011, 1.561648, -1.250134, 1.092775, -0.035663, 0.000773, 0.013446, -0.109126, -0.736913, -0.256805, 0.074528, 0.000273, 0.000851, -0.000120, 
1059, -0.166415, 1.558934, -1.251207, 1.093022, -0.035663, 0.000773, 0.013446, -0.099436, -0.698043, -0.283648, 0.061423, 0.000254, 0.000108, 0.000000, 
1060, -0.166790, 1.556363, -1.252390, 1.093222, -0.035662, 0.000773, 0.013446, -0.089211, -0.659657, -0.315258, 0.048429, 0.000236, -0.000396, 0.012981, 
1061, -0.167138, 1.553939, -1.253680, 1.093379, -0.035661, 0.000773, 0.013446, -0.082965, -0.620427, -0.341694, 0.036682, 0.000102, -0.001060, -0.001683, 
1062, -0.167462, 1.551655, -1.255077, 1.093498, -0.035661, 0.000774, 0.013446, -0.077325, -0.585219, -0.373456, 0.027630, 0.000095, -0.000985, -0.026322, 
1063, -0.167763, 1.549504, -1.256575, 1.093584, -0.035660, 0.000774, 0.013446, -0.072013, -0.549889, -0.400555, 0.018463, 0.000088, -0.000916, 0.009375, 
1064, -0.168043, 1.547482, -1.258174, 1.093641, -0.035660, 0.000774, 0.013446, -0.064360, -0.517251, -0.434258, 0.011480, 0.000082, -0.000852, 0.000000, 
1065, -0.168301, 1.545581, -1.259878, 1.093669, -0.035659, 0.000775, 0.013446, -0.055971, -0.485878, -0.465724, 0.003546, 0.000076, -0.000792, -0.021154, 
1066, -0.168540, 1.543798, -1.261687, 1.093667, -0.035659, 0.000775, 0.013446, -0.052005, -0.453801, -0.499862, -0.004826, 0.000054, -0.000737, 0.000000, 
1067, -0.168760, 1.542130, -1.263608, 1.093630, -0.035658, 0.000775, 0.013446, -0.047272, -0.422696, -0.524538, -0.014870, 0.000126, -0.000685, -0.006851, 
1068, -0.168963, 1.540575, -1.265651, 1.093555, -0.035657, 0.000776, 0.013446, -0.043081, -0.393717, -0.546935, -0.025541, 0.001769, -0.000637, -0.000721, 
1069, -0.169153, 1.539131, -1.267844, 1.093438, -0.035656, 0.000776, 0.013446, -0.041164, -0.363543, -0.573956, -0.037073, 0.003187, -0.000592, 0.000000, 
1070, -0.169328, 1.537791, -1.270170, 1.093280, -0.035655, 0.000776, 0.013446, -0.038278, -0.337241, -0.596318, -0.048926, 0.004354, -0.000551, -0.020553, 
1071, -0.169491, 1.536549, -1.272628, 1.093083, -0.035654, 0.000776, 0.013446, -0.035620, -0.313314, -0.620652, -0.058237, 0.003383, -0.000512, -0.002404, 
1072, -0.169642, 1.535401, -1.275215, 1.092853, -0.035654, 0.000777, 0.013446, -0.033122, -0.289013, -0.653460, -0.068749, 0.003137, 0.000400, -0.002163, 
1073, -0.169780, 1.534342, -1.277931, 1.092590, -0.035653, 0.000777, 0.013446, -0.030665, -0.266685, -0.688467, -0.076553, 0.002917, 0.000970, 0.000000, 
1074, -0.169907, 1.533371, -1.280762, 1.092295, -0.035653, 0.000778, 0.013446, -0.029628, -0.243302, -0.726902, -0.087079, 0.002696, 0.000902, -0.014423, 
1075, -0.170021, 1.532489, -1.283683, 1.091972, -0.035653, 0.000778, 0.013446, -0.027197, -0.219771, -0.753069, -0.094381, 0.002507, 0.000839, 0.000000, 
1076, -0.170122, 1.531695, -1.286673, 1.091623, -0.035652, 0.000779, 0.013446, -0.025197, -0.198211, -0.769075, -0.098828, 0.002458, 0.000780, -0.006971, 
1077, -0.170209, 1.530989, -1.289732, 1.091248, -0.035651, 0.000779, 0.013464, -0.021720, -0.175487, -0.789749, -0.106073, 0.002311, 0.000726, 0.043870, 
1078, -0.170280, 1.530367, -1.292869, 1.090844, -0.035649, 0.000780, 0.013446, -0.016245, -0.155957, -0.818327, -0.113257, 0.001306, 0.000675, -0.015986, 
1079, -0.170337, 1.529824, -1.296087, 1.090404, -0.035647, 0.000780, 0.013446, -0.013016, -0.136710, -0.828629, -0.121234, 0.001063, 0.000627, -0.002043, 
1080, -0.170380, 1.529353, -1.299405, 1.089920, -0.035645, 0.000780, 0.013446, -0.011724, -0.119899, -0.871276, -0.130886, 0.001586, 0.000583, -0.011779, 
1081, -0.170410, 1.528944, -1.302832, 1.089389, -0.035643, 0.000781, 0.013446, -0.007523, -0.104266, -0.912652, -0.141588, 0.001475, 0.000441, -0.021995, 
1082, -0.170427, 1.528590, -1.306374, 1.088811, -0.035642, 0.000781, 0.013446, -0.003886, -0.091773, -0.949223, -0.151616, 0.001372, 0.000284, -0.017668, 
1083, -0.170430, 1.528283, -1.310043, 1.088192, -0.035640, 0.000781, 0.013446, 0.000103, -0.080742, -0.960434, -0.158304, 0.001082, 0.000197, 0.000000, 
1084, -0.170418, 1.528016, -1.313838, 1.087536, -0.035638, 0.000782, 0.013446, 0.004006, -0.069835, -1.006101, -0.164294, 0.001394, 0.000562, -0.011058, 
1085, -0.170390, 1.527784, -1.317732, 1.086846, -0.035636, 0.000782, 0.013464, 0.010264, -0.061029, -1.035336, -0.170986, 0.001507, 0.000523, 0.034135, 
1086, -0.170351, 1.527584, -1.321676, 1.086129, -0.035634, 0.000783, 0.013446, 0.013952, -0.050282, -1.029581, -0.177444, 0.002024, 0.000756, -0.002284, 
1087, -0.170297, 1.527416, -1.325654, 1.085389, -0.035632, 0.000784, 0.013464, 0.019715, -0.042531, -1.026689, -0.182683, 0.001503, 0.001293, 0.055889, 
1088, -0.170225, 1.527283, -1.329658, 1.084624, -0.035629, 0.000784, 0.013446, 0.024190, -0.033313, -1.031686, -0.194684, 0.002064, 0.001202, -0.016226, 
1089, -0.170132, 1.527184, -1.333698, 1.083828, -0.035624, 0.000784, 0.013446, 0.028974, -0.025032, -1.036189, -0.206399, 0.001784, 0.001118, -0.010577, 
1090, -0.170015, 1.527113, -1.337807, 1.082988, -0.035619, 0.000785, 0.013446, 0.033937, -0.019009, -1.039332, -0.223284, 0.002106, 0.001039, -0.002043, 
1091, -0.169878, 1.527069, -1.341988, 1.082098, -0.035614, 0.000785, 0.013446, 0.037085, -0.012805, -1.048810, -0.239576, 0.001823, 0.000966, -0.033534, 
1092, -0.169719, 1.527048, -1.346268, 1.081156, -0.035609, 0.000786, 0.013446, 0.043131, -0.006839, -1.069354, -0.255728, 0.001114, 0.000899, -0.009255, 
1093, -0.169540, 1.527044, -1.350666, 1.080163, -0.035605, 0.000786, 0.013464, 0.045104, -0.002487, -1.096244, -0.268649, 0.001272, 0.000836, 0.059375, 
1094, -0.169344, 1.527053, -1.355185, 1.079124, -0.035600, 0.000786, 0.013446, 0.050512, 0.000637, -1.119285, -0.289471, 0.001183, 0.000777, 0.043870, 
1095, -0.169131, 1.527073, -1.359778, 1.078045, -0.035596, 0.000787, 0.013446, 0.056561, 0.002960, -1.128113, -0.299209, 0.002743, 0.000723, -0.013101, 
1096, -0.168905, 1.527103, -1.364391, 1.076931, -0.035591, 0.000787, 0.013446, 0.061014, 0.004956, -1.114850, -0.308812, 0.004202, 0.000672, 0.002043, 
1097, -0.168660, 1.527143, -1.369003, 1.075790, -0.035585, 0.000787, 0.013464, 0.067514, 0.008843, -1.121334, -0.314641, 0.004354, 0.000625, 0.035817, 
1098, -0.168392, 1.527197, -1.373618, 1.074622, -0.035578, 0.000787, 0.013464, 0.074165, 0.013562, -1.145439, -0.322261, 0.004816, 0.000581, 0.010457, 
1099, -0.168097, 1.527264, -1.378248, 1.073410, -0.035569, 0.000788, 0.013446, 0.082929, 0.016837, -1.156764, -0.339188, 0.003922, 0.000540, -0.001202, 
1100, -0.167777, 1.527344, -1.382915, 1.072141, -0.035560, 0.000789, 0.013446, 0.090943, 0.019356, -1.174113, -0.354432, 0.005307, 0.000831, -0.002524, 
1101, -0.167433, 1.527437, -1.387640, 1.070799, -0.035551, 0.000790, 0.013464, 0.097148, 0.023464, -1.207992, -0.371439, 0.004800, 0.000773, 0.062139, 
1102, -0.167061, 1.527541, -1.392454, 1.069391, -0.035543, 0.000791, 0.013446, 0.106289, 0.026626, -1.242404, -0.390017, 0.004464, 0.000719, -0.010337, 
1103, -0.166661, 1.527659, -1.397384, 1.067925, -0.035535, 0.000792, 0.013446, 0.114427, 0.029803, -1.273796, -0.410057, 0.003772, 0.000474, -0.003726, 
1104, -0.166233, 1.527791, -1.402419, 1.066404, -0.035528, 0.000793, 0.013446, 0.119980, 0.032449, -1.297357, -0.423543, 0.003600, 0.000441, -0.037740, 
1105, -0.165779, 1.527937, -1.407494, 1.064841, -0.035521, 0.000794, 0.013446, 0.124697, 0.036010, -1.298411, -0.426207, 0.003347, 0.000410, -0.006611, 
1106, -0.165300, 1.528099, -1.412577, 1.063243, -0.035514, 0.000796, 0.013464, 0.135437, 0.040593, -1.304413, -0.425018, 0.003635, 0.001704, 0.046875, 
1107, -0.164791, 1.528282, -1.417652, 1.061621, -0.035507, 0.000798, 0.013446, 0.142028, 0.044792, -1.291362, -0.425817, 0.002192, 0.002402, 0.000000, 
1108, -0.164245, 1.528484, -1.422755, 1.059972, -0.035500, 0.000799, 0.013446, 0.147374, 0.050917, -1.279344, -0.424791, 0.002746, 0.002234, -0.043510, 
1109, -0.163662, 1.528713, -1.427879, 1.058274, -0.035493, 0.000801, 0.013446, 0.155260, 0.059633, -1.285798, -0.432432, 0.003160, 0.002077, -0.018149, 
1110, -0.163042, 1.528965, -1.433042, 1.056513, -0.035486, 0.000804, 0.013446, 0.160108, 0.064625, -1.286136, -0.443591, 0.002939, 0.002361, -0.029087, 
1111, -0.162382, 1.529240, -1.438275, 1.054688, -0.035480, 0.000806, 0.013446, 0.168230, 0.071727, -1.291962, -0.457944, 0.002733, 0.001749, -0.005048, 
1112, -0.161688, 1.529533, -1.443601, 1.052802, -0.035474, 0.000809, 0.013446, 0.175531, 0.075404, -1.297700, -0.466354, 0.003856, 0.001627, -0.019231, 
1113, -0.160961, 1.529847, -1.448983, 1.050868, -0.035469, 0.000811, 0.013446, 0.179092, 0.079997, -1.303018, -0.469345, 0.003577, 0.001513, -0.017428, 
1114, -0.160206, 1.530176, -1.454356, 1.048896, -0.035464, 0.000814, 0.013446, 0.183204, 0.084808, -1.307003, -0.481581, 0.003925, 0.001407, -0.016947, 
1115, -0.159422, 1.530525, -1.459692, 1.046900, -0.035458, 0.000816, 0.013446, 0.185586, 0.092834, -1.311619, -0.493676, 0.003178, 0.001308, -0.010577, 
1116, -0.158605, 1.530893, -1.464991, 1.044881, -0.035453, 0.000818, 0.013446, 0.195563, 0.097571, -1.317251, -0.500406, 0.002955, 0.001216, -0.003365, 
1117, -0.157757, 1.531284, -1.470258, 1.042839, -0.035447, 0.000820, 0.013446, 0.204048, 0.103746, -1.315637, -0.508989, 0.001762, 0.001215, -0.006490, 
1118, -0.156877, 1.531694, -1.475506, 1.040763, -0.035442, 0.000822, 0.013464, 0.215427, 0.109175, -1.322108, -0.522693, 0.001579, 0.001956, 0.026923, 
1119, -0.155975, 1.532127, -1.480759, 1.038648, -0.035438, 0.000825, 0.013464, 0.225107, 0.113879, -1.332474, -0.542271, 0.000019, 0.001819, 0.044952, 
1120, -0.155049, 1.532585, -1.486054, 1.036500, -0.035434, 0.000827, 0.013446, 0.232127, 0.118468, -1.353666, -0.549023, -0.000623, 0.001691, -0.068510, 
1121, -0.154099, 1.533071, -1.491402, 1.034328, -0.035430, 0.000829, 0.013464, 0.237805, 0.127197, -1.377046, -0.555041, -0.000579, 0.001573, 0.031250, 
1122, -0.153127, 1.533589, -1.496755, 1.032147, -0.035427, 0.000831, 0.013464, 0.251705, 0.134083, -1.385810, -0.557342, -0.000142, 0.001462, 0.024399, 
1123, -0.152137, 1.534144, -1.502072, 1.029973, -0.035424, 0.000832, 0.013446, 0.260256, 0.145724, -1.383881, -0.554080, -0.000132, 0.001360, -0.070312, 
1124, -0.151130, 1.534745, -1.507337, 1.027822, -0.035420, 0.000834, 0.013446, 0.263489, 0.161184, -1.374789, -0.547128, 0.001436, 0.001264, -0.052284, 
1125, -0.150104, 1.535400, -1.512558, 1.025693, -0.035415, 0.000836, 0.013464, 0.266429, 0.177368, -1.367641, -0.545215, 0.001386, 0.001176, 0.001202, 
1126, -0.149062, 1.536110, -1.517765, 1.023573, -0.035411, 0.000837, 0.013464, 0.270628, 0.192408, -1.362873, -0.546688, 0.000311, 0.001371, 0.000000, 
1127, -0.148004, 1.536878, -1.522954, 1.021447, -0.035406, 0.000839, 0.013464, 0.274111, 0.207308, -1.358650, -0.548841, -0.000065, 0.001275, 0.017668, 
1128, -0.146931, 1.537703, -1.528161, 1.019312, -0.035403, 0.000841, 0.013446, 0.283898, 0.220317, -1.379962, -0.555344, -0.001291, 0.001186, -0.056490, 
1129, -0.145844, 1.538584, -1.533411, 1.017175, -0.035400, 0.000842, 0.013464, 0.290690, 0.236387, -1.392710, -0.555879, -0.001217, 0.001103, 0.027404, 
1130, -0.144744, 1.539516, -1.538701, 1.015046, -0.035397, 0.000843, 0.013464, 0.296879, 0.244761, -1.395404, -0.552029, -0.001132, 0.001025, 0.014663, 
1131, -0.143628, 1.540502, -1.543981, 1.012938, -0.035394, 0.000845, 0.013446, 0.289345, 0.261750, -1.371465, -0.547159, -0.001305, 0.000954, -0.045793, 
1132, -0.142493, 1.541534, -1.549204, 1.010866, -0.035391, 0.000846, 0.013464, 0.296859, 0.272952, -1.338485, -0.539547, -0.001146, 0.000887, 0.014543, 
1133, -0.141329, 1.542612, -1.554354, 1.008844, -0.035384, 0.000847, 0.013464, 0.311818, 0.284118, -1.313009, -0.528558, -0.000282, 0.000825, 0.010697, 
1134, -0.140131, 1.543738, -1.559429, 1.006865, -0.035374, 0.000848, 0.013464, 0.320824, 0.298196, -1.287777, -0.518727, 0.000041, 0.000539, 0.017067, 
1135, -0.138890, 1.544917, -1.564438, 1.004907, -0.035361, 0.000849, 0.013464, 0.338324, 0.309846, -1.262190, -0.519293, 0.001319, 0.000501, 0.001202, 
1136, -0.137607, 1.546150, -1.569392, 1.002953, -0.035347, 0.000851, 0.013464, 0.348657, 0.324889, -1.257409, -0.514671, 0.001243, 0.000466, 0.014663, 
1137, -0.136273, 1.547444, -1.574312, 1.000996, -0.035334, 0.000852, 0.013464, 0.363852, 0.339909, -1.264094, -0.519895, 0.001156, 0.000434, 0.028846, 
1138, -0.134889, 1.548805, -1.579210, 0.999040, -0.035322, 0.000853, 0.013464, 0.379372, 0.353076, -1.270463, -0.525570, 0.001075, 0.000403, 0.024399, 
1139, -0.133459, 1.550246, -1.584089, 0.997081, -0.035311, 0.000854, 0.013464, 0.383726, 0.380075, -1.265413, -0.525235, 0.001000, 0.000375, 0.002043, 
1140, -0.131978, 1.551770, -1.588925, 0.995114, -0.035300, 0.000855, 0.013464, 0.387075, 0.402898, -1.251717, -0.533098, 0.000947, 0.000349, 0.018750, 
1141, -0.130449, 1.553388, -1.593686, 0.993148, -0.035289, 0.000856, 0.013446, 0.392253, 0.430116, -1.224420, -0.530466, 0.001108, 0.000324, -0.053966, 
1142, -0.128864, 1.555107, -1.598339, 0.991191, -0.035275, 0.000856, 0.013464, 0.398898, 0.452585, -1.191478, -0.526762, 0.001586, 0.000301, 0.031851, 
1143, -0.127226, 1.556915, -1.602871, 0.989241, -0.035262, 0.000858, 0.013464, 0.409028, 0.470619, -1.158199, -0.528459, 0.002731, 0.001688, 0.005529, 
1144, -0.125539, 1.558811, -1.607268, 0.987298, -0.035249, 0.000859, 0.013464, 0.419544, 0.492554, -1.132108, -0.527669, 0.002497, 0.001569, 0.028606, 
1145, -0.123809, 1.560780, -1.611542, 0.985349, -0.035238, 0.000860, 0.013464, 0.428547, 0.503053, -1.101786, -0.529074, 0.003392, 0.001459, 0.020913, 
1146, -0.122051, 1.562821, -1.615711, 0.983383, -0.035227, 0.000861, 0.013446, 0.429917, 0.520241, -1.077653, -0.535808, 0.003264, 0.001357, -0.064663, 
1147, -0.120265, 1.564928, -1.619796, 0.981398, -0.035216, 0.000862, 0.013446, 0.447125, 0.534247, -1.050433, -0.536710, 0.002319, 0.001262, -0.032212, 
1148, -0.118459, 1.567097, -1.623819, 0.979384, -0.035207, 0.000862, 0.013464, 0.454607, 0.560750, -1.021162, -0.534398, 0.002156, 0.001173, 0.000721, 
1149, -0.116638, 1.569325, -1.627778, 0.977346, -0.035197, 0.000863, 0.013464, 0.468290, 0.575325, -1.002554, -0.535011, 0.003497, 0.001091, 0.027764, 
1150, -0.114807, 1.571610, -1.631676, 0.975280, -0.035188, 0.000864, 0.013464, 0.471701, 0.592388, -0.987578, -0.532751, 0.003251, 0.001015, 0.053606, 
1151, -0.112969, 1.573953, -1.635471, 0.973199, -0.035180, 0.000865, 0.013446, 0.468259, 0.607336, -0.952735, -0.545201, 0.001641, 0.000943, -0.054327, 
1152, -0.111126, 1.576352, -1.639160, 0.971108, -0.035171, 0.000865, 0.013464, 0.460742, 0.614827, -0.928097, -0.550889, 0.001838, 0.000877, 0.021995, 
1153, -0.109278, 1.578810, -1.642733, 0.969013, -0.035164, 0.000866, 0.013446, 0.467118, 0.625699, -0.906771, -0.553119, 0.001709, 0.000816, -0.007212, 
1154, -0.107428, 1.581327, -1.646195, 0.966918, -0.035157, 0.000866, 0.013464, 0.475112, 0.629450, -0.880838, -0.544229, 0.001589, 0.000759, 0.012620, 
1155, -0.105574, 1.583915, -1.649553, 0.964814, -0.035150, 0.000867, 0.013464, 0.475416, 0.650260, -0.848272, -0.544726, 0.003130, 0.000705, 0.042788, 
1156, -0.103717, 1.586585, -1.652819, 0.962696, -0.035143, 0.000867, 0.013464, 0.472412, 0.667374, -0.820095, -0.554669, 0.003441, 0.000656, 0.049399, 
1157, -0.101847, 1.589352, -1.655999, 0.960557, -0.035138, 0.000868, 0.013464, 0.470175, 0.698878, -0.804201, -0.562642, 0.002012, 0.000340, 0.023077, 
1158, -0.099955, 1.592221, -1.659091, 0.958399, -0.035132, 0.000868, 0.013464, 0.479159, 0.723491, -0.780816, -0.573208, 0.001871, 0.001033, 0.018149, 
1159, -0.098033, 1.595190, -1.662085, 0.956230, -0.035127, 0.000869, 0.013464, 0.492654, 0.756904, -0.753392, -0.580732, 0.001740, 0.001137, 0.028125, 
1160, -0.096077, 1.598233, -1.664970, 0.954056, -0.035122, 0.000870, 0.013464, 0.508776, 0.772373, -0.719986, -0.569999, 0.001618, 0.001058, 0.007091, 
1161, -0.094082, 1.601338, -1.667743, 0.951869, -0.035117, 0.000870, 0.013446, 0.525208, 0.782930, -0.693304, -0.566600, 0.002001, 0.000983, -0.037981, 
1162, -0.092055, 1.604488, -1.670402, 0.949669, -0.035114, 0.000871, 0.013464, 0.532550, 0.794341, -0.666478, -0.565116, 0.001827, 0.000914, 0.033413, 
1163, -0.089993, 1.607669, -1.672947, 0.947459, -0.035111, 0.000872, 0.013464, 0.542293, 0.794742, -0.635787, -0.572163, 0.000747, 0.000850, 0.018870, 
1164, -0.087901, 1.610878, -1.675381, 0.945240, -0.035108, 0.000872, 0.013446, 0.549247, 0.799492, -0.604727, -0.573238, 0.000678, 0.000791, -0.066827, 
1165, -0.085784, 1.614113, -1.677708, 0.943020, -0.035105, 0.000873, 0.013446, 0.552957, 0.813226, -0.579107, -0.573176, 0.001111, 0.000735, -0.056490, 
1166, -0.083646, 1.617372, -1.679931, 0.940794, -0.035103, 0.000873, 0.013464, 0.550356, 0.818273, -0.550816, -0.580534, 0.000721, 0.000684, 0.033293, 
1167, -0.081496, 1.620669, -1.682052, 0.938580, -0.035101, 0.000874, 0.013464, 0.560427, 0.830100, -0.526001, -0.576489, 0.001050, 0.000636, 0.012620, 
1168, -0.079334, 1.624018, -1.684072, 0.936381, -0.035099, 0.000874, 0.013446, 0.563732, 0.847999, -0.503136, -0.573553, 0.000968, 0.000591, -0.043990, 
1169, -0.077164, 1.627441, -1.685993, 0.934196, -0.035098, 0.000874, 0.013464, 0.572401, 0.868419, -0.482228, -0.573663, -0.000086, 0.000550, 0.012500, 
1170, -0.075000, 1.630963, -1.687816, 0.932033, -0.035097, 0.000875, 0.013446, 0.569744, 0.904699, -0.458126, -0.567942, -0.000139, 0.000511, -0.022596, 
1171, -0.072839, 1.634582, -1.689550, 0.929892, -0.035096, 0.000875, 0.013464, 0.562452, 0.915704, -0.438435, -0.564476, -0.000121, 0.000475, 0.003486, 
1172, -0.070685, 1.638291, -1.691196, 0.927771, -0.035095, 0.000875, 0.013464, 0.554130, 0.928263, -0.420125, -0.563268, -0.000879, 0.000442, 0.000000, 
1173, -0.068548, 1.642047, -1.692762, 0.925671, -0.035094, 0.000875, 0.013464, 0.545059, 0.940969, -0.403099, -0.557947, -0.000818, 0.000411, 0.022596, 
1174, -0.066433, 1.645824, -1.694248, 0.923589, -0.035094, 0.000876, 0.013464, 0.539751, 0.948373, -0.382674, -0.556555, 0.000015, 0.000382, 0.004327, 
1175, -0.064336, 1.649604, -1.695658, 0.921529, -0.035093, 0.000876, 0.013446, 0.544869, 0.957193, -0.361406, -0.554807, 0.000604, 0.000355, -0.056010, 
1176, -0.062260, 1.653380, -1.696991, 0.919491, -0.035093, 0.000876, 0.013464, 0.531973, 0.961230, -0.340247, -0.544795, 0.000073, 0.000331, 0.025721, 
1177, -0.060198, 1.657158, -1.698245, 0.917472, -0.035093, 0.000876, 0.013464, 0.531585, 0.971575, -0.319046, -0.534568, 0.000025, 0.000307, 0.011538, 
1178, -0.058144, 1.660939, -1.699420, 0.915468, -0.035093, 0.000877, 0.013464, 0.523876, 0.969877, -0.298480, -0.526785, -0.000128, 0.000286, 0.016827, 
1179, -0.056085, 1.664750, -1.700517, 0.913478, -0.035093, 0.000877, 0.013464, 0.519438, 0.986656, -0.277553, -0.518410, -0.000026, 0.000266, 0.000361, 
1180, -0.054016, 1.668616, -1.701536, 0.911499, -0.035093, 0.000877, 0.013446, 0.520502, 0.990372, -0.258018, -0.518189, -0.000025, 0.000247, -0.035577, 
1181, -0.051931, 1.672576, -1.702484, 0.909532, -0.035093, 0.000877, 0.013464, 0.529295, 1.018818, -0.239456, -0.515018, -0.000006, 0.000230, 0.000240, 
1182, -0.049823, 1.676634, -1.703367, 0.907576, -0.035094, 0.000877, 0.013464, 0.543792, 1.030826, -0.226375, -0.514041, -0.000107, 0.000214, 0.037380, 
1183, -0.047699, 1.680777, -1.704187, 0.905629, -0.035094, 0.000877, 0.013464, 0.549452, 1.044549, -0.210503, -0.513916, -0.001380, 0.000199, 0.034615, 
1184, -0.045563, 1.684975, -1.704952, 0.903701, -0.035094, 0.000877, 0.013446, 0.556350, 1.043356, -0.197573, -0.510783, 0.000082, 0.000185, -0.008293, 
1185, -0.043423, 1.689180, -1.705664, 0.901797, -0.035094, 0.000878, 0.013464, 0.561677, 1.038980, -0.183831, -0.502847, 0.000076, 0.000172, 0.021875, 
1186, -0.041286, 1.693375, -1.706328, 0.899905, -0.035094, 0.000878, 0.013464, 0.561212, 1.034465, -0.166197, -0.491414, -0.000123, 0.000160, 0.005288, 
1187, -0.039157, 1.697542, -1.706951, 0.898015, -0.035095, 0.000878, 0.013446, 0.550373, 1.024212, -0.158388, -0.485957, -0.001092, 0.000149, -0.055649, 
1188, -0.037044, 1.701680, -1.707531, 0.896122, -0.035095, 0.000878, 0.013464, 0.545434, 1.020723, -0.147325, -0.491214, -0.001015, 0.000138, 0.048317, 
1189, -0.034948, 1.705794, -1.708070, 0.894223, -0.035094, 0.000878, 0.013464, 0.542324, 1.030613, -0.131906, -0.489328, 0.000640, 0.000128, 0.005288, 
1190, -0.032867, 1.709907, -1.708572, 0.892308, -0.035094, 0.000878, 0.013464, 0.541168, 1.039198, -0.123661, -0.487961, 0.001017, 0.000119, 0.008894, 
1191, -0.030804, 1.714047, -1.709037, 0.890381, -0.035093, 0.000878, 0.013464, 0.537667, 1.053772, -0.111696, -0.486934, 0.001021, 0.000111, 0.012620, 
1192, -0.028760, 1.718246, -1.709470, 0.888452, -0.035093, 0.000878, 0.013464, 0.530821, 1.067627, -0.105196, -0.480342, 0.000798, 0.000103, 0.037981, 
1193, -0.026731, 1.722528, -1.709872, 0.886524, -0.035092, 0.000879, 0.013446, 0.528104, 1.097267, -0.098722, -0.475282, 0.001087, 0.000484, -0.049159, 
1194, -0.024719, 1.726872, -1.710246, 0.884608, -0.035091, 0.000879, 0.013464, 0.526479, 1.113832, -0.092154, -0.476088, 0.001087, 0.000450, 0.010337, 
1195, -0.022736, 1.731248, -1.710594, 0.882715, -0.035090, 0.000880, 0.013464, 0.514746, 1.111969, -0.085693, -0.472675, 0.000960, 0.000418, 0.016106, 
1196, -0.020786, 1.735626, -1.710920, 0.880847, -0.035089, 0.000880, 0.013464, 0.498165, 1.100112, -0.083334, -0.466155, 0.001272, 0.000389, 0.052764, 
1197, -0.018874, 1.739991, -1.711222, 0.879001, -0.035088, 0.000880, 0.013464, 0.493380, 1.102699, -0.076379, -0.455736, 0.001486, 0.000362, 0.051202, 
1198, -0.017006, 1.744327, -1.711506, 0.877173, -0.035087, 0.000881, 0.013446, 0.479839, 1.097041, -0.068782, -0.453404, 0.001567, 0.000336, -0.035697, 
1199, -0.015182, 1.748638, -1.711774, 0.875356, -0.035087, 0.000881, 0.013464, 0.469143, 1.091560, -0.064078, -0.449095, 0.001618, 0.001636, 0.027404, 
1200, -0.013397, 1.752924, -1.712027, 0.873537, -0.035086, 0.000882, 0.013464, 0.464792, 1.094499, -0.060832, -0.445333, 0.001504, 0.001083, 0.044351, 
1201, -0.011643, 1.757210, -1.712264, 0.871706, -0.035085, 0.000882, 0.013446, 0.461303, 1.092373, -0.059963, -0.444286, 0.001306, 0.001310, -0.030769, 
1202, -0.009914, 1.761530, -1.712482, 0.869863, -0.035084, 0.000883, 0.013446, 0.456516, 1.120439, -0.052818, -0.444940, 0.002276, 0.001286, -0.027644, 
1203, -0.008202, 1.765902, -1.712686, 0.868010, -0.035083, 0.000883, 0.013446, 0.453970, 1.134819, -0.049115, -0.452474, 0.002218, 0.001196, -0.021034, 
1204, -0.006502, 1.770323, -1.712875, 0.866150, -0.035082, 0.000884, 0.013464, 0.453363, 1.138255, -0.045671, -0.457576, 0.002104, 0.001112, 0.054207, 
1205, -0.004819, 1.774782, -1.713051, 0.864286, -0.035081, 0.000884, 0.013446, 0.444270, 1.161861, -0.042469, -0.461494, 0.002791, 0.001034, -0.004207, 
1206, -0.003159, 1.779240, -1.713216, 0.862428, -0.035081, 0.000885, 0.013446, 0.435141, 1.149969, -0.044447, -0.463149, 0.002663, 0.000961, -0.048197, 
1207, -0.001524, 1.783678, -1.713368, 0.860568, -0.035081, 0.000885, 0.013446, 0.432104, 1.145256, -0.041331, -0.466618, 0.002038, 0.000894, -0.016346, 
1208, 0.000078, 1.788079, -1.713510, 0.858708, -0.035083, 0.000886, 0.013464, 0.425817, 1.137217, -0.038222, -0.468351, 0.001895, 0.000831, 0.045793, 
1209, 0.001647, 1.792439, -1.713643, 0.856853, -0.035084, 0.000886, 0.013446, 0.413060, 1.123998, -0.038635, -0.459936, 0.002327, 0.000773, -0.024159, 
1210, 0.003182, 1.796751, -1.713765, 0.854995, -0.035085, 0.000886, 0.013464, 0.398350, 1.114255, -0.037553, -0.457882, 0.001363, 0.000719, 0.029928, 
1211, 0.004690, 1.801022, -1.713880, 0.853131, -0.035087, 0.000887, 0.013464, 0.388210, 1.100523, -0.035990, -0.456832, 0.000416, 0.000668, 0.012380, 
1212, 0.006175, 1.805274, -1.713987, 0.851255, -0.035087, 0.000887, 0.013464, 0.380441, 1.100827, -0.035363, -0.468606, 0.001373, 0.000622, 0.036298, 
1213, 0.007641, 1.809531, -1.714085, 0.849372, -0.035089, 0.000887, 0.013464, 0.371329, 1.117543, -0.032698, -0.477389, 0.001277, 0.000578, -0.011298, 
1214, 0.009091, 1.813807, -1.714175, 0.847492, -0.035090, 0.000888, 0.013446, 0.363143, 1.113600, -0.025442, -0.482631, 0.001187, 0.000537, -0.019231, 
1215, 0.010522, 1.818119, -1.714258, 0.845625, -0.035091, 0.000888, 0.013464, 0.355690, 1.121107, -0.022942, -0.479290, 0.000599, 0.000500, 0.022476, 
1216, 0.011921, 1.822447, -1.714337, 0.843782, -0.035093, 0.000888, 0.013446, 0.344455, 1.129234, -0.025867, -0.474068, 0.000270, 0.000465, -0.031611, 
1217, 0.013282, 1.826761, -1.714411, 0.841978, -0.035094, 0.000888, 0.013446, 0.335329, 1.115281, -0.029017, -0.460810, -0.000651, 0.000432, -0.036899, 
1218, 0.014594, 1.831035, -1.714478, 0.840217, -0.035097, 0.000888, 0.013446, 0.322951, 1.101940, -0.026645, -0.452940, -0.000900, 0.000402, -0.061538, 
1219, 0.015850, 1.835258, -1.714542, 0.838505, -0.035100, 0.000889, 0.013464, 0.310134, 1.090937, -0.026235, -0.445192, -0.001241, 0.000374, 0.025721, 
1220, 0.017050, 1.839418, -1.714601, 0.836843, -0.035102, 0.000889, 0.013464, 0.296328, 1.074492, -0.024396, -0.429509, -0.000851, 0.000347, 0.036659, 
1221, 0.018198, 1.843509, -1.714657, 0.835231, -0.035106, 0.000889, 0.013446, 0.284712, 1.062405, -0.026629, -0.415508, -0.002443, 0.000323, -0.036899, 
1222, 0.019300, 1.847538, -1.714708, 0.833671, -0.035108, 0.000889, 0.013464, 0.275840, 1.055990, -0.024754, -0.400997, -0.003670, 0.000300, 0.019591, 
1223, 0.020369, 1.851511, -1.714756, 0.832164, -0.035111, 0.000889, 0.013446, 0.269874, 1.045306, -0.022437, -0.386171, -0.002646, 0.000279, -0.057813, 
1224, 0.021411, 1.855446, -1.714800, 0.830710, -0.035113, 0.000889, 0.013464, 0.264730, 1.040095, -0.020864, -0.368981, -0.003312, 0.000260, 0.008894, 
1225, 0.022432, 1.859363, -1.714841, 0.829311, -0.035115, 0.000889, 0.013464, 0.259299, 1.040069, -0.019729, -0.357496, -0.003105, 0.000242, 0.000240, 
1226, 0.023430, 1.863277, -1.714879, 0.827972, -0.035117, 0.000889, 0.013446, 0.253447, 1.042341, -0.018768, -0.340799, -0.001379, 0.000225, -0.026923, 
1227, 0.024400, 1.867194, -1.714915, 0.826697, -0.035119, 0.000890, 0.013464, 0.246515, 1.037337, -0.019483, -0.324691, -0.001282, 0.000209, 0.013101, 
1228, 0.025335, 1.871109, -1.714948, 0.825487, -0.035121, 0.000890, 0.013464, 0.236756, 1.032347, -0.022945, -0.306856, -0.001192, 0.000194, 0.043870, 
1229, 0.026234, 1.875001, -1.714979, 0.824342, -0.035123, 0.000890, 0.013464, 0.227193, 1.013710, -0.025356, -0.291628, -0.000662, 0.000181, 0.022356, 
1230, 0.027090, 1.878858, -1.715007, 0.823261, -0.035125, 0.000890, 0.013464, 0.215242, 0.997707, -0.025348, -0.274156, -0.000641, 0.000168, 0.022356, 
1231, 0.027904, 1.882664, -1.715034, 0.822237, -0.035127, 0.000890, 0.013464, 0.203994, 0.982189, -0.023562, -0.259713, -0.000352, 0.000156, 0.034856, 
1232, 0.028679, 1.886404, -1.715058, 0.821266, -0.035128, 0.000890, 0.013446, 0.195464, 0.957753, -0.021910, -0.248995, 0.000701, 0.000145, -0.036298, 
1233, 0.029420, 1.890077, -1.715081, 0.820342, -0.035130, 0.000890, 0.013464, 0.187709, 0.936454, -0.020138, -0.240226, 0.000854, 0.000135, 0.007572, 
1234, 0.030133, 1.893681, -1.715103, 0.819463, -0.035132, 0.000890, 0.013464, 0.179865, 0.912308, -0.018002, -0.230386, 0.000794, 0.000126, 0.026442, 
1235, 0.030819, 1.897211, -1.715123, 0.818626, -0.035133, 0.000890, 0.013446, 0.174224, 0.891360, -0.016739, -0.217848, 0.000739, 0.000117, -0.029567, 
1236, 0.031481, 1.900670, -1.715141, 0.817830, -0.035134, 0.000890, 0.013446, 0.167242, 0.879818, -0.013779, -0.207690, 0.000881, 0.000109, -0.022837, 
1237, 0.032115, 1.904049, -1.715158, 0.817075, -0.035136, 0.000890, 0.013446, 0.160387, 0.853454, -0.012813, -0.198100, 0.001299, 0.000101, -0.024760, 
1238, 0.032719, 1.907351, -1.715174, 0.816360, -0.035137, 0.000890, 0.013446, 0.152470, 0.841507, -0.011906, -0.187135, 0.002430, 0.000094, -0.047596, 
1239, 0.033291, 1.910574, -1.715189, 0.815686, -0.035138, 0.000890, 0.013464, 0.143601, 0.818292, -0.011190, -0.174984, 0.000793, 0.000087, 0.005409, 
1240, 0.033825, 1.913727, -1.715203, 0.815051, -0.035139, 0.000890, 0.013464, 0.133078, 0.803223, -0.010869, -0.167460, 0.000300, 0.000081, 0.023317, 
1241, 0.034321, 1.916819, -1.715216, 0.814454, -0.035141, 0.000890, 0.013446, 0.123242, 0.788246, -0.010107, -0.157944, -0.000682, 0.000547, -0.048678, 
1242, 0.034782, 1.919855, -1.715228, 0.813893, -0.035142, 0.000890, 0.013446, 0.114601, 0.773885, -0.007308, -0.147881, 0.000149, 0.000568, -0.040745, 
1243, 0.035211, 1.922838, -1.715240, 0.813367, -0.035143, 0.000890, 0.013464, 0.106566, 0.762915, -0.011742, -0.139426, -0.000173, 0.000528, 0.033053, 
1244, 0.035608, 1.925769, -1.715250, 0.812874, -0.035144, 0.000891, 0.013464, 0.098631, 0.745834, -0.010919, -0.130131, -0.000995, 0.000491, 0.003966, 
1245, 0.035974, 1.928641, -1.715260, 0.812413, -0.035145, 0.000891, 0.013446, 0.089348, 0.732719, -0.010153, -0.121344, -0.001414, 0.000549, -0.063462, 
1246, 0.036311, 1.931441, -1.715269, 0.811983, -0.035146, 0.000891, 0.013446, 0.082536, 0.716124, -0.009442, -0.112685, -0.001711, 0.000511, 0.039904, 
1247, 0.036620, 1.934163, -1.715277, 0.811583, -0.035146, 0.000891, 0.013446, 0.075072, 0.696455, -0.008780, -0.105146, -0.001591, 0.000863, -0.044591, 
1248, 0.036902, 1.936798, -1.715284, 0.811212, -0.035148, 0.000891, 0.013446, 0.067904, 0.671292, -0.009951, -0.097766, -0.002600, 0.000811, -0.008534, 
1249, 0.037157, 1.939350, -1.715292, 0.810866, -0.035149, 0.000891, 0.013446, 0.061449, 0.653059, -0.013685, -0.091215, -0.002418, 0.000813, -0.004207, 
1250, 0.037387, 1.941822, -1.715297, 0.810546, -0.035150, 0.000890, 0.013446, 0.055481, 0.632991, -0.014352, -0.084727, -0.002248, -0.000247, -0.062740, 
1251, 0.037592, 1.944226, -1.715299, 0.810248, -0.035151, 0.000890, 0.013464, 0.047875, 0.619331, -0.015124, -0.079376, -0.002091, 0.000048, 0.039423, 
1252, 0.037774, 1.946570, -1.715297, 0.809972, -0.035152, 0.000890, 0.013446, 0.041754, 0.601990, -0.010027, -0.073466, -0.001944, 0.000382, -0.058654, 
1253, 0.037933, 1.948867, -1.715295, 0.809716, -0.035152, 0.000890, 0.013446, 0.036324, 0.588435, -0.010968, -0.067885, -0.001808, 0.000777, -0.035817, 
1254, 0.038070, 1.951116, -1.715292, 0.809483, -0.035153, 0.000890, 0.013446, 0.031915, 0.572581, -0.009449, -0.062089, -0.001681, 0.000461, -0.039303, 
1255, 0.038186, 1.953318, -1.715289, 0.809276, -0.035154, 0.000890, 0.013464, 0.027318, 0.557384, -0.008685, -0.054188, -0.001563, 0.000125, 0.029207, 
1256, 0.038285, 1.955465, -1.715285, 0.809099, -0.035155, 0.000890, 0.013464, 0.023709, 0.544471, -0.008927, -0.044920, -0.001723, 0.001027, 0.040264, 
1257, 0.038368, 1.957546, -1.715278, 0.808954, -0.035156, 0.000889, 0.013446, 0.020580, 0.523901, -0.008284, -0.035922, -0.002251, 0.000137, -0.030529, 
1258, 0.038440, 1.959547, -1.715273, 0.808843, -0.035157, 0.000889, 0.013464, 0.018101, 0.503100, -0.007645, -0.028727, -0.002911, 0.000128, 0.016346, 
1259, 0.038504, 1.961455, -1.715268, 0.808764, -0.035158, 0.000889, 0.013464, 0.016141, 0.479818, -0.007092, -0.020114, -0.002858, 0.000119, 0.010337, 
1260, 0.038562, 1.963266, -1.715262, 0.808711, -0.035159, 0.000889, 0.013464, 0.013501, 0.457827, -0.005937, -0.012940, -0.002818, 0.000093, 0.024399, 
1261, 0.038612, 1.964978, -1.715257, 0.808675, -0.035159, 0.000888, 0.013446, 0.010456, 0.433599, -0.005024, -0.009715, -0.003093, -0.000006, -0.033053, 
1262, 0.038656, 1.966594, -1.715253, 0.808654, -0.035160, 0.000888, 0.013446, 0.008534, 0.409123, -0.004655, -0.007231, -0.003044, 0.001621, -0.045913, 
1263, 0.038692, 1.968119, -1.715248, 0.808644, -0.035161, 0.000888, 0.013464, 0.006942, 0.383219, -0.004210, -0.002199, -0.003277, 0.000934, 0.051683, 
1264, 0.038720, 1.969560, -1.715243, 0.808642, -0.035161, 0.000888, 0.013446, 0.004256, 0.364074, 0.000964, -0.000300, -0.001750, 0.002133, -0.060216, 
1265, 0.038740, 1.970929, -1.715237, 0.808648, -0.035162, 0.000889, 0.013446, 0.002879, 0.347005, 0.003062, 0.000867, -0.001636, 0.003290, -0.011659, 
1266, 0.038752, 1.972229, -1.715228, 0.808663, -0.035162, 0.000888, 0.013446, 0.000688, 0.329097, -0.000363, 0.002879, -0.001521, 0.002747, -0.031250, 
1267, 0.038757, 1.973469, -1.715213, 0.808689, -0.035162, 0.000888, 0.013464, -0.000372, 0.313001, 0.005519, 0.006006, 0.000237, 0.002529, 0.031731, 
1268, 0.038755, 1.974652, -1.715191, 0.808726, -0.035163, 0.000888, 0.013464, -0.002317, 0.297211, 0.006017, 0.009461, 0.000221, 0.002242, 0.020433, 
1269, 0.038748, 1.975781, -1.715160, 0.808779, -0.035163, 0.000888, 0.013464, -0.003175, 0.282340, 0.010558, 0.014082, 0.000205, 0.001563, 0.011899, 
1270, 0.038737, 1.976855, -1.715121, 0.808846, -0.035164, 0.000887, 0.013464, -0.003584, 0.267537, 0.010703, 0.015959, 0.000166, 0.001453, 0.011298, 
1271, 0.038724, 1.977874, -1.715077, 0.808931, -0.035164, 0.000888, 0.013464, -0.003619, 0.252804, 0.012287, 0.019180, 0.000078, 0.002666, 0.047957, 
1272, 0.038709, 1.978833, -1.715030, 0.809033, -0.035164, 0.000888, 0.013464, -0.003012, 0.238370, 0.012647, 0.023322, 0.000705, 0.002479, 0.037139, 
1273, 0.038694, 1.979730, -1.714981, 0.809149, -0.035164, 0.000887, 0.013446, -0.002564, 0.222213, 0.017053, 0.026911, 0.000284, 0.002271, -0.033534, 
1274, 0.038680, 1.980566, -1.714935, 0.809279, -0.035164, 0.000887, 0.013446, -0.001264, 0.205664, 0.015891, 0.033182, 0.001065, 0.002045, -0.012740, 
1275, 0.038666, 1.981343, -1.714890, 0.809421, -0.035165, 0.000887, 0.013446, -0.001175, 0.189496, 0.017153, 0.034150, 0.000240, 0.001901, -0.059255, 
1276, 0.038654, 1.982065, -1.714847, 0.809576, -0.035165, 0.000887, 0.013446, -0.001093, 0.174335, 0.016043, 0.034671, -0.000425, 0.001574, -0.031731, 
1277, 0.038641, 1.982737, -1.714806, 0.809744, -0.035165, 0.000887, 0.013464, -0.001421, 0.164038, 0.017547, 0.039530, -0.001567, 0.001464, 0.043269, 
1278, 0.038628, 1.983362, -1.714767, 0.809926, -0.035166, 0.000887, 0.013464, -0.001481, 0.152592, 0.016241, 0.045514, -0.001550, 0.001361, 0.044351, 
1279, 0.038615, 1.983942, -1.714732, 0.810126, -0.035165, 0.000887, 0.013464, -0.002060, 0.141080, 0.014850, 0.056286, -0.001365, 0.001266, 0.005048, 
1280, 0.038600, 1.984479, -1.714697, 0.810344, -0.035165, 0.000886, 0.013464, -0.003062, 0.128559, 0.020019, 0.061483, -0.001025, 0.001177, 0.006611, 
1281, 0.038584, 1.984979, -1.714666, 0.810578, -0.035165, 0.000886, 0.013446, -0.003622, 0.119934, 0.018616, 0.070234, 0.000294, 0.001095, -0.012380, 
1282, 0.038564, 1.985442, -1.714638, 0.810831, -0.035166, 0.000886, 0.013446, -0.004986, 0.112123, 0.017892, 0.074006, 0.000265, 0.001018, -0.057572, 
1283, 0.038539, 1.985868, -1.714611, 0.811099, -0.035166, 0.000886, 0.013446, -0.006221, 0.105050, 0.016511, 0.077776, -0.000344, 0.000946, -0.044952, 
1284, 0.038506, 1.986260, -1.714587, 0.811379, -0.035167, 0.000886, 0.013464, -0.009585, 0.096075, 0.015354, 0.080808, -0.000100, 0.000880, 0.013341, 
1285, 0.038462, 1.986617, -1.714564, 0.811670, -0.035168, 0.000886, 0.013446, -0.011871, 0.086491, 0.015010, 0.083030, -0.000093, 0.000818, -0.005048, 
1286, 0.038406, 1.986938, -1.714542, 0.811970, -0.035169, 0.000886, 0.013446, -0.014713, 0.077667, 0.015854, 0.086748, 0.000503, 0.000761, -0.033894, 
1287, 0.038335, 1.987222, -1.714522, 0.812278, -0.035170, 0.000886, 0.013464, -0.017785, 0.068990, 0.017254, 0.087163, -0.000265, 0.000708, 0.010937, 
1288, 0.038248, 1.987476, -1.714504, 0.812597, -0.035171, 0.000886, 0.013464, -0.022614, 0.064414, 0.016044, 0.094021, -0.000272, 0.000658, 0.056370, 
1289, 0.038141, 1.987699, -1.714487, 0.812923, -0.035172, 0.000886, 0.013464, -0.027635, 0.058288, 0.014919, 0.091895, 0.000236, 0.000612, 0.016947, 
1290, 0.038011, 1.987896, -1.714471, 0.813257, -0.035174, 0.000886, 0.013446, -0.034344, 0.053220, 0.013898, 0.092978, 0.000514, 0.000569, -0.012500, 
1291, 0.037858, 1.988070, -1.714456, 0.813602, -0.035176, 0.000886, 0.013446, -0.041601, 0.048085, 0.012932, 0.094431, -0.001157, 0.000529, -0.037139, 
1292, 0.037679, 1.988224, -1.714442, 0.813959, -0.035177, 0.000886, 0.013464, -0.049370, 0.041908, 0.012000, 0.101419, -0.001076, 0.000492, 0.032812, 
1293, 0.037478, 1.988360, -1.714428, 0.814328, -0.035178, 0.000886, 0.013464, -0.055692, 0.034196, 0.013552, 0.103873, -0.002264, 0.000457, 0.018990, 
1294, 0.037252, 1.988482, -1.714413, 0.814716, -0.035179, 0.000886, 0.013464, -0.061285, 0.033475, 0.016419, 0.110588, -0.002105, 0.000425, 0.025120, 
1295, 0.036996, 1.988592, -1.714399, 0.815120, -0.035180, 0.000885, 0.013464, -0.070783, 0.032337, 0.015150, 0.111236, -0.001958, 0.000396, 0.063221, 
1296, 0.036710, 1.988693, -1.714382, 0.815549, -0.035181, 0.000885, 0.013446, -0.078958, 0.028789, 0.019616, 0.118732, -0.001821, 0.000368, -0.002284, 
1297, 0.036393, 1.988786, -1.714365, 0.816006, -0.035182, 0.000885, 0.013446, -0.087031, 0.025823, 0.016176, 0.126848, -0.001693, 0.000342, -0.004567, 
1298, 0.036043, 1.988870, -1.714344, 0.816494, -0.035182, 0.000885, 0.013464, -0.094404, 0.023111, 0.016306, 0.138676, 0.000027, 0.000318, 0.030649, 
1299, 0.035663, 1.988948, -1.714318, 0.817015, -0.035183, 0.000885, 0.013464, -0.102675, 0.021478, 0.019663, 0.147164, -0.000009, 0.000296, 0.025000, 
1300, 0.035254, 1.989017, -1.714285, 0.817572, -0.035183, 0.000885, 0.013464, -0.111867, 0.019871, 0.024866, 0.158368, 0.001028, 0.000275, 0.007692, 
1301, 0.034816, 1.989077, -1.714246, 0.818168, -0.035184, 0.000885, 0.013446, -0.120439, 0.016725, 0.023535, 0.167666, -0.000063, 0.000256, -0.035817, 
1302, 0.034347, 1.989125, -1.714197, 0.818809, -0.035185, 0.000885, 0.013464, -0.125411, 0.012885, 0.026941, 0.178613, -0.001500, 0.000238, 0.044351, 
1303, 0.033847, 1.989160, -1.714136, 0.819493, -0.035185, 0.000885, 0.013464, -0.132545, 0.009791, 0.027842, 0.186938, -0.000510, 0.000221, 0.003125, 
1304, 0.033313, 1.989178, -1.714060, 0.820224, -0.035186, 0.000885, 0.013464, -0.139777, 0.002409, 0.029168, 0.202997, -0.000247, 0.000206, 0.027404, 
1305, 0.032745, 1.989177, -1.713965, 0.821005, -0.035186, 0.000885, 0.013446, -0.146426, -0.003267, 0.036957, 0.217998, -0.000861, 0.000191, -0.016106, 
1306, 0.032141, 1.989153, -1.713850, 0.821837, -0.035187, 0.000885, 0.013446, -0.152921, -0.009114, 0.042312, 0.231348, -0.001298, 0.000178, -0.014062, 
1307, 0.031502, 1.989105, -1.713710, 0.822726, -0.035187, 0.000885, 0.013464, -0.164725, -0.012220, 0.050891, 0.241673, -0.001628, 0.000165, 0.069471, 
1308, 0.030826, 1.989039, -1.713543, 0.823678, -0.035187, 0.000885, 0.013464, -0.178102, -0.012885, 0.056213, 0.254450, -0.001818, 0.000154, 0.020312, 
1309, 0.030116, 1.988954, -1.713346, 0.824696, -0.035188, 0.000885, 0.013446, -0.187677, -0.016608, 0.060699, 0.264798, -0.002069, 0.000143, -0.012260, 
1310, 0.029374, 1.988851, -1.713112, 0.825783, -0.035188, 0.000885, 0.013446, -0.197398, -0.019813, 0.072260, 0.281761, -0.001309, 0.000133, -0.019351, 
1311, 0.028603, 1.988736, -1.712838, 0.826942, -0.035189, 0.000885, 0.013446, -0.205662, -0.021322, 0.081823, 0.297601, 0.000358, 0.000124, -0.028486, 
1312, 0.027807, 1.988613, -1.712517, 0.828180, -0.035189, 0.000885, 0.013464, -0.209883, -0.023388, 0.095106, 0.317109, -0.000012, 0.000115, 0.046875, 
1313, 0.026985, 1.988481, -1.712148, 0.829500, -0.035190, 0.000885, 0.013464, -0.215257, -0.026063, 0.103547, 0.338409, 0.000115, 0.000107, 0.039784, 
1314, 0.026136, 1.988338, -1.711720, 0.830908, -0.035191, 0.000885, 0.013446, -0.225648, -0.030176, 0.116040, 0.353008, 0.000680, 0.000099, -0.010817, 
1315, 0.025260, 1.988186, -1.711227, 0.832396, -0.035192, 0.000885, 0.013464, -0.231687, -0.031629, 0.126578, 0.380337, 0.000632, 0.000092, 0.042428, 
1316, 0.024359, 1.988026, -1.710670, 0.833961, -0.035192, 0.000885, 0.013464, -0.241591, -0.032816, 0.144063, 0.402344, 0.001001, 0.000086, 0.014784, 
1317, 0.023432, 1.987853, -1.710047, 0.835596, -0.035194, 0.000885, 0.013464, -0.251923, -0.037194, 0.164746, 0.424216, 0.000931, 0.000080, 0.008534, 
1318, 0.022477, 1.987666, -1.709354, 0.837297, -0.035195, 0.000885, 0.013446, -0.258563, -0.040055, 0.183895, 0.448237, 0.000672, 0.000133, -0.045793, 
1319, 0.021496, 1.987463, -1.708584, 0.839066, -0.035196, 0.000885, 0.013446, -0.265471, -0.047957, 0.202855, 0.472664, 0.000566, 0.000394, -0.036418, 
1320, 0.020487, 1.987246, -1.707728, 0.840897, -0.035198, 0.000885, 0.013446, -0.269501, -0.050582, 0.222071, 0.493643, 0.000526, 0.000467, -0.037139, 
1321, 0.019452, 1.987013, -1.706789, 0.842794, -0.035199, 0.000885, 0.013464, -0.274640, -0.054473, 0.246748, 0.505397, 0.000160, 0.000342, 0.050721, 
1322, 0.018392, 1.986766, -1.705766, 0.844752, -0.035201, 0.000884, 0.013464, -0.287701, -0.056792, 0.272096, 0.526204, 0.000149, 0.000318, 0.038101, 
1323, 0.017313, 1.986506, -1.704661, 0.846770, -0.035203, 0.000884, 0.013464, -0.293308, -0.060521, 0.298929, 0.551780, -0.000696, 0.000295, 0.010697, 
1324, 0.016213, 1.986233, -1.703481, 0.848850, -0.035205, 0.000884, 0.013446, -0.298437, -0.063896, 0.319439, 0.569436, -0.000596, 0.000275, -0.035817, 
1325, 0.015088, 1.985950, -1.702222, 0.850988, -0.035207, 0.000883, 0.013446, -0.306409, -0.068795, 0.340096, 0.582812, -0.000563, 0.000255, -0.023918, 
1326, 0.013939, 1.985654, -1.700888, 0.853195, -0.035209, 0.000883, 0.013446, -0.317336, -0.072513, 0.349318, 0.606179, -0.000523, 0.000238, -0.030769, 
1327, 0.012766, 1.985347, -1.699448, 0.855471, -0.035212, 0.000883, 0.013464, -0.324598, -0.074954, 0.388678, 0.627049, -0.001279, 0.000221, 0.054447, 
1328, 0.011568, 1.985024, -1.697910, 0.857829, -0.035214, 0.000882, 0.013464, -0.330921, -0.081302, 0.416817, 0.654099, -0.000599, 0.000205, 0.036298, 
1329, 0.010342, 1.984684, -1.696278, 0.860274, -0.035216, 0.000882, 0.013446, -0.340155, -0.088664, 0.449185, 0.678309, -0.000456, 0.000191, -0.055168, 
1330, 0.009086, 1.984324, -1.694557, 0.862819, -0.035218, 0.000882, 0.013446, -0.344604, -0.093980, 0.469720, 0.709939, -0.000458, 0.000178, -0.039183, 
1331, 0.007802, 1.983938, -1.692757, 0.865455, -0.035220, 0.000882, 0.013464, -0.351715, -0.102353, 0.489371, 0.737076, -0.000156, 0.000165, 0.040745, 
1332, 0.006494, 1.983516, -1.690878, 0.868164, -0.035221, 0.000882, 0.013446, -0.360839, -0.110872, 0.513703, 0.759480, -0.000145, 0.000154, -0.031130, 
1333, 0.005165, 1.983054, -1.688929, 0.870926, -0.035223, 0.000881, 0.013464, -0.364882, -0.120702, 0.541234, 0.773023, -0.000135, 0.000143, -0.034615, 
1334, 0.003816, 1.982541, -1.686914, 0.873717, -0.035224, 0.000881, 0.013446, -0.371541, -0.135064, 0.569775, 0.781352, -0.000934, 0.000133, -0.004087, 
1335, 0.002452, 1.981966, -1.684827, 0.876537, -0.035225, 0.000881, 0.013464, -0.376840, -0.152282, 0.587358, 0.787387, -0.000869, 0.000124, 0.050721, 
1336, 0.001072, 1.981319, -1.682653, 0.879380, -0.035225, 0.000881, 0.013446, -0.379627, -0.171087, 0.618370, 0.790918, 0.000507, 0.000115, -0.011058, 
1337, -0.000329, 1.980580, -1.680382, 0.882254, -0.035225, 0.000881, 0.013446, -0.389195, -0.193570, 0.641402, 0.802029, 0.000673, 0.000107, -0.001563, 
1338, -0.001748, 1.979742, -1.678014, 0.885168, -0.035225, 0.000881, 0.013446, -0.389591, -0.225159, 0.673732, 0.816448, 0.000643, 0.000099, -0.021394, 
1339, -0.003188, 1.978797, -1.675556, 0.888119, -0.035226, 0.000881, 0.013446, -0.388239, -0.259491, 0.696035, 0.824877, 0.000598, 0.000092, -0.005649, 
1340, -0.004648, 1.977749, -1.673014, 0.891111, -0.035226, 0.000880, 0.013464, -0.386788, -0.284461, 0.716798, 0.834534, 0.001365, 0.000086, 0.055769, 
1341, -0.006131, 1.976607, -1.670383, 0.894151, -0.035226, 0.000880, 0.013446, -0.389855, -0.305922, 0.741306, 0.847559, 0.001927, 0.000080, -0.010096, 
1342, -0.007628, 1.975385, -1.667663, 0.897246, -0.035227, 0.000880, 0.013446, -0.393642, -0.327463, 0.764222, 0.856309, 0.001791, 0.000074, -0.005288, 
1343, -0.009135, 1.974104, -1.664848, 0.900424, -0.035227, 0.000880, 0.013446, -0.397686, -0.338945, 0.789921, 0.886987, 0.002517, 0.000069, -0.002404, 
1344, -0.010651, 1.972780, -1.661939, 0.903695, -0.035228, 0.000880, 0.013464, -0.401489, -0.345918, 0.818411, 0.913290, 0.002340, 0.000064, 0.051202, 
1345, -0.012170, 1.971419, -1.658935, 0.907052, -0.035229, 0.000880, 0.013446, -0.403786, -0.360736, 0.841086, 0.932760, 0.002176, 0.000060, -0.007332, 
1346, -0.013688, 1.970017, -1.655846, 0.910474, -0.035230, 0.000880, 0.013446, -0.402113, -0.376669, 0.857984, 0.948850, 0.001628, -0.001234, -0.017788, 
1347, -0.015203, 1.968570, -1.652689, 0.913946, -0.035231, 0.000879, 0.013464, -0.400878, -0.385931, 0.872399, 0.962406, 0.002592, -0.001206, 0.069832, 
1348, -0.016715, 1.967063, -1.649465, 0.917450, -0.035233, 0.000879, 0.013446, -0.398036, -0.403240, 0.893943, 0.969491, 0.002259, -0.001122, -0.046755, 
1349, -0.018224, 1.965480, -1.646195, 0.920985, -0.035234, 0.000878, 0.013446, -0.393050, -0.423250, 0.892607, 0.969641, 0.002286, -0.001043, -0.034014, 
1350, -0.019727, 1.963808, -1.642869, 0.924539, -0.035236, 0.000878, 0.013446, -0.387950, -0.449063, 0.897102, 0.959989, 0.002126, -0.000970, -0.036899, 
1351, -0.021222, 1.962038, -1.639500, 0.928115, -0.035237, 0.000878, 0.013446, -0.382660, -0.472012, 0.906516, 0.954856, 0.001732, -0.000902, -0.048678, 
1352, -0.022710, 1.960172, -1.636089, 0.931715, -0.035238, 0.000877, 0.013464, -0.378382, -0.493048, 0.927388, 0.969330, 0.002285, -0.000839, 0.056611, 
1353, -0.024195, 1.958220, -1.632638, 0.935346, -0.035239, 0.000877, 0.013464, -0.377411, -0.505161, 0.945456, 0.979477, 0.001594, -0.000780, 0.058774, 
1354, -0.025678, 1.956187, -1.629113, 0.939027, -0.035240, 0.000877, 0.013446, -0.382425, -0.523945, 0.971426, 1.000239, 0.002401, -0.000725, -0.030288, 
1355, -0.027156, 1.954076, -1.625529, 0.942766, -0.035240, 0.000877, 0.013464, -0.376974, -0.542495, 0.975006, 1.008152, 0.001533, -0.000674, 0.050240, 
1356, -0.028628, 1.951878, -1.621882, 0.946574, -0.035240, 0.000876, 0.013446, -0.367314, -0.576404, 0.970632, 1.008171, 0.001442, -0.000627, -0.013942, 
1357, -0.030097, 1.949586, -1.618186, 0.950429, -0.035240, 0.000876, 0.013446, -0.363336, -0.600327, 0.983460, 1.007438, 0.001341, -0.000583, -0.016707, 
1358, -0.031561, 1.947179, -1.614457, 0.954298, -0.035240, 0.000876, 0.013446, -0.359544, -0.633577, 0.999814, 0.998514, 0.001095, -0.000542, -0.025962, 
1359, -0.033020, 1.944651, -1.610709, 0.958145, -0.035240, 0.000876, 0.013446, -0.353987, -0.652800, 1.009880, 0.982473, 0.001684, -0.000504, -0.025481, 
1360, -0.034473, 1.942005, -1.606948, 0.961959, -0.035240, 0.000875, 0.013446, -0.352587, -0.688073, 1.023589, 0.964707, 0.001566, -0.000469, -0.011779, 
1361, -0.035924, 1.939277, -1.603169, 0.965741, -0.035240, 0.000875, 0.013446, -0.351891, -0.705076, 1.034095, 0.953960, 0.001456, -0.000436, -0.018029, 
1362, -0.037380, 1.936490, -1.599370, 0.969497, -0.035240, 0.000875, 0.013446, -0.357835, -0.724448, 1.043932, 0.941033, 0.001354, -0.000405, -0.000481, 
1363, -0.038854, 1.933662, -1.595548, 0.973247, -0.035240, 0.000875, 0.013446, -0.367398, -0.725894, 1.051790, 0.934668, 0.001259, -0.000377, 0.000000, 
1364, -0.040347, 1.930794, -1.591707, 0.976995, -0.035240, 0.000875, 0.013446, -0.375355, -0.734726, 1.056645, 0.936282, -0.000321, -0.000351, 0.000000, 
1365, -0.041861, 1.927894, -1.587847, 0.980763, -0.035240, 0.000875, 0.013446, -0.374698, -0.739631, 1.047187, 0.953162, 0.001143, -0.000326, 0.000000, 
1366, -0.043404, 1.924956, -1.583965, 0.984558, -0.035241, 0.000875, 0.013446, -0.379514, -0.760153, 1.039421, 0.963963, 0.000658, -0.000303, -0.016226, 
1367, -0.044973, 1.921982, -1.580073, 0.988402, -0.035243, 0.000875, 0.013446, -0.388720, -0.771171, 1.024447, 0.988846, 0.000503, -0.000282, -0.001923, 
1368, -0.046571, 1.918951, -1.576175, 0.992300, -0.035248, 0.000874, 0.013446, -0.400963, -0.793480, 1.015233, 0.997625, 0.000931, -0.000262, -0.001322, 
1369, -0.048199, 1.915840, -1.572286, 0.996254, -0.035257, 0.000874, 0.013446, -0.406263, -0.821143, 1.019533, 1.002165, 0.000234, -0.000244, 0.000000, 
1370, -0.049856, 1.912614, -1.568415, 1.000248, -0.035270, 0.000874, 0.013446, -0.405580, -0.845220, 1.009871, 1.020637, -0.001426, -0.000227, 0.000721, 
1371, -0.051544, 1.909241, -1.564572, 1.004271, -0.035288, 0.000874, 0.013446, -0.418748, -0.894393, 0.991238, 1.040198, -0.002363, -0.000211, 0.000000, 
1372, -0.053266, 1.905728, -1.560730, 1.008301, -0.035310, 0.000874, 0.013446, -0.427419, -0.926543, 0.995038, 1.028734, -0.003528, -0.000196, -0.001563, 
1373, -0.055020, 1.902113, -1.556886, 1.012348, -0.035334, 0.000874, 0.013464, -0.434454, -0.929473, 0.989689, 1.024023, -0.003407, -0.000031, 0.035216, 
1374, -0.056805, 1.898439, -1.553038, 1.016414, -0.035358, 0.000874, 0.013464, -0.446626, -0.927128, 0.980814, 1.033942, -0.003185, -0.000028, 0.026442, 
1375, -0.058628, 1.894719, -1.549175, 1.020487, -0.035381, 0.000874, 0.013464, -0.463489, -0.933518, 0.977979, 1.039821, -0.002970, -0.000010, 0.050000, 
1376, -0.060483, 1.890969, -1.545299, 1.024572, -0.035401, 0.000874, 0.013464, -0.471155, -0.933098, 0.991296, 1.049787, -0.003596, 0.000362, 0.041346, 
1377, -0.062374, 1.887197, -1.541411, 1.028680, -0.035420, 0.000873, 0.013446, -0.483383, -0.934536, 0.996035, 1.069555, -0.003353, -0.000987, -0.002524, 
1378, -0.064293, 1.883402, -1.537484, 1.032827, -0.035438, 0.000873, 0.013446, -0.495730, -0.939294, 1.005423, 1.082425, -0.003050, -0.000917, -0.003486, 
1379, -0.066235, 1.879569, -1.533540, 1.037024, -0.035453, 0.000873, 0.013446, -0.507515, -0.956928, 0.997458, 1.100655, -0.003072, -0.000533, -0.010337, 
1380, -0.068193, 1.875664, -1.529578, 1.041264, -0.035468, 0.000873, 0.013446, -0.516300, -0.973676, 1.005853, 1.115592, -0.002469, -0.002147, -0.026563, 
1381, -0.070172, 1.871646, -1.525609, 1.045522, -0.035482, 0.000873, 0.013446, -0.528548, -0.998590, 1.010380, 1.121282, -0.002321, -0.001997, 0.043149, 
1382, -0.072176, 1.867495, -1.521650, 1.049767, -0.035496, 0.000873, 0.013446, -0.537484, -1.026691, 1.005372, 1.123060, -0.003945, -0.001831, 0.000000, 
1383, -0.074213, 1.863232, -1.517697, 1.053985, -0.035513, 0.000873, 0.013464, -0.548154, -1.043486, 1.007136, 1.123651, -0.005219, -0.001703, 0.056731, 
1384, -0.076300, 1.858916, -1.513765, 1.058176, -0.035535, 0.000873, 0.013446, -0.559356, -1.052074, 0.993675, 1.107229, -0.007954, -0.001584, -0.025361, 
1385, -0.078441, 1.854567, -1.509835, 1.062348, -0.035564, 0.000873, 0.013446, -0.572124, -1.056947, 0.981629, 1.096087, -0.009486, -0.001473, 0.000000, 
1386, -0.080645, 1.850214, -1.505919, 1.066505, -0.035604, 0.000873, 0.013446, -0.588784, -1.060505, 0.969519, 1.078328, -0.012824, -0.001369, 0.000601, 
1387, -0.082910, 1.845860, -1.502013, 1.070652, -0.035651, 0.000873, 0.013446, -0.607410, -1.070289, 0.962411, 1.076165, -0.014858, -0.002917, 0.008894, 
1388, -0.085232, 1.841507, -1.498124, 1.074802, -0.035706, 0.000873, 0.013446, -0.609612, -1.061405, 0.960126, 1.088302, -0.016740, -0.002316, 0.000000, 
1389, -0.087598, 1.837116, -1.494252, 1.078973, -0.035766, 0.000872, 0.013446, -0.617652, -1.075997, 0.962112, 1.097246, -0.017108, -0.002179, 0.000000, 
1390, -0.090005, 1.832646, -1.490397, 1.083181, -0.035828, 0.000872, 0.013446, -0.615268, -1.105986, 0.961558, 1.098332, -0.016785, -0.002026, -0.002885, 
1391, -0.092434, 1.828067, -1.486561, 1.087430, -0.035889, 0.000872, 0.013446, -0.626964, -1.142038, 0.968189, 1.093014, -0.016991, -0.001884, 0.000000, 
1392, -0.094873, 1.823388, -1.482758, 1.091705, -0.035947, 0.000871, 0.013446, -0.635035, -1.158742, 0.963450, 1.092079, -0.015597, -0.001752, -0.006010, 
1393, -0.097309, 1.818670, -1.478994, 1.095990, -0.036002, 0.000871, 0.013446, -0.636025, -1.154320, 0.948072, 1.100531, -0.015776, -0.001629, 0.001322, 
1394, -0.099735, 1.813950, -1.475255, 1.100250, -0.036056, 0.000871, 0.013446, -0.633322, -1.156360, 0.939291, 1.092614, -0.018074, -0.001515, 0.000240, 
1395, -0.102151, 1.809261, -1.471547, 1.104479, -0.036105, 0.000871, 0.013446, -0.635056, -1.140636, 0.932972, 1.085228, -0.016234, -0.001409, -0.017067, 
1396, -0.104546, 1.804612, -1.467867, 1.108664, -0.036151, 0.000870, 0.013446, -0.623868, -1.136578, 0.928562, 1.060722, -0.013402, -0.001310, 0.027764, 
1397, -0.106913, 1.800009, -1.464227, 1.112807, -0.036193, 0.000870, 0.013446, -0.610498, -1.129281, 0.922017, 1.033577, -0.011923, -0.001218, 0.011779, 
1398, -0.109249, 1.795436, -1.460622, 1.116897, -0.036233, 0.000870, 0.013446, -0.595436, -1.131585, 0.922867, 1.010838, -0.010312, -0.001133, -0.006611, 
1399, -0.111553, 1.790885, -1.457063, 1.120936, -0.036270, 0.000870, 0.013464, -0.582231, -1.126400, 0.904334, 0.995213, -0.009589, -0.001053, 0.056130, 
1400, -0.113827, 1.786314, -1.453536, 1.124927, -0.036305, 0.000870, 0.013446, -0.580713, -1.129976, 0.888196, 0.974936, -0.010636, -0.000474, 0.032812, 
1401, -0.116071, 1.781697, -1.450035, 1.128888, -0.036338, 0.000869, 0.013446, -0.572408, -1.151019, 0.892672, 0.980452, -0.010000, 0.000798, -0.000240, 
1402, -0.118296, 1.777024, -1.446556, 1.132828, -0.036372, 0.000869, 0.013446, -0.572252, -1.174796, 0.889697, 0.981839, -0.009914, 0.000742, -0.004447, 
1403, -0.120504, 1.772330, -1.443097, 1.136753, -0.036407, 0.000868, 0.013446, -0.571872, -1.173053, 0.886476, 0.969419, -0.009589, 0.000690, 0.018510, 
1404, -0.122687, 1.767653, -1.439652, 1.140656, -0.036446, 0.000868, 0.013446, -0.561187, -1.177175, 0.886168, 0.957313, -0.010341, 0.000642, -0.002404, 
1405, -0.124848, 1.763014, -1.436205, 1.144537, -0.036488, 0.000867, 0.013446, -0.550172, -1.173361, 0.899467, 0.962438, -0.011369, 0.000597, 0.000000, 
1406, -0.126986, 1.758435, -1.432763, 1.148373, -0.036531, 0.000867, 0.013422, -0.540419, -1.157722, 0.903937, 0.942032, -0.013943, 0.000555, -0.092909, 
1407, -0.129095, 1.753916, -1.429342, 1.152146, -0.036574, 0.000867, 0.013446, -0.534020, -1.145847, 0.903130, 0.922990, -0.012544, 0.000516, -0.010697, 
1408, -0.131168, 1.749462, -1.425940, 1.155857, -0.036615, 0.000866, 0.013446, -0.526528, -1.122976, 0.897483, 0.913499, -0.011074, 0.000480, 0.005649, 
1409, -0.133202, 1.745054, -1.422561, 1.159504, -0.036655, 0.000866, 0.013422, -0.519081, -1.119427, 0.896842, 0.893322, -0.011048, 0.000446, -0.090625, 
1410, -0.135200, 1.740677, -1.419208, 1.163099, -0.036693, 0.000866, 0.013446, -0.511415, -1.108248, 0.886277, 0.884083, -0.010551, 0.000415, 0.013822, 
1411, -0.137157, 1.736291, -1.415887, 1.166652, -0.036731, 0.000865, 0.013446, -0.503822, -1.112599, 0.873731, 0.869398, -0.009879, 0.000386, 0.003726, 
1412, -0.139079, 1.731867, -1.412596, 1.170171, -0.036768, 0.000865, 0.013446, -0.497647, -1.133390, 0.864534, 0.863631, -0.009330, 0.000359, 0.008894, 
1413, -0.140975, 1.727410, -1.409342, 1.173648, -0.036805, 0.000865, 0.013446, -0.493734, -1.141208, 0.859183, 0.853717, -0.006442, 0.000334, 0.036779, 
1414, -0.142840, 1.722947, -1.406121, 1.177083, -0.036842, 0.000864, 0.013422, -0.489167, -1.148966, 0.859315, 0.845198, -0.007752, 0.000310, -0.088582, 
1415, -0.144671, 1.718517, -1.402936, 1.180479, -0.036877, 0.000864, 0.013446, -0.478348, -1.139128, 0.855122, 0.845830, -0.006416, 0.000288, 0.000000, 
1416, -0.146462, 1.714153, -1.399791, 1.183827, -0.036910, 0.000864, 0.013446, -0.469324, -1.112318, 0.844053, 0.835075, -0.006118, 0.000268, 0.011899, 
1417, -0.148208, 1.709865, -1.396685, 1.187135, -0.036941, 0.000864, 0.013446, -0.457495, -1.094634, 0.832647, 0.829270, -0.005605, 0.000249, 0.001202, 
1418, -0.149908, 1.705661, -1.393616, 1.190405, -0.036970, 0.000864, 0.013446, -0.444472, -1.075540, 0.821737, 0.826476, -0.004976, 0.000232, -0.002284, 
1419, -0.151550, 1.701545, -1.390580, 1.193641, -0.036997, 0.000864, 0.013422, -0.426894, -1.052117, 0.813690, 0.824797, -0.004880, 0.000216, -0.074038, 
1420, -0.153132, 1.697519, -1.387579, 1.196834, -0.037024, 0.000863, 0.013446, -0.413682, -1.033914, 0.808585, 0.816241, -0.007841, 0.000201, 0.000481, 
1421, -0.154650, 1.693583, -1.384611, 1.199988, -0.037047, 0.000863, 0.013446, -0.399754, -1.009702, 0.802707, 0.812229, -0.006727, 0.000187, 0.009976, 
1422, -0.156104, 1.689721, -1.381675, 1.203095, -0.037070, 0.000863, 0.013422, -0.381603, -0.993656, 0.792447, 0.803298, -0.007907, 0.000173, -0.074639, 
1423, -0.157493, 1.685919, -1.378779, 1.206149, -0.037091, 0.000863, 0.013446, -0.364387, -0.985905, 0.782713, 0.798053, -0.007352, 0.000161, 0.021995, 
1424, -0.158818, 1.682166, -1.375927, 1.209149, -0.037110, 0.000863, 0.013446, -0.344005, -0.977485, 0.771689, 0.786678, -0.006744, 0.000352, 0.035697, 
1425, -0.160083, 1.678438, -1.373122, 1.212085, -0.037129, 0.000863, 0.013446, -0.325389, -0.982388, 0.761885, 0.771509, -0.005623, 0.000328, 0.000000, 
1426, -0.161292, 1.674734, -1.370366, 1.214959, -0.037145, 0.000862, 0.013422, -0.312350, -0.977627, 0.748260, 0.756180, -0.004841, -0.000589, -0.088462, 
1427, -0.162448, 1.671043, -1.367648, 1.217773, -0.037161, 0.000862, 0.013446, -0.299367, -0.969306, 0.735581, 0.738978, -0.003330, -0.001811, 0.010457, 
1428, -0.163555, 1.667388, -1.364957, 1.220526, -0.037176, 0.000862, 0.013446, -0.286105, -0.957790, 0.726168, 0.718119, -0.002422, -0.001364, -0.000841, 
1429, -0.164614, 1.663790, -1.362296, 1.223215, -0.037190, 0.000861, 0.013446, -0.274641, -0.941389, 0.722285, 0.707418, -0.003306, -0.002844, -0.006611, 
1430, -0.165624, 1.660286, -1.359659, 1.225833, -0.037203, 0.000861, 0.013446, -0.263913, -0.912646, 0.719880, 0.684087, -0.003066, -0.002409, 0.011058, 
1431, -0.166583, 1.656889, -1.357049, 1.228380, -0.037214, 0.000861, 0.013446, -0.251300, -0.886217, 0.709630, 0.666461, -0.002598, -0.003260, 0.000721, 
1432, -0.167487, 1.653608, -1.354474, 1.230847, -0.037225, 0.000861, 0.013446, -0.236243, -0.850775, 0.698379, 0.647627, -0.002399, -0.001902, 0.003966, 
1433, -0.168336, 1.650436, -1.351934, 1.233231, -0.037235, 0.000861, 0.013446, -0.220126, -0.823059, 0.689021, 0.625631, -0.002172, -0.001347, 0.010697, 
1434, -0.169130, 1.647364, -1.349431, 1.235532, -0.037245, 0.000861, 0.013446, -0.202990, -0.797464, 0.684726, 0.608606, -0.002019, -0.000469, -0.000120, 
1435, -0.169873, 1.644378, -1.346976, 1.237752, -0.037254, 0.000861, 0.013422, -0.188792, -0.778795, 0.672760, 0.584205, -0.001878, 0.000297, -0.043269, 
1436, -0.170566, 1.641473, -1.344571, 1.239898, -0.037262, 0.000861, 0.013446, -0.172303, -0.757647, 0.653780, 0.563765, -0.001772, 0.000647, -0.010337, 
1437, -0.171213, 1.638639, -1.342211, 1.241972, -0.037269, 0.000861, 0.013446, -0.160762, -0.739701, 0.633273, 0.545280, 0.001252, 0.001368, -0.000721, 
1438, -0.171817, 1.635869, -1.339894, 1.243976, -0.037276, 0.000861, 0.013446, -0.150552, -0.726396, 0.614668, 0.526895, -0.000555, 0.002284, 0.000000, 
1439, -0.172378, 1.633163, -1.337620, 1.245911, -0.037282, 0.000861, 0.013446, -0.140949, -0.708252, 0.598058, 0.509470, -0.002151, 0.002140, 0.007091, 
1440, -0.172899, 1.630525, -1.335393, 1.247777, -0.037288, 0.000861, 0.013446, -0.131867, -0.688330, 0.578922, 0.489239, -0.000087, 0.002184, 0.000841, 
1441, -0.173384, 1.627966, -1.333214, 1.249574, -0.037293, 0.000861, 0.013464, -0.122723, -0.666382, 0.560748, 0.472112, 0.000854, 0.002031, 0.056490, 
1442, -0.173835, 1.625491, -1.331090, 1.251297, -0.037298, 0.000861, 0.013446, -0.115913, -0.641778, 0.541363, 0.453008, -0.002450, 0.002377, -0.010337, 
1443, -0.174254, 1.623105, -1.329023, 1.252943, -0.037302, 0.000861, 0.013446, -0.106261, -0.617903, 0.523387, 0.431629, -0.002278, 0.001233, -0.010577, 
1444, -0.174644, 1.620809, -1.327019, 1.254514, -0.037306, 0.000861, 0.013446, -0.099629, -0.593158, 0.506579, 0.408875, -0.002119, 0.001391, 0.000000, 
1445, -0.175007, 1.618607, -1.325076, 1.256009, -0.037310, 0.000861, 0.013446, -0.093393, -0.567097, 0.488472, 0.387295, -0.001970, 0.001361, -0.012019, 
1446, -0.175344, 1.616495, -1.323201, 1.257432, -0.037313, 0.000861, 0.013446, -0.089424, -0.542248, 0.473657, 0.366925, -0.001765, 0.001274, 0.000000, 
1447, -0.175658, 1.614468, -1.321399, 1.258783, -0.037316, 0.000861, 0.013446, -0.083559, -0.520798, 0.455186, 0.346752, -0.001708, 0.001505, 0.000000, 
1448, -0.175948, 1.612516, -1.319673, 1.260067, -0.037319, 0.000861, 0.013446, -0.074566, -0.501559, 0.433932, 0.328407, -0.001858, 0.001399, 0.010817, 
1449, -0.176219, 1.610630, -1.318028, 1.261287, -0.037322, 0.000861, 0.013446, -0.069464, -0.487941, 0.413680, 0.311289, -0.000961, 0.001343, -0.000361, 
1450, -0.176472, 1.608801, -1.316467, 1.262445, -0.037324, 0.000861, 0.013446, -0.064653, -0.475678, 0.391476, 0.293939, -0.002048, 0.001300, -0.000240, 
1451, -0.176706, 1.607023, -1.314989, 1.263545, -0.037327, 0.000861, 0.013446, -0.063297, -0.465953, 0.373189, 0.279600, -0.001947, 0.001327, 0.017067, 
1452, -0.176924, 1.605299, -1.313594, 1.264587, -0.037328, 0.000861, 0.013446, -0.058952, -0.454368, 0.351887, 0.264631, -0.000908, 0.001234, -0.001322, 
1453, -0.177127, 1.603631, -1.312280, 1.265572, -0.037330, 0.000861, 0.013446, -0.055004, -0.436348, 0.332541, 0.250164, 0.000259, 0.001147, 0.000000, 
1454, -0.177316, 1.602019, -1.311046, 1.266499, -0.037332, 0.000861, 0.013446, -0.052833, -0.419183, 0.310591, 0.235102, -0.000821, 0.001067, 0.003005, 
1455, -0.177491, 1.600466, -1.309889, 1.267369, -0.037334, 0.000861, 0.013446, -0.049997, -0.404178, 0.292396, 0.220237, -0.002297, 0.000992, 0.006851, 
1456, -0.177653, 1.598978, -1.308808, 1.268183, -0.037335, 0.000861, 0.013446, -0.042320, -0.383800, 0.271003, 0.206001, -0.002069, 0.000956, 0.011178, 
1457, -0.177805, 1.597560, -1.307802, 1.268944, -0.037337, 0.000861, 0.013446, -0.040364, -0.363485, 0.248151, 0.192240, -0.002682, 0.000889, -0.005168, 
1458, -0.177946, 1.596211, -1.306865, 1.269651, -0.037338, 0.000861, 0.013446, -0.040938, -0.345930, 0.233761, 0.178762, -0.002334, 0.000827, -0.036058, 
1459, -0.178077, 1.594932, -1.305995, 1.270310, -0.037339, 0.000861, 0.013446, -0.039661, -0.327503, 0.215585, 0.166229, -0.001252, 0.000769, -0.016827, 
1460, -0.178199, 1.593717, -1.305186, 1.270922, -0.037340, 0.000861, 0.013446, -0.037588, -0.311094, 0.200470, 0.154574, -0.000658, 0.000715, -0.015385, 
1461, -0.178312, 1.592558, -1.304434, 1.271491, -0.037341, 0.000861, 0.013446, -0.031835, -0.295505, 0.187637, 0.143736, 0.000281, 0.000665, -0.004808, 
1462, -0.178416, 1.591455, -1.303734, 1.272020, -0.037342, 0.000861, 0.013446, -0.025431, -0.282224, 0.175711, 0.133659, 0.000910, 0.000618, 0.003245, 
1463, -0.178513, 1.590397, -1.303084, 1.272512, -0.037343, 0.000861, 0.013446, -0.019578, -0.270467, 0.163392, 0.124288, -0.000182, 0.000575, 0.000000, 
1464, -0.178603, 1.589381, -1.302480, 1.272970, -0.037343, 0.000861, 0.013446, -0.014177, -0.259143, 0.152855, 0.115574, 0.000076, 0.000534, 0.000120, 
1465, -0.178687, 1.588407, -1.301918, 1.273395, -0.037344, 0.000861, 0.013446, -0.011296, -0.248049, 0.142138, 0.107496, 0.000854, 0.000497, -0.005048, 
1466, -0.178767, 1.587474, -1.301396, 1.273791, -0.037345, 0.000861, 0.013446, -0.010639, -0.235756, 0.132206, 0.100060, 0.001359, 0.000462, -0.002043, 
1467, -0.178839, 1.586581, -1.300910, 1.274158, -0.037345, 0.000861, 0.013446, -0.008999, -0.223861, 0.122937, 0.091924, 0.001263, 0.000430, 0.001803, 
1468, -0.178908, 1.585732, -1.300458, 1.274501, -0.037346, 0.000861, 0.013446, -0.009700, -0.212308, 0.114317, 0.085479, 0.001251, 0.000400, -0.028966, 
1469, -0.178970, 1.584926, -1.300038, 1.274819, -0.037346, 0.000861, 0.013446, -0.008910, -0.200979, 0.107314, 0.079671, 0.000523, 0.000372, 0.005649, 
1470, -0.179030, 1.584165, -1.299648, 1.275115, -0.037347, 0.000861, 0.013446, -0.013249, -0.189597, 0.099790, 0.074330, 0.000486, 0.000346, 0.000120, 
1471, -0.179084, 1.583447, -1.299285, 1.275390, -0.037347, 0.000861, 0.013422, -0.012320, -0.177766, 0.092793, 0.069118, 0.000452, 0.000321, -0.088702, 
1472, -0.179134, 1.582773, -1.298948, 1.275646, -0.037347, 0.000861, 0.013446, -0.012518, -0.167898, 0.083641, 0.064298, 0.002990, 0.000299, -0.003486, 
1473, -0.179179, 1.582139, -1.298634, 1.275884, -0.037346, 0.000861, 0.013446, -0.010840, -0.158098, 0.078165, 0.059916, 0.004517, 0.000278, 0.000000, 
1474, -0.179222, 1.581547, -1.298342, 1.276105, -0.037346, 0.000861, 0.013446, -0.010080, -0.146870, 0.072634, 0.055715, 0.004259, 0.000258, 0.000000, 
1475, -0.179259, 1.580994, -1.298070, 1.276311, -0.037345, 0.000861, 0.013464, -0.004477, -0.136105, 0.067853, 0.052786, 0.003960, 0.000240, 0.036178, 
1476, -0.179294, 1.580479, -1.297817, 1.276501, -0.037345, 0.000861, 0.013446, -0.002613, -0.126314, 0.063854, 0.048689, 0.003405, 0.000223, 0.000361, 
1477, -0.179327, 1.580001, -1.297583, 1.276679, -0.037345, 0.000861, 0.013422, -0.002430, -0.117226, 0.057026, 0.045714, 0.002441, 0.000208, -0.110697, 
1478, -0.179357, 1.579556, -1.297365, 1.276844, -0.037344, 0.000861, 0.013446, 0.001069, -0.109184, 0.053298, 0.042500, 0.002868, 0.000193, -0.000120, 
1479, -0.179385, 1.579142, -1.297163, 1.276998, -0.037344, 0.000861, 0.013446, -0.001306, -0.101921, 0.047538, 0.039521, 0.003350, 0.000180, -0.014062, 
1480, -0.179412, 1.578757, -1.296974, 1.277140, -0.037343, 0.000861, 0.013446, -0.002681, -0.094636, 0.042183, 0.036750, 0.003334, 0.000167, -0.019952, 
1481, -0.179436, 1.578399, -1.296799, 1.277273, -0.037343, 0.000861, 0.013446, -0.004701, -0.088764, 0.038046, 0.034173, 0.003446, 0.000155, 0.011298, 
1482, -0.179457, 1.578066, -1.296637, 1.277397, -0.037342, 0.000861, 0.013446, -0.000031, -0.082115, 0.034569, 0.031777, 0.002825, 0.000144, 0.000120, 
1483, -0.179477, 1.577757, -1.296486, 1.277511, -0.037342, 0.000861, 0.013446, 0.003038, -0.076294, 0.029306, 0.027898, 0.003933, 0.000134, 0.002885, 
1484, -0.179496, 1.577470, -1.296344, 1.277617, -0.037341, 0.000861, 0.013446, 0.006668, -0.070553, 0.029560, 0.026447, 0.004070, 0.000125, -0.025841, 
1485, -0.179513, 1.577203, -1.296212, 1.277716, -0.037341, 0.000861, 0.013446, 0.008450, -0.066306, 0.029375, 0.025604, 0.005083, 0.000116, -0.010096, 
1486, -0.179530, 1.576955, -1.296091, 1.277808, -0.037340, 0.000861, 0.013446, 0.006299, -0.061855, 0.025706, 0.023809, 0.004886, 0.000108, 0.020192, 
1487, -0.179546, 1.576725, -1.295977, 1.277893, -0.037340, 0.000861, 0.013464, 0.003085, -0.057518, 0.025656, 0.022140, 0.004620, 0.000100, 0.016827, 
1488, -0.179561, 1.576510, -1.295871, 1.277973, -0.037339, 0.000861, 0.013464, -0.000089, -0.053477, 0.025349, 0.020587, 0.004726, 0.000093, 0.056611, 
1489, -0.179575, 1.576311, -1.295774, 1.278047, -0.037340, 0.000861, 0.013446, -0.002215, -0.048725, 0.023252, 0.019144, 0.003568, 0.000087, -0.018510, 
1490, -0.179587, 1.576126, -1.295683, 1.278116, -0.037339, 0.000861, 0.013446, 0.000393, -0.046135, 0.021579, 0.017802, 0.004136, 0.000081, 0.020553, 
1491, -0.179599, 1.575954, -1.295599, 1.278179, -0.037339, 0.000861, 0.013464, -0.001320, -0.042504, 0.019948, 0.016554, 0.004545, 0.000075, 0.044471, 
1492, -0.179610, 1.575793, -1.295520, 1.278239, -0.037339, 0.000861, 0.013446, -0.001919, -0.039558, 0.018010, 0.015393, 0.005069, 0.000070, 0.011899, 
1493, -0.179620, 1.575644, -1.295447, 1.278294, -0.037338, 0.000861, 0.013446, -0.002088, -0.036186, 0.016748, 0.014314, 0.005413, 0.000065, -0.003846, 
1494, -0.179630, 1.575506, -1.295379, 1.278346, -0.037338, 0.000861, 0.013446, -0.001360, -0.033531, 0.016349, 0.013310, 0.005725, 0.000060, -0.000240, 
1495, -0.179639, 1.575377, -1.295316, 1.278393, -0.037338, 0.000861, 0.013446, -0.001281, -0.030565, 0.015430, 0.012377, 0.005441, 0.000056, 0.000000, 
1496, -0.179648, 1.575258, -1.295258, 1.278438, -0.037338, 0.000861, 0.013446, -0.001208, -0.027887, 0.013076, 0.011509, 0.003585, 0.000052, -0.000601, 
1497, -0.179655, 1.575146, -1.295205, 1.278479, -0.037338, 0.000861, 0.013446, -0.001427, -0.027141, 0.012378, 0.010728, 0.003174, 0.000049, 0.021635, 
1498, -0.179663, 1.575042, -1.295155, 1.278517, -0.037338, 0.000861, 0.013446, -0.001723, -0.024855, 0.009842, 0.009647, 0.003608, 0.000045, -0.000481, 
1499, -0.179671, 1.574945, -1.295110, 1.278552, -0.037338, 0.000861, 0.013446, -0.008217, -0.024595, 0.006615, 0.008970, 0.001737, 0.000042, 0.000000, 
1500, -0.179679, 1.574856, -1.295067, 1.278585, -0.037338, 0.000861, 0.013446, -0.012933, -0.024067, 0.006101, 0.008342, 0.002534, 0.000039, 0.000000, 
1501, -0.179684, 1.574772, -1.295027, 1.278616, -0.037338, 0.000861, 0.013446, -0.009448, -0.023416, 0.005488, 0.007757, 0.002415, 0.000062, 0.017308, 
1502, -0.179690, 1.574694, -1.294991, 1.278644, -0.037337, 0.000861, 0.013446, -0.006569, -0.022723, 0.005566, 0.007213, 0.002339, 0.000057, 0.033534, 
1503, -0.179695, 1.574622, -1.294956, 1.278671, -0.037338, 0.000861, 0.013446, -0.005763, -0.020860, 0.006128, 0.006707, 0.001964, 0.000053, -0.011659, 
1504, -0.179701, 1.574556, -1.294926, 1.278695, -0.037337, 0.000861, 0.013446, -0.006994, -0.018517, 0.003103, 0.006178, 0.002509, 0.000050, -0.020433, 
1505, -0.179706, 1.574493, -1.294896, 1.278717, -0.037337, 0.000861, 0.013446, -0.007034, -0.019287, 0.003105, 0.005745, 0.003159, 0.000636, -0.001082, 
1506, -0.179712, 1.574435, -1.294868, 1.278738, -0.037337, 0.000861, 0.013422, -0.006583, -0.017408, 0.005297, 0.005342, 0.003923, 0.000591, -0.095192, 
1507, -0.179717, 1.574381, -1.294844, 1.278757, -0.037337, 0.000861, 0.013446, -0.007150, -0.015960, 0.004429, 0.003518, 0.002410, 0.000550, -0.006611, 
1508, -0.179720, 1.574331, -1.294820, 1.278775, -0.037337, 0.000861, 0.013446, -0.001163, -0.014786, 0.004101, 0.003271, 0.003302, 0.000511, 0.002524, 
1509, -0.179724, 1.574285, -1.294798, 1.278791, -0.037337, 0.000861, 0.013446, -0.002767, -0.013383, 0.006460, 0.003042, 0.004326, 0.000475, 0.010937, 
1510, -0.179728, 1.574242, -1.294778, 1.278807, -0.037337, 0.000861, 0.013446, -0.002969, -0.012597, 0.005906, 0.002829, 0.003315, 0.000442, -0.008293, 
1511, -0.179732, 1.574202, -1.294760, 1.278821, -0.037337, 0.000861, 0.013446, -0.002760, -0.011364, 0.005492, 0.002630, 0.004145, 0.000411, 0.007933, 
1512, -0.179736, 1.574164, -1.294743, 1.278834, -0.037337, 0.000861, 0.013446, -0.002567, -0.010331, 0.005107, 0.002446, 0.003694, 0.000382, -0.001202, 
1513, -0.179739, 1.574130, -1.294727, 1.278846, -0.037338, 0.000861, 0.013446, -0.004098, -0.008161, 0.004875, 0.002274, 0.003250, 0.000356, 0.017428, 
1514, -0.179742, 1.574098, -1.294712, 1.278858, -0.037338, 0.000861, 0.013446, -0.004442, -0.006949, 0.004542, 0.002115, 0.002971, 0.000331, 0.000000, 
1515, -0.179745, 1.574068, -1.294699, 1.278868, -0.037338, 0.000861, 0.013446, -0.005167, -0.006095, 0.004586, 0.001967, 0.003125, 0.000307, 0.017308, 
1516, -0.179746, 1.574039, -1.294687, 1.278878, -0.037338, 0.000861, 0.013446, -0.000389, -0.006186, 0.004264, 0.001955, 0.002114, 0.000286, 0.000000, 
1517, -0.179748, 1.574014, -1.294675, 1.278887, -0.037338, 0.000861, 0.013464, -0.000649, -0.005028, 0.004361, 0.001818, 0.003230, 0.000266, 0.071635, 
1518, -0.179751, 1.573989, -1.294666, 1.278895, -0.037337, 0.000861, 0.013446, -0.000603, -0.004094, 0.002935, 0.001691, 0.004562, 0.000626, 0.000000, 
1519, -0.179753, 1.573967, -1.294657, 1.278903, -0.037338, 0.000861, 0.013446, -0.001648, -0.003769, 0.002695, 0.001572, 0.004006, 0.000582, -0.001683, 
1520, -0.179753, 1.573946, -1.294650, 1.278910, -0.037337, 0.000861, 0.013446, 0.004611, -0.002999, -0.001682, 0.001462, 0.004223, 0.000542, 0.000000, 
1521, -0.179754, 1.573927, -1.294643, 1.278916, -0.037338, 0.000861, 0.013446, 0.010254, -0.002468, -0.002061, 0.000525, 0.003050, 0.000504, 0.000000, 
1522, -0.179756, 1.573909, -1.294637, 1.278922, -0.037337, 0.000861, 0.013446, 0.008347, -0.001908, -0.001925, 0.000488, 0.004041, 0.000468, -0.000721, 
1523, -0.179758, 1.573891, -1.294631, 1.278927, -0.037337, 0.000861, 0.013464, 0.006438, -0.003063, -0.001478, 0.000454, 0.003969, 0.000436, 0.054688, 
1524, -0.179759, 1.573876, -1.294627, 1.278932, -0.037337, 0.000861, 0.013446, 0.005903, -0.003426, -0.002731, 0.000422, 0.005123, 0.000405, -0.005889, 
1525, -0.179761, 1.573861, -1.294623, 1.278936, -0.037337, 0.000861, 0.013464, 0.003660, -0.002511, -0.004217, 0.000292, 0.004587, 0.000377, 0.056611, 
1526, -0.179763, 1.573848, -1.294619, 1.278940, -0.037337, 0.000861, 0.013446, 0.003041, -0.002302, -0.003938, 0.000507, 0.005647, 0.000350, 0.001202, 
1527, -0.179764, 1.573835, -1.294616, 1.278943, -0.037337, 0.000861, 0.013446, 0.002660, -0.002793, -0.005971, 0.000168, 0.005007, 0.000326, -0.000721, 
1528, -0.179765, 1.573823, -1.294614, 1.278946, -0.037338, 0.000861, 0.013446, 0.001807, -0.003183, -0.005552, 0.000156, 0.003914, 0.000353, -0.020913, 
1529, -0.179766, 1.573812, -1.294611, 1.278949, -0.037338, 0.000861, 0.013446, -0.000637, -0.003289, -0.003082, -0.000900, 0.003488, 0.000329, -0.007692, 
1530, -0.179766, 1.573802, -1.294610, 1.278951, -0.037338, 0.000861, 0.013446, 0.004970, -0.002915, -0.003093, 0.000487, 0.002468, 0.000306, 0.001803, 
1531, -0.179767, 1.573793, -1.294609, 1.278953, -0.037338, 0.000861, 0.013446, 0.002043, -0.002462, -0.002876, 0.000452, 0.001663, 0.000284, 0.000000, 
1532, -0.179768, 1.573784, -1.294611, 1.278955, -0.037338, 0.000861, 0.013446, 0.001883, -0.002213, -0.005675, 0.000421, 0.000991, 0.000264, -0.013822, 
1533, -0.179769, 1.573776, -1.294612, 1.278957, -0.037339, 0.000861, 0.013446, 0.001633, -0.001738, -0.006482, 0.000391, 0.000154, 0.000246, 0.000120, 
1534, -0.179770, 1.573768, -1.294613, 1.278959, -0.037338, 0.000861, 0.013446, 0.000541, -0.002202, -0.005833, 0.000364, 0.001273, 0.000228, 0.001683, 
1535, -0.179771, 1.573761, -1.294615, 1.278960, -0.037338, 0.000861, 0.013446, -0.002767, -0.002738, -0.006520, 0.000338, 0.001849, 0.000212, 0.000000, 
1536, -0.179772, 1.573755, -1.294616, 1.278961, -0.037338, 0.000861, 0.013446, -0.002598, -0.002770, -0.007234, 0.000315, 0.001273, 0.000198, -0.009736, 
1537, -0.179771, 1.573749, -1.294618, 1.278963, -0.037338, 0.000861, 0.013446, 0.004165, -0.001998, -0.006710, 0.000293, 0.000956, 0.000184, -0.020072, 
1538, -0.179772, 1.573743, -1.294619, 1.278964, -0.037339, 0.000861, 0.013464, 0.003747, -0.001466, -0.005102, 0.000272, 0.000872, 0.000171, 0.064062, 
1539, -0.179772, 1.573737, -1.294621, 1.278965, -0.037339, 0.000861, 0.013446, 0.000686, -0.003015, -0.004744, 0.000253, 0.000314, 0.000159, -0.018990, 
1540, -0.179773, 1.573733, -1.294622, 1.278966, -0.037338, 0.000861, 0.013422, 0.000133, -0.001835, -0.004353, 0.000235, 0.001303, 0.000148, 0.056490, 
1541, -0.179774, 1.573728, -1.294624, 1.278967, -0.037339, 0.000861, 0.013446, 0.000022, -0.001011, -0.006171, 0.000219, 0.000344, -0.001514, 0.001563, 
1542, -0.179774, 1.573724, -1.294626, 1.278968, -0.037339, 0.000861, 0.013446, -0.001564, -0.001104, -0.006379, 0.000203, -0.000793, -0.001408, -0.002163, 
1543, -0.179775, 1.573720, -1.294627, 1.278969, -0.037339, 0.000861, 0.013464, -0.004269, -0.000517, -0.005932, 0.000189, -0.001386, -0.001309, 0.059495, 
1544, -0.179776, 1.573717, -1.294629, 1.278970, -0.037339, 0.000861, 0.013446, -0.004188, 0.000577, -0.004328, 0.000176, 0.000211, -0.001201, 0.008894, 
1545, -0.179776, 1.573713, -1.294631, 1.278970, -0.037338, 0.000861, 0.013446, -0.003912, 0.000157, -0.004530, 0.000164, 0.001553, -0.001117, 0.000000, 
1546, -0.179775, 1.573710, -1.294634, 1.278971, -0.037338, 0.000861, 0.013446, 0.001983, -0.000397, -0.006260, 0.000152, 0.002894, -0.001038, 0.000000, 
1547, -0.179775, 1.573707, -1.294637, 1.278972, -0.037338, 0.000861, 0.013446, 0.001844, -0.001056, -0.005821, 0.000141, 0.002295, -0.000965, -0.001322, 
1548, -0.179776, 1.573704, -1.294641, 1.278972, -0.037338, 0.000861, 0.013446, 0.001715, -0.000835, -0.006340, 0.000764, 0.003499, -0.000898, -0.006611, 
1549, -0.179776, 1.573702, -1.294645, 1.278972, -0.037338, 0.000861, 0.013422, 0.001578, -0.000469, -0.006704, 0.000710, 0.003928, -0.000835, -0.080769, 
1550, -0.179777, 1.573700, -1.294649, 1.278972, -0.037338, 0.000861, 0.013446, -0.000050, -0.000301, -0.006437, 0.000660, 0.003492, -0.000776, 0.006490, 
1551, -0.179777, 1.573697, -1.294655, 1.278973, -0.037338, 0.000861, 0.013446, -0.000046, 0.000087, -0.005404, 0.000614, 0.003054, -0.000722, 0.000000, 
1552, -0.179778, 1.573695, -1.294662, 1.278973, -0.037338, 0.000861, 0.013446, -0.001543, 0.000561, -0.002463, 0.001633, 0.002620, -0.000671, 0.007091, 
1553, -0.179778, 1.573694, -1.294673, 1.278972, -0.037338, 0.000861, 0.013446, -0.001443, 0.000825, -0.003984, 0.001324, 0.002428, -0.000624, -0.003365, 
1554, -0.179778, 1.573692, -1.294687, 1.278972, -0.037339, 0.000861, 0.013446, -0.000870, 0.000169, -0.006284, 0.001215, 0.002224, -0.000580, 0.011298, 
1555, -0.179779, 1.573690, -1.294707, 1.278972, -0.037339, 0.000861, 0.013446, 0.000986, 0.000258, -0.006492, 0.001129, 0.002026, -0.000540, -0.001442, 
1556, -0.179779, 1.573689, -1.294732, 1.278972, -0.037339, 0.000861, 0.013446, 0.000967, 0.000809, -0.008548, 0.001050, 0.001412, -0.000502, -0.020312, 
1557, -0.179779, 1.573687, -1.294764, 1.278971, -0.037339, 0.000861, 0.013446, 0.000900, 0.000836, -0.010224, 0.000977, 0.001195, -0.000467, -0.015505, 
1558, -0.179779, 1.573686, -1.294802, 1.278971, -0.037339, 0.000861, 0.013446, 0.000879, 0.000546, -0.013906, 0.000908, 0.000429, -0.000434, 0.000000, 
1559, -0.179780, 1.573685, -1.294844, 1.278971, -0.037339, 0.000861, 0.013446, 0.001238, 0.000318, -0.015434, 0.000845, -0.000031, -0.000404, -0.003606, 
1560, -0.179780, 1.573684, -1.294892, 1.278971, -0.037339, 0.000861, 0.013446, 0.002196, 0.000978, -0.015405, 0.000785, 0.000974, -0.000375, 0.008774, 
1561, -0.179780, 1.573682, -1.294944, 1.278971, -0.037339, 0.000861, 0.013446, 0.002042, -0.000257, -0.015353, 0.000730, 0.000139, -0.000349, 0.000000, 
1562, -0.179780, 1.573681, -1.295002, 1.278970, -0.037339, 0.000861, 0.013446, 0.001899, 0.000203, -0.017175, 0.000679, 0.000079, -0.000324, -0.025361, 
1563, -0.179780, 1.573681, -1.295066, 1.278970, -0.037339, 0.000861, 0.013422, 0.001766, 0.000589, -0.018626, 0.000631, -0.000576, -0.000302, -0.094351, 
1564, -0.179780, 1.573680, -1.295135, 1.278970, -0.037339, 0.000861, 0.013446, 0.001642, 0.001340, -0.019797, 0.000587, -0.000535, -0.000281, -0.016466, 
1565, -0.179781, 1.573679, -1.295209, 1.278970, -0.037339, 0.000861, 0.013446, 0.001527, 0.000993, -0.021789, 0.000546, -0.000506, -0.000261, -0.002043, 
1566, -0.179782, 1.573678, -1.295288, 1.278970, -0.037340, 0.000861, 0.013446, -0.001748, 0.001560, -0.023118, 0.000508, -0.000589, -0.000243, -0.002524, 
1567, -0.179783, 1.573677, -1.295370, 1.278970, -0.037340, 0.000861, 0.013422, -0.005839, 0.000237, -0.023612, 0.000472, -0.001272, -0.000226, -0.095192, 
1568, -0.179783, 1.573676, -1.295456, 1.278970, -0.037340, 0.000861, 0.013446, -0.005430, -0.000252, -0.024013, 0.000439, -0.001326, -0.000210, -0.019111, 
1569, -0.179783, 1.573676, -1.295543, 1.278970, -0.037339, 0.000861, 0.013446, -0.005445, 0.000230, -0.026214, 0.000408, 0.000107, -0.000195, 0.021635, 
1570, -0.179783, 1.573676, -1.295632, 1.278969, -0.037339, 0.000861, 0.013446, -0.005063, 0.001124, -0.026752, 0.000380, 0.000006, -0.000181, 0.006250, 
1571, -0.179783, 1.573675, -1.295723, 1.278969, -0.037340, 0.000861, 0.013446, -0.002627, 0.001133, -0.026056, 0.000353, -0.000163, -0.000169, -0.001683, 
1572, -0.179784, 1.573674, -1.295817, 1.278969, -0.037339, 0.000861, 0.013446, -0.007406, 0.000649, -0.025763, 0.000328, 0.001222, -0.000157, 0.000000, 
1573, -0.179784, 1.573674, -1.295914, 1.278969, -0.037339, 0.000861, 0.013464, -0.006887, 0.001177, -0.026932, 0.000305, 0.000951, -0.000146, 0.054447, 
1574, -0.179784, 1.573674, -1.296013, 1.278969, -0.037339, 0.000861, 0.013446, -0.006404, 0.001992, -0.026805, 0.000284, 0.000876, -0.000136, 0.000000, 
1575, -0.179784, 1.573674, -1.296117, 1.278969, -0.037339, 0.000861, 0.013446, -0.005955, 0.001418, -0.027765, 0.000264, 0.000663, -0.000126, 0.000240, 
1576, -0.179784, 1.573673, -1.296224, 1.278969, -0.037340, 0.000861, 0.013446, -0.005538, 0.001369, -0.030285, 0.000245, 0.000431, -0.000117, -0.000361, 
1577, -0.179784, 1.573673, -1.296333, 1.278969, -0.037340, 0.000861, 0.013446, -0.005149, 0.001568, -0.029147, 0.000228, -0.000239, -0.000109, 0.027284, 
1578, -0.179784, 1.573673, -1.296442, 1.278969, -0.037340, 0.000861, 0.013446, -0.005825, 0.002937, -0.027947, 0.000212, -0.000400, -0.000101, -0.014183, 
1579, -0.179784, 1.573673, -1.296553, 1.278968, -0.037340, 0.000861, 0.013446, -0.005416, 0.003098, -0.028237, -0.000452, -0.000700, -0.000094, -0.000361, 
1580, -0.179784, 1.573672, -1.296666, 1.278968, -0.037339, 0.000861, 0.013446, -0.005011, 0.002480, -0.027867, -0.000420, 0.000832, -0.000088, -0.000120, 
1581, -0.179783, 1.573672, -1.296780, 1.278968, -0.037339, 0.000861, 0.013446, -0.004685, 0.002656, -0.029393, -0.000390, -0.000204, -0.000082, -0.008293, 
1582, -0.179783, 1.573672, -1.296897, 1.278967, -0.037340, 0.000861, 0.013446, -0.004357, 0.002984, -0.030821, -0.000363, -0.000889, -0.000076, 0.001563, 
1583, -0.179783, 1.573672, -1.297016, 1.278966, -0.037340, 0.000861, 0.013446, -0.004818, 0.002543, -0.033312, -0.000338, -0.001425, -0.000071, -0.028245, 
1584, -0.179783, 1.573671, -1.297140, 1.278965, -0.037340, 0.000861, 0.013446, -0.004472, 0.002302, -0.033167, -0.000314, -0.001342, -0.000066, 0.000000, 
1585, -0.179783, 1.573671, -1.297266, 1.278965, -0.037340, 0.000861, 0.013446, -0.004116, 0.002730, -0.033867, -0.000292, -0.001467, -0.000061, 0.000000, 
1586, -0.179783, 1.573671, -1.297394, 1.278964, -0.037340, 0.000861, 0.013446, -0.004814, 0.002884, -0.034560, -0.000271, -0.001533, -0.000057, 0.000000, 
1587, -0.179783, 1.573671, -1.297522, 1.278964, -0.037340, 0.000861, 0.013446, -0.004476, 0.002791, -0.034278, -0.000252, -0.001434, -0.000053, 0.000481, 
1588, -0.179783, 1.573671, -1.297652, 1.278963, -0.037340, 0.000861, 0.013446, -0.004120, 0.002263, -0.033223, -0.000235, -0.001333, -0.000024, -0.018990, 
1589, -0.179783, 1.573671, -1.297782, 1.278963, -0.037340, 0.000861, 0.013446, -0.002045, 0.002260, -0.032048, -0.000218, -0.001560, -0.000022, -0.004207, 
1590, -0.179783, 1.573670, -1.297914, 1.278962, -0.037340, 0.000861, 0.013446, -0.004278, 0.002017, -0.033079, -0.000203, -0.001981, -0.000021, -0.026202, 
1591, -0.179783, 1.573670, -1.298049, 1.278962, -0.037340, 0.000861, 0.013446, -0.003978, 0.001455, -0.035100, -0.000189, -0.001842, -0.000019, -0.002043, 
1592, -0.179783, 1.573670, -1.298188, 1.278961, -0.037340, 0.000861, 0.013422, -0.003623, 0.000885, -0.035773, -0.000176, -0.001755, -0.000018, -0.047115, 
1593, -0.179783, 1.573670, -1.298329, 1.278961, -0.037340, 0.000861, 0.013446, -0.003369, 0.001754, -0.035827, -0.000163, -0.000630, -0.000017, 0.011058, 
1594, -0.179783, 1.573670, -1.298472, 1.278961, -0.037340, 0.000861, 0.013446, -0.003133, 0.001673, -0.036989, -0.000152, -0.000594, -0.000015, 0.000000, 
1595, -0.179783, 1.573670, -1.298614, 1.278960, -0.037340, 0.000861, 0.013446, -0.002913, 0.001307, -0.036191, -0.000141, -0.001176, -0.000014, -0.000841, 
1596, -0.179783, 1.573669, -1.298755, 1.278960, -0.037340, 0.000861, 0.013446, -0.003122, 0.001452, -0.034934, -0.000131, -0.001279, -0.000013, 0.000000, 
1597, -0.179783, 1.573669, -1.298893, 1.278960, -0.037340, 0.000861, 0.013446, -0.002903, 0.001687, -0.034390, -0.000122, -0.001787, -0.000012, -0.007452, 
1598, -0.179783, 1.573669, -1.299028, 1.278960, -0.037340, 0.000861, 0.013464, -0.002826, 0.001990, -0.032889, -0.000113, -0.002597, -0.000011, 0.070433, 
1599, -0.179783, 1.573669, -1.299163, 1.278959, -0.037340, 0.000861, 0.013446, -0.002442, 0.001867, -0.033153, -0.000106, -0.003317, -0.000011, -0.002404, 
1600, -0.179783, 1.573669, -1.299296, 1.278959, -0.037340, 0.000861, 0.013446, -0.002271, 0.001201, -0.033432, -0.000098, -0.003110, -0.000010, -0.007212, 
1601, -0.179784, 1.573669, -1.299427, 1.278959, -0.037340, 0.000861, 0.013446, -0.007471, 0.001222, -0.032192, -0.000091, -0.003709, -0.000009, -0.010457, 
1602, -0.179784, 1.573669, -1.299555, 1.278959, -0.037340, 0.000861, 0.013446, -0.006948, 0.001314, -0.032202, -0.000085, -0.001873, -0.000009, -0.001082, 
1603, -0.179784, 1.573669, -1.299678, 1.278959, -0.037340, 0.000861, 0.013446, -0.006460, 0.000855, -0.030602, -0.000079, -0.001801, -0.000008, 0.019111, 
1604, -0.179784, 1.573669, -1.299797, 1.278958, -0.037339, 0.000861, 0.013446, -0.006008, 0.000433, -0.030040, -0.000073, -0.001102, -0.000007, 0.000841, 
1605, -0.179784, 1.573668, -1.299910, 1.278958, -0.037340, 0.000861, 0.013446, -0.005569, -0.001675, -0.028339, -0.000068, -0.002187, -0.000007, 0.010457, 
1606, -0.179784, 1.573668, -1.300018, 1.278958, -0.037340, 0.000861, 0.013446, -0.005162, -0.001878, -0.027237, -0.000063, -0.002910, -0.000006, -0.000120, 
1607, -0.179783, 1.573668, -1.300121, 1.278958, -0.037339, 0.000861, 0.013446, -0.004775, -0.002243, -0.026229, -0.000059, -0.001105, -0.000006, -0.016707, 
1608, -0.179783, 1.573668, -1.300219, 1.278958, -0.037339, 0.000861, 0.013446, -0.004246, -0.001913, -0.024449, -0.000055, 0.000455, -0.000006, -0.002404, 
1609, -0.179783, 1.573668, -1.300311, 1.278958, -0.037339, 0.000861, 0.013446, -0.003949, -0.001442, -0.022819, -0.000051, 0.000424, -0.000005, -0.013101, 
1610, -0.179783, 1.573669, -1.300397, 1.278958, -0.037339, 0.000861, 0.013446, -0.003672, -0.000604, -0.021219, -0.000047, 0.000301, -0.000005, -0.010817, 
1611, -0.179783, 1.573669, -1.300477, 1.278958, -0.037339, 0.000861, 0.013464, -0.003456, -0.000178, -0.019731, -0.000044, 0.000095, -0.000004, 0.070673, 
1612, -0.179783, 1.573668, -1.300551, 1.278957, -0.037339, 0.000861, 0.013446, -0.003214, -0.000081, -0.018348, -0.000041, -0.000106, -0.000004, 0.002524, 
1613, -0.179783, 1.573668, -1.300620, 1.278957, -0.037339, 0.000861, 0.013446, -0.002989, -0.000838, -0.017002, -0.000038, 0.001528, -0.000004, -0.000601, 
1614, -0.179783, 1.573668, -1.300684, 1.278957, -0.037339, 0.000861, 0.013446, -0.002779, -0.000164, -0.015810, -0.000035, 0.000755, -0.000004, -0.005889, 
1615, -0.179783, 1.573668, -1.300745, 1.278957, -0.037339, 0.000861, 0.013446, -0.002584, 0.000041, -0.014702, -0.000033, 0.001343, -0.000003, 0.011058, 
1616, -0.179783, 1.573668, -1.300800, 1.278957, -0.037339, 0.000861, 0.013464, -0.002403, -0.000720, -0.013671, -0.000031, 0.002437, -0.000003, 0.070793, 
1617, -0.179783, 1.573668, -1.300852, 1.278957, -0.037339, 0.000861, 0.013446, -0.003018, 0.000498, -0.012713, -0.000029, 0.001271, -0.000003, 0.000000, 
1618, -0.179783, 1.573668, -1.300901, 1.278957, -0.037339, 0.000861, 0.013446, -0.002807, 0.001166, -0.012420, -0.000027, 0.001073, -0.000003, -0.003606, 
1619, -0.179783, 1.573668, -1.300946, 1.278957, -0.037339, 0.000861, 0.013446, -0.002610, 0.001519, -0.011549, -0.000025, 0.000998, -0.000002, 0.017668, 
1620, -0.179783, 1.573668, -1.300989, 1.278957, -0.037339, 0.000861, 0.013446, -0.002427, 0.001147, -0.010739, -0.000023, 0.000523, -0.000002, 0.000000, 
1621, -0.179783, 1.573668, -1.301028, 1.278957, -0.037339, 0.000861, 0.013446, -0.002265, 0.000354, -0.009986, -0.000021, 0.000183, -0.000002, 0.000000, 
1622, -0.179783, 1.573668, -1.301065, 1.278957, -0.037339, 0.000861, 0.013446, -0.002098, 0.001998, -0.009286, -0.000020, 0.001637, -0.000002, -0.005529, 
1623, -0.179783, 1.573668, -1.301101, 1.278957, -0.037339, 0.000861, 0.013446, -0.001934, 0.000029, -0.009115, -0.000018, 0.002508, -0.000002, -0.000240, 
1624, -0.179784, 1.573668, -1.301135, 1.278957, -0.037339, 0.000861, 0.013446, -0.006720, 0.001683, -0.008544, -0.000017, 0.002180, -0.000002, -0.017067, 
1625, -0.179785, 1.573668, -1.301167, 1.278957, -0.037339, 0.000861, 0.013446, -0.010513, 0.003065, -0.008754, -0.000016, 0.001732, -0.000002, 0.000000, 
1626, -0.179786, 1.573667, -1.301199, 1.278957, -0.037339, 0.000861, 0.013446, -0.009809, 0.001270, -0.008949, -0.000015, 0.001451, -0.000001, 0.000000, 
1627, -0.179787, 1.573667, -1.301230, 1.278957, -0.037339, 0.000861, 0.013446, -0.009054, -0.000011, -0.008321, -0.000014, 0.000751, -0.000001, -0.027644, 
1628, -0.179789, 1.573666, -1.301260, 1.278957, -0.037339, 0.000861, 0.013446, -0.008858, -0.001022, -0.007738, -0.000013, 0.000218, -0.000001, -0.000601, 
1629, -0.179793, 1.573666, -1.301290, 1.278957, -0.037339, 0.000861, 0.013446, -0.009425, -0.000866, -0.008468, -0.000012, -0.000396, -0.000001, 0.001442, 
1630, -0.179797, 1.573666, -1.301320, 1.278957, -0.037339, 0.000861, 0.013446, -0.008747, 0.000375, -0.009568, -0.000011, -0.000966, -0.000001, -0.005288, 
1631, -0.179805, 1.573666, -1.301349, 1.278957, -0.037339, 0.000861, 0.013446, -0.009322, -0.000617, -0.008425, -0.000010, -0.000899, -0.000001, 0.007091, 
1632, -0.179815, 1.573665, -1.301379, 1.278957, -0.037340, 0.000861, 0.013446, -0.008390, -0.001012, -0.008433, -0.000010, -0.000836, -0.000001, 0.000000, 
1633, -0.179830, 1.573665, -1.301410, 1.278957, -0.037340, 0.000861, 0.013446, -0.009159, -0.001939, -0.008550, -0.000009, -0.000895, -0.000001, -0.000962, 
1634, -0.179850, 1.573665, -1.301441, 1.278957, -0.037340, 0.000861, 0.013446, -0.009401, -0.000657, -0.008506, -0.000008, -0.000773, -0.000001, -0.001322, 
1635, -0.179875, 1.573665, -1.301474, 1.278957, -0.037340, 0.000861, 0.013446, -0.013150, -0.001011, -0.008913, -0.000008, -0.000719, -0.000001, 0.000240, 
1636, -0.179901, 1.573664, -1.301509, 1.278957, -0.037340, 0.000861, 0.013446, -0.013711, -0.001320, -0.010319, -0.000007, -0.001267, -0.000001, -0.000962, 
1637, -0.179926, 1.573664, -1.301549, 1.278956, -0.037340, 0.000861, 0.013446, -0.006143, -0.002588, -0.012915, -0.000007, -0.001768, -0.000001, -0.000962, 
1638, -0.179951, 1.573664, -1.301594, 1.278956, -0.037340, 0.000861, 0.013464, -0.006706, -0.001606, -0.013872, -0.000006, -0.001661, -0.000001, 0.059976, 
1639, -0.179974, 1.573664, -1.301647, 1.278956, -0.037340, 0.000861, 0.013446, -0.006649, -0.001692, -0.017164, -0.000006, -0.001561, -0.000001, -0.010337, 
1640, -0.179995, 1.573664, -1.301707, 1.278956, -0.037340, 0.000861, 0.013446, -0.008770, -0.001889, -0.019120, -0.000005, -0.001780, -0.000001, 0.017788, 
1641, -0.180015, 1.573664, -1.301773, 1.278956, -0.037340, 0.000861, 0.013446, -0.009293, -0.002418, -0.020299, -0.000005, -0.000678, -0.000001, -0.018269, 
1642, -0.180032, 1.573664, -1.301846, 1.278956, -0.037340, 0.000861, 0.013446, -0.007605, -0.003550, -0.021168, -0.000005, -0.000639, -0.000000, -0.018029, 
1643, -0.180047, 1.573664, -1.301924, 1.278956, -0.037340, 0.000861, 0.013446, -0.003111, -0.002219, -0.022625, -0.000004, -0.000754, -0.000000, -0.007091, 
1644, -0.180063, 1.573664, -1.302009, 1.278956, -0.037340, 0.000861, 0.013464, -0.008084, -0.000744, -0.024831, -0.000004, -0.001460, -0.000000, 0.075601, 
1645, -0.180077, 1.573664, -1.302104, 1.278956, -0.037340, 0.000861, 0.013446, -0.004483, -0.001847, -0.027666, -0.000004, -0.001593, -0.000000, -0.000601, 
1646, -0.180089, 1.573664, -1.302207, 1.278956, -0.037340, 0.000861, 0.013446, -0.002956, -0.000980, -0.029291, -0.000003, -0.000167, -0.000000, -0.003005, 
1647, -0.180103, 1.573664, -1.302322, 1.278956, -0.037339, 0.000861, 0.013446, -0.007299, -0.001033, -0.031265, -0.000003, 0.001142, -0.000000, 0.005048, 
1648, -0.180113, 1.573664, -1.302447, 1.278956, -0.037339, 0.000861, 0.013446, -0.003105, -0.001618, -0.033893, -0.000003, 0.001020, -0.000000, -0.000120, 
1649, -0.180125, 1.573663, -1.302584, 1.278956, -0.037339, 0.000861, 0.013446, -0.006831, -0.002748, -0.037517, -0.000003, 0.000603, -0.000000, 0.000000, 
1650, -0.180134, 1.573663, -1.302735, 1.278956, -0.037339, 0.000861, 0.013446, 0.000095, -0.002530, -0.041746, -0.000003, 0.000493, -0.000000, -0.005769, 
1651, -0.180144, 1.573663, -1.302897, 1.278956, -0.037340, 0.000861, 0.013446, -0.002288, -0.002778, -0.045047, -0.000002, 0.000181, -0.000000, 0.000000, 
1652, -0.180153, 1.573663, -1.303071, 1.278956, -0.037340, 0.000861, 0.013446, -0.004681, -0.002861, -0.049110, -0.000002, -0.000430, -0.000000, -0.000120, 
1653, -0.180162, 1.573663, -1.303260, 1.278956, -0.037340, 0.000861, 0.013464, -0.004606, -0.002749, -0.052063, -0.000002, -0.000451, -0.000000, 0.054087, 
1654, -0.180170, 1.573663, -1.303465, 1.278956, -0.037340, 0.000861, 0.013446, -0.005909, -0.001950, -0.055483, -0.000002, -0.000714, -0.000000, 0.007091, 
1655, -0.180178, 1.573663, -1.303684, 1.278956, -0.037340, 0.000861, 0.013446, -0.008899, -0.001800, -0.058031, -0.000002, -0.000858, -0.000000, 0.000000, 
1656, -0.180185, 1.573663, -1.303922, 1.278956, -0.037340, 0.000861, 0.013464, -0.008966, -0.001674, -0.062566, -0.000002, -0.000890, -0.000000, 0.046875, 
1657, -0.180191, 1.573663, -1.304176, 1.278956, -0.037340, 0.000861, 0.013446, -0.008599, -0.001818, -0.067373, -0.000002, -0.001418, -0.000000, -0.010457, 
1658, -0.180197, 1.573662, -1.304449, 1.278956, -0.037340, 0.000861, 0.013446, -0.008738, -0.002807, -0.073049, -0.000001, -0.001900, -0.000000, -0.032933, 
1659, -0.180203, 1.573662, -1.304738, 1.278956, -0.037340, 0.000861, 0.013446, -0.012920, -0.002357, -0.077129, -0.000001, -0.001868, -0.000000, -0.003365, 
1660, -0.180207, 1.573662, -1.305040, 1.278956, -0.037340, 0.000861, 0.013446, -0.005407, -0.002765, -0.081910, -0.000001, -0.001762, -0.000000, -0.025481, 
1661, -0.180212, 1.573662, -1.305355, 1.278956, -0.037340, 0.000861, 0.013446, -0.007312, -0.001889, -0.085411, -0.000001, -0.002734, -0.000000, -0.000120, 
1662, -0.180215, 1.573662, -1.305684, 1.278956, -0.037340, 0.000861, 0.013446, -0.002738, -0.002077, -0.089308, -0.000001, -0.003301, -0.000000, -0.001202, 
1663, -0.180219, 1.573662, -1.306027, 1.278956, -0.037340, 0.000861, 0.013446, -0.007180, -0.000406, -0.093007, -0.000001, -0.003659, -0.000000, -0.024880, 
1664, -0.180223, 1.573662, -1.306387, 1.278956, -0.037340, 0.000861, 0.013446, -0.010208, -0.000440, -0.097474, -0.000001, -0.003403, -0.000000, -0.009255, 
1665, -0.180227, 1.573662, -1.306763, 1.278956, -0.037340, 0.000861, 0.013446, -0.011944, -0.000603, -0.101781, -0.000001, -0.003189, -0.000000, 0.008534, 
1666, -0.180231, 1.573663, -1.307153, 1.278956, -0.037340, 0.000861, 0.013446, -0.012304, 0.000467, -0.105777, -0.000001, -0.003345, -0.000000, 0.028846, 
1667, -0.180232, 1.573662, -1.307555, 1.278956, -0.037340, 0.000861, 0.013446, -0.006579, -0.000636, -0.111405, -0.000001, -0.003650, -0.000000, 0.021635, 
1668, -0.180234, 1.573663, -1.307965, 1.278956, -0.037340, 0.000861, 0.013446, -0.002528, 0.000715, -0.113774, -0.000001, -0.003655, -0.000000, 0.000721, 
1669, -0.180237, 1.573663, -1.308381, 1.278956, -0.037340, 0.000861, 0.013464, -0.002350, -0.000161, -0.114300, -0.000001, -0.001865, -0.000000, 0.068029, 
1670, -0.180238, 1.573663, -1.308802, 1.278956, -0.037340, 0.000861, 0.013446, 0.003519, 0.002319, -0.114797, -0.000001, -0.001836, -0.000000, -0.017308, 
1671, -0.180241, 1.573663, -1.309230, 1.278956, -0.037340, 0.000861, 0.013446, 0.003087, 0.001596, -0.114746, -0.000001, -0.001741, -0.000000, -0.010457, 
1672, -0.180242, 1.573663, -1.309663, 1.278956, -0.037340, 0.000861, 0.013464, 0.008508, 0.002394, -0.114496, -0.000001, -0.002360, -0.000000, 0.004688, 
1673, -0.180243, 1.573663, -1.310100, 1.278956, -0.037340, 0.000861, 0.013446, 0.014384, 0.002205, -0.118005, -0.000000, -0.002574, -0.000000, -0.006731, 
1674, -0.180245, 1.573663, -1.310538, 1.278956, -0.037340, 0.000861, 0.013446, 0.012339, 0.001073, -0.118175, -0.000000, -0.002587, -0.000000, -0.003125, 
1675, -0.180248, 1.573663, -1.310975, 1.278956, -0.037340, 0.000861, 0.013446, 0.013774, 0.002595, -0.116867, -0.000000, -0.001614, -0.000000, 0.000000, 
1676, -0.180248, 1.573663, -1.311409, 1.278956, -0.037340, 0.000861, 0.013446, 0.016634, 0.002413, -0.116038, -0.000000, -0.002107, -0.000000, -0.016226, 
1677, -0.180250, 1.573663, -1.311841, 1.278956, -0.037340, 0.000861, 0.013446, 0.015097, 0.002265, -0.118175, -0.000000, -0.002195, -0.000000, -0.029087, 
1678, -0.180252, 1.573663, -1.312270, 1.278956, -0.037340, 0.000861, 0.013446, 0.010803, 0.001735, -0.115729, -0.000000, -0.002050, -0.000000, -0.005409, 
1679, -0.180254, 1.573663, -1.312695, 1.278956, -0.037340, 0.000861, 0.013446, 0.007585, 0.001622, -0.111913, -0.000000, -0.002176, -0.000000, -0.003365, 
1680, -0.180256, 1.573662, -1.313115, 1.278956, -0.037340, 0.000861, 0.013446, 0.004500, 0.000889, -0.107707, -0.000000, -0.000751, -0.000000, -0.011538, 
1681, -0.180256, 1.573662, -1.313531, 1.278956, -0.037340, 0.000861, 0.013446, 0.007471, 0.001126, -0.104521, -0.000000, -0.000707, -0.000000, -0.002284, 
1682, -0.180257, 1.573662, -1.313939, 1.278956, -0.037340, 0.000861, 0.013446, 0.006938, -0.000285, -0.100892, -0.000000, 0.000607, -0.000000, -0.001923, 
1683, -0.180259, 1.573662, -1.314337, 1.278956, -0.037340, 0.000861, 0.013446, 0.005432, -0.000286, -0.096565, -0.000000, 0.000489, -0.000000, -0.011178, 
1684, -0.180258, 1.573662, -1.314727, 1.278956, -0.037340, 0.000861, 0.013464, 0.009349, 0.000063, -0.094405, -0.000000, 0.000303, -0.000000, 0.029567, 
1685, -0.180260, 1.573662, -1.315108, 1.278956, -0.037340, 0.000861, 0.013446, 0.008685, 0.001710, -0.091670, -0.000000, 0.000231, -0.000000, -0.003846, 
1686, -0.180261, 1.573662, -1.315480, 1.278956, -0.037340, 0.000861, 0.013446, 0.003450, 0.001590, -0.089052, -0.000000, -0.000224, -0.000000, -0.000361, 
1687, -0.180262, 1.573662, -1.315843, 1.278956, -0.037340, 0.000861, 0.013446, 0.002382, 0.002309, -0.089154, -0.000000, 0.001444, -0.000000, -0.022957, 
1688, -0.180263, 1.573662, -1.316197, 1.278956, -0.037340, 0.000861, 0.013446, -0.000911, 0.002476, -0.089097, -0.000000, 0.000744, -0.000000, 0.006250, 
1689, -0.180264, 1.573661, -1.316541, 1.278956, -0.037340, 0.000861, 0.013446, -0.003637, 0.002264, -0.089567, -0.000000, 0.000667, -0.000000, 0.000000, 
1690, -0.180265, 1.573661, -1.316872, 1.278956, -0.037340, 0.000861, 0.013446, -0.004106, 0.001777, -0.085419, -0.000000, 0.000376, -0.000000, -0.020433, 
1691, -0.180266, 1.573660, -1.317192, 1.278956, -0.037340, 0.000861, 0.013446, -0.007004, 0.001332, -0.080922, -0.000000, 0.000214, -0.000000, -0.019712, 
1692, -0.180267, 1.573660, -1.317501, 1.278956, -0.037340, 0.000861, 0.013446, -0.009294, 0.000514, -0.078366, -0.000000, 0.001430, -0.000000, -0.000481, 
1693, -0.180268, 1.573660, -1.317800, 1.278956, -0.037340, 0.000861, 0.013446, -0.011052, 0.000474, -0.075711, -0.000000, 0.000950, -0.000000, 0.005649, 
1694, -0.180269, 1.573659, -1.318089, 1.278956, -0.037340, 0.000861, 0.013446, -0.012258, 0.000976, -0.072232, -0.000000, 0.000884, -0.000000, 0.000000, 
1695, -0.180268, 1.573659, -1.318369, 1.278956, -0.037340, 0.000861, 0.013446, -0.005407, 0.000903, -0.070858, -0.000000, 0.001563, -0.000000, -0.002404, 
1696, -0.180267, 1.573659, -1.318637, 1.278956, -0.037340, 0.000861, 0.013446, -0.002306, 0.000734, -0.068048, -0.000000, 0.000906, -0.000000, -0.007091, 
1697, -0.180266, 1.573659, -1.318894, 1.278956, -0.037340, 0.000861, 0.013446, 0.000165, 0.000683, -0.064836, -0.000000, 0.000202, -0.000000, -0.020192, 
1698, -0.180265, 1.573658, -1.319140, 1.278956, -0.037340, 0.000861, 0.013446, 0.006583, 0.000669, -0.062473, -0.000000, -0.000402, -0.000000, 0.000481, 
1699, -0.180266, 1.573658, -1.319376, 1.278956, -0.037340, 0.000861, 0.013446, 0.004082, 0.001001, -0.061716, -0.000000, -0.000467, -0.000000, 0.011058, 
1700, -0.180267, 1.573658, -1.319601, 1.278956, -0.037340, 0.000861, 0.013446, 0.003071, 0.001525, -0.057928, -0.000000, -0.001091, -0.000000, -0.012981, 
1701, -0.180266, 1.573658, -1.319819, 1.278956, -0.037340, 0.000861, 0.013446, 0.008409, 0.001700, -0.057516, -0.000000, 0.000536, -0.000000, 0.001082, 
1702, -0.180267, 1.573657, -1.320029, 1.278956, -0.037340, 0.000861, 0.013446, 0.006084, 0.000772, -0.057461, -0.000000, 0.000246, -0.000000, -0.002885, 
1703, -0.180268, 1.573657, -1.320230, 1.278956, -0.037340, 0.000861, 0.013446, 0.002051, 0.001211, -0.054157, -0.000000, -0.000412, -0.000000, -0.003005, 
1704, -0.180268, 1.573657, -1.320424, 1.278956, -0.037340, 0.000861, 0.013422, 0.001907, 0.001956, -0.054320, -0.000000, -0.000383, -0.000000, -0.075481, 
1705, -0.180269, 1.573657, -1.320610, 1.278956, -0.037340, 0.000861, 0.013446, 0.000880, 0.001680, -0.053706, -0.000000, -0.000500, -0.000000, 0.005529, 
1706, -0.180270, 1.573657, -1.320786, 1.278956, -0.037340, 0.000861, 0.013446, -0.001609, 0.001562, -0.054912, -0.000000, -0.001139, -0.000000, -0.002885, 
1707, -0.180270, 1.573657, -1.320951, 1.278956, -0.037340, 0.000861, 0.013446, -0.001597, 0.001516, -0.048719, -0.000000, -0.001447, -0.000000, 0.000000, 
1708, -0.180269, 1.573657, -1.321107, 1.278956, -0.037340, 0.000861, 0.013446, 0.004093, 0.001553, -0.045320, -0.000000, -0.001505, -0.000000, -0.028966, 
1709, -0.180268, 1.573656, -1.321254, 1.278956, -0.037340, 0.000861, 0.013446, 0.007388, 0.001823, -0.038123, -0.000000, -0.001594, -0.000000, -0.000481, 
1710, -0.180269, 1.573656, -1.321393, 1.278956, -0.037340, 0.000861, 0.013464, 0.006010, 0.001695, -0.038366, -0.000000, -0.001819, -0.000000, 0.049399, 
1711, -0.180269, 1.573656, -1.321523, 1.278956, -0.037340, 0.000861, 0.013446, 0.004999, 0.000982, -0.035381, -0.000000, -0.002315, -0.000000, -0.002885, 
1712, -0.180268, 1.573656, -1.321645, 1.278956, -0.037340, 0.000861, 0.013446, 0.008635, 0.000913, -0.033878, -0.000000, -0.002212, -0.000000, 0.008774, 
1713, -0.180269, 1.573656, -1.321759, 1.278956, -0.037340, 0.000861, 0.013446, 0.008004, 0.001136, -0.033483, -0.000000, -0.002992, -0.000000, 0.000000, 
1714, -0.180270, 1.573656, -1.321863, 1.278956, -0.037340, 0.000861, 0.013446, 0.004637, 0.001229, -0.026560, -0.000000, -0.003431, -0.000000, -0.006250, 
1715, -0.180269, 1.573656, -1.321962, 1.278956, -0.037340, 0.000861, 0.013446, 0.007564, 0.002171, -0.022911, -0.000000, -0.003671, -0.000000, -0.003606, 
1716, -0.180269, 1.573656, -1.322053, 1.278956, -0.037340, 0.000861, 0.013422, 0.002391, 0.002259, -0.021305, -0.000000, -0.003574, -0.000000, -0.096154, 
1717, -0.180270, 1.573656, -1.322138, 1.278956, -0.037340, 0.000861, 0.013446, 0.001161, 0.002101, -0.021716, -0.000000, -0.002430, -0.000000, -0.021394, 
1718, -0.180271, 1.573656, -1.322217, 1.278956, -0.037340, 0.000861, 0.013446, -0.002476, 0.002109, -0.020201, -0.000000, -0.002411, -0.000000, -0.003606, 
1719, -0.180271, 1.573656, -1.322290, 1.278956, -0.037340, 0.000861, 0.013446, -0.006676, 0.001974, -0.018743, -0.000000, -0.002402, -0.000000, 0.000601, 
1720, -0.180272, 1.573655, -1.322359, 1.278956, -0.037340, 0.000861, 0.013464, -0.008719, 0.001958, -0.017429, -0.000000, -0.002655, -0.000000, 0.066466, 
1721, -0.180270, 1.573655, -1.322422, 1.278956, -0.037340, 0.000861, 0.013446, -0.002639, 0.001875, -0.016207, -0.000000, -0.002503, -0.000000, 0.000120, 
1722, -0.180269, 1.573655, -1.322481, 1.278956, -0.037340, 0.000861, 0.013464, 0.003268, 0.001790, -0.015197, -0.000000, -0.002386, -0.000000, 0.070793, 
1723, -0.180270, 1.573655, -1.322536, 1.278956, -0.037340, 0.000861, 0.013446, -0.000315, 0.001799, -0.012665, -0.000000, -0.002387, -0.000000, 0.000000, 
1724, -0.180270, 1.573655, -1.322587, 1.278956, -0.037340, 0.000861, 0.013446, -0.003158, 0.002074, -0.010530, -0.000000, -0.002220, -0.000000, -0.037139, 
1725, -0.180271, 1.573655, -1.322636, 1.278956, -0.037340, 0.000861, 0.013446, -0.006923, 0.001271, -0.013744, -0.000000, -0.000564, -0.000000, 0.000000, 
1726, -0.180272, 1.573655, -1.322680, 1.278956, -0.037340, 0.000861, 0.013446, -0.007693, 0.001182, -0.011348, -0.000000, -0.000668, -0.000000, -0.020553, 
1727, -0.180272, 1.573655, -1.322721, 1.278956, -0.037340, 0.000861, 0.013422, -0.007162, 0.001461, -0.007527, -0.000000, -0.001245, -0.000000, -0.077764, 
1728, -0.180272, 1.573655, -1.322761, 1.278956, -0.037340, 0.000861, 0.013446, -0.010688, 0.001371, -0.008583, -0.000000, -0.001158, -0.000000, -0.002163, 
1729, -0.180273, 1.573654, -1.322796, 1.278956, -0.037340, 0.000861, 0.013446, -0.012441, -0.000865, -0.004409, -0.000000, -0.001666, -0.000000, -0.000841, 
1730, -0.180273, 1.573654, -1.322830, 1.278956, -0.037340, 0.000861, 0.013446, -0.011982, -0.000708, -0.005726, -0.000000, -0.001592, -0.000000, -0.005649, 
1731, -0.180274, 1.573654, -1.322862, 1.278956, -0.037340, 0.000861, 0.013446, -0.012111, -0.001071, -0.005805, -0.000000, 0.000054, -0.000000, 0.003606, 
1732, -0.180274, 1.573654, -1.322891, 1.278956, -0.037340, 0.000861, 0.013446, -0.013428, -0.000705, -0.005693, -0.000000, -0.000169, -0.000000, 0.007452, 
1733, -0.180274, 1.573654, -1.322919, 1.278956, -0.037340, 0.000861, 0.013464, -0.015672, -0.000533, -0.007122, -0.000000, -0.000368, -0.000000, 0.068990, 
1734, -0.180274, 1.573654, -1.322944, 1.278956, -0.037340, 0.000861, 0.013446, -0.016578, -0.001225, -0.006623, -0.000000, -0.000646, -0.000000, 0.002284, 
1735, -0.180275, 1.573654, -1.322968, 1.278956, -0.037340, 0.000861, 0.013446, -0.019065, -0.000355, -0.006083, -0.000000, 0.000183, -0.000000, 0.023197, 
1736, -0.180275, 1.573654, -1.322990, 1.278956, -0.037340, 0.000861, 0.013464, -0.020703, -0.000326, -0.006794, -0.000000, 0.000010, -0.000000, 0.065865, 
1737, -0.180275, 1.573654, -1.323011, 1.278956, -0.037340, 0.000861, 0.013446, -0.019437, -0.000147, -0.006191, -0.000000, -0.000041, -0.000000, -0.000120, 
1738, -0.180275, 1.573654, -1.323031, 1.278956, -0.037340, 0.000861, 0.013446, -0.022414, -0.000036, -0.007999, -0.000000, -0.000527, -0.000000, -0.010216, 
1739, -0.180276, 1.573654, -1.323050, 1.278956, -0.037340, 0.000861, 0.013446, -0.022376, -0.000029, -0.012283, -0.000000, -0.000844, -0.000000, 0.003245, 
1740, -0.180276, 1.573654, -1.323067, 1.278956, -0.037340, 0.000861, 0.013446, -0.021060, -0.001666, -0.015627, -0.000000, -0.000869, -0.000000, -0.007812, 
1741, -0.180276, 1.573654, -1.323084, 1.278956, -0.037340, 0.000861, 0.013446, -0.021454, -0.002632, -0.016453, -0.000000, -0.001120, -0.000000, 0.011178, 
1742, -0.180276, 1.573653, -1.323099, 1.278956, -0.037340, 0.000861, 0.013446, -0.020397, -0.003922, -0.018898, -0.000000, -0.001522, -0.000000, 0.000000, 
1743, -0.180276, 1.573653, -1.323113, 1.278956, -0.037340, 0.000861, 0.013446, -0.019514, -0.005249, -0.019873, -0.000000, -0.001415, -0.000000, -0.001923, 
1744, -0.180276, 1.573653, -1.323125, 1.278956, -0.037340, 0.000861, 0.013446, -0.018281, -0.004088, -0.016575, -0.000000, -0.000153, -0.000000, -0.008534, 
1745, -0.180276, 1.573653, -1.323137, 1.278956, -0.037340, 0.000861, 0.013446, -0.020218, -0.003692, -0.018194, -0.000000, -0.000403, -0.000000, 0.000000, 
1746, -0.180277, 1.573653, -1.323149, 1.278956, -0.037340, 0.000861, 0.013446, -0.021995, -0.004731, -0.018747, -0.000000, -0.000973, -0.000000, -0.006611, 
1747, -0.180277, 1.573653, -1.323159, 1.278956, -0.037340, 0.000861, 0.013446, -0.021101, -0.004033, -0.019716, -0.000000, -0.000914, -0.000000, 0.000000, 
1748, -0.180277, 1.573653, -1.323169, 1.278956, -0.037340, 0.000861, 0.013446, -0.020658, -0.003868, -0.021401, -0.000000, -0.000858, -0.000000, 0.000000, 
1749, -0.180277, 1.573653, -1.323178, 1.278956, -0.037340, 0.000861, 0.013446, -0.019328, -0.003559, -0.020373, -0.000000, -0.000798, -0.000000, -0.011659, 
1750, -0.180277, 1.573653, -1.323186, 1.278956, -0.037340, 0.000861, 0.013464, -0.021403, -0.002842, -0.014453, -0.000000, 0.001036, -0.000000, 0.045192, 
1751, -0.180277, 1.573653, -1.323194, 1.278956, -0.037340, 0.000861, 0.013464, -0.020020, -0.002145, -0.013440, -0.000000, 0.000340, -0.000000, 0.060216, 
1752, -0.180277, 1.573653, -1.323201, 1.278956, -0.037340, 0.000861, 0.013446, -0.019754, -0.002766, -0.013306, -0.000000, 0.000215, -0.000000, 0.000000, 
1753, -0.180276, 1.573653, -1.323208, 1.278956, -0.037340, 0.000861, 0.013446, -0.013363, -0.002239, -0.012803, -0.000000, -0.000028, -0.000000, -0.001803, 
1754, -0.180276, 1.573653, -1.323215, 1.278956, -0.037340, 0.000861, 0.013446, -0.016362, -0.001918, -0.011906, -0.000000, -0.000658, -0.000000, -0.024279, 
1755, -0.180276, 1.573653, -1.323221, 1.278956, -0.037340, 0.000861, 0.013446, -0.016041, -0.002327, -0.013068, -0.000000, -0.001244, -0.000000, -0.000601, 
1756, -0.180274, 1.573653, -1.323225, 1.278956, -0.037340, 0.000861, 0.013446, -0.012009, -0.002910, -0.007205, -0.000000, -0.001392, -0.000000, 0.023678, 
1757, -0.180275, 1.573653, -1.323230, 1.278956, -0.037340, 0.000861, 0.013446, -0.011731, -0.003493, -0.006700, -0.000000, 0.000146, -0.000000, 0.000000, 
1758, -0.180275, 1.573653, -1.323235, 1.278956, -0.037340, 0.000861, 0.013446, -0.010976, -0.003501, -0.007427, -0.000000, -0.000471, -0.000000, -0.032332, 
1759, -0.180275, 1.573653, -1.323240, 1.278956, -0.037339, 0.000861, 0.013446, -0.010215, -0.004187, -0.005120, -0.000000, 0.000506, -0.000000, -0.011058, 
1760, -0.180275, 1.573653, -1.323244, 1.278956, -0.037339, 0.000861, 0.013446, -0.014049, -0.004488, -0.004761, -0.000000, 0.000260, -0.000000, -0.003726, 
1761, -0.180276, 1.573653, -1.323248, 1.278956, -0.037339, 0.000861, 0.013446, -0.015795, -0.003764, -0.004233, -0.000000, 0.000216, -0.000000, 0.006130, 
1762, -0.180276, 1.573652, -1.323252, 1.278956, -0.037340, 0.000861, 0.013446, -0.017140, -0.004571, -0.003936, -0.000000, 0.000168, -0.000000, 0.000000, 
1763, -0.180276, 1.573652, -1.323255, 1.278956, -0.037340, 0.000861, 0.013464, -0.016671, -0.003365, -0.003660, -0.000000, 0.000131, -0.000000, -0.000962, 
1764, -0.180276, 1.573653, -1.323258, 1.278956, -0.037340, 0.000861, 0.013446, -0.018898, -0.002653, -0.001617, -0.000000, -0.000258, -0.000000, -0.008053, 
1765, -0.180276, 1.573653, -1.323261, 1.278956, -0.037340, 0.000861, 0.013446, -0.020337, -0.002050, -0.001082, -0.000000, -0.000425, -0.000000, 0.000000, 
1766, -0.180276, 1.573653, -1.323264, 1.278956, -0.037340, 0.000861, 0.013422, -0.023445, -0.001464, -0.000964, -0.000000, 0.000742, -0.000000, -0.074760, 
1767, -0.180276, 1.573653, -1.323266, 1.278956, -0.037340, 0.000861, 0.013464, -0.023782, -0.000165, -0.000695, -0.000000, 0.000690, -0.000000, 0.053606, 
1768, -0.180277, 1.573653, -1.323269, 1.278956, -0.037340, 0.000861, 0.013464, -0.022156, -0.001645, 0.000113, -0.000000, 0.002192, -0.000000, 0.043510, 
1769, -0.180277, 1.573653, -1.323271, 1.278956, -0.037340, 0.000861, 0.013446, -0.023982, -0.000661, 0.000155, -0.000000, 0.001971, -0.000000, -0.020433, 
1770, -0.180277, 1.573652, -1.323273, 1.278956, -0.037340, 0.000861, 0.013446, -0.023017, -0.000851, 0.000633, -0.000000, 0.001445, -0.000000, -0.003486, 
1771, -0.180275, 1.573653, -1.323275, 1.278956, -0.037340, 0.000861, 0.013446, -0.015117, 0.000730, 0.001406, -0.000000, 0.000729, -0.000000, -0.020553, 
1772, -0.180274, 1.573653, -1.323277, 1.278956, -0.037339, 0.000861, 0.013446, -0.009169, 0.001231, 0.002926, -0.000000, 0.001462, -0.000000, -0.000120, 
1773, -0.180274, 1.573653, -1.323278, 1.278956, -0.037339, 0.000861, 0.013422, -0.011021, 0.002501, 0.005560, -0.000000, 0.003002, -0.000000, -0.095312, 
1774, -0.180273, 1.573652, -1.323281, 1.278956, -0.037339, 0.000861, 0.013446, -0.004905, 0.001196, 0.002853, -0.000000, 0.002767, -0.000000, -0.000120, 
1775, -0.180273, 1.573652, -1.323284, 1.278956, -0.037339, 0.000861, 0.013446, -0.005118, -0.000105, 0.001574, -0.000000, 0.002421, -0.000000, -0.001563, 
1776, -0.180272, 1.573652, -1.323286, 1.278956, -0.037339, 0.000861, 0.013446, 0.001266, 0.000635, 0.000621, -0.000000, 0.001906, -0.000000, -0.012981, 
1777, -0.180272, 1.573652, -1.323288, 1.278956, -0.037339, 0.000861, 0.013446, 0.000782, 0.000283, -0.000779, -0.000000, 0.001384, -0.000000, -0.004087, 
1778, -0.180273, 1.573652, -1.323291, 1.278956, -0.037340, 0.000861, 0.013464, 0.000474, 0.001064, -0.003202, -0.000000, 0.001287, -0.000000, 0.092188, 
1779, -0.180273, 1.573652, -1.323291, 1.278956, -0.037339, 0.000861, 0.013446, 0.000314, 0.002422, 0.000941, -0.000000, 0.002065, -0.000000, -0.002284, 
1780, -0.180273, 1.573653, -1.323292, 1.278956, -0.037339, 0.000861, 0.013446, -0.000761, 0.002922, 0.005105, -0.000000, 0.002721, -0.000000, -0.001923, 
1781, -0.180272, 1.573652, -1.323292, 1.278956, -0.037339, 0.000861, 0.013446, 0.005882, 0.001832, 0.006854, -0.000000, 0.003988, -0.000000, 0.000000, 
1782, -0.180273, 1.573652, -1.323294, 1.278956, -0.037339, 0.000861, 0.013446, 0.003439, 0.002639, 0.006087, -0.000000, 0.003708, -0.000000, 0.011659, 
1783, -0.180273, 1.573652, -1.323296, 1.278956, -0.037339, 0.000861, 0.013446, 0.001167, 0.003019, 0.004885, -0.000000, 0.003069, -0.000000, -0.000481, 
1784, -0.180273, 1.573652, -1.323296, 1.278956, -0.037339, 0.000861, 0.013446, -0.003499, 0.002306, 0.006944, -0.000000, 0.002390, -0.000000, -0.002163, 
1785, -0.180272, 1.573652, -1.323298, 1.278956, -0.037339, 0.000861, 0.013446, 0.001052, 0.000631, 0.005716, -0.000000, 0.003537, -0.000000, -0.010937, 
1786, -0.180272, 1.573652, -1.323298, 1.278956, -0.037338, 0.000861, 0.013464, 0.005184, 0.001805, 0.009183, -0.000000, 0.004351, -0.000000, 0.091466, 
1787, -0.180273, 1.573651, -1.323299, 1.278956, -0.037339, 0.000861, 0.013446, 0.002300, 0.000844, 0.008632, -0.000000, 0.004029, -0.000000, -0.018990, 
1788, -0.180273, 1.573651, -1.323301, 1.278956, -0.037338, 0.000861, 0.013446, -0.000726, 0.000448, 0.007723, -0.000000, 0.004741, -0.000000, -0.001202, 
1789, -0.180274, 1.573651, -1.323302, 1.278956, -0.037338, 0.000861, 0.013446, -0.002554, -0.000683, 0.006592, -0.000000, 0.004375, -0.000000, -0.011178, 
1790, -0.180274, 1.573651, -1.323303, 1.278956, -0.037339, 0.000861, 0.013446, -0.004271, -0.001465, 0.006130, -0.000000, 0.004035, -0.000000, 0.003606, 
1791, -0.180274, 1.573650, -1.323304, 1.278956, -0.037339, 0.000861, 0.013464, -0.004629, -0.001750, 0.005700, -0.000000, 0.002707, -0.000000, 0.064303, 
1792, -0.180274, 1.573650, -1.323304, 1.278956, -0.037339, 0.000861, 0.013446, -0.004886, -0.002765, 0.009168, -0.000000, 0.002188, -0.000000, -0.008413, 
1793, -0.180273, 1.573651, -1.323305, 1.278956, -0.037339, 0.000861, 0.013446, -0.001771, -0.002032, 0.008525, -0.000000, 0.001984, -0.000000, -0.001082, 
1794, -0.180272, 1.573651, -1.323306, 1.278956, -0.037339, 0.000861, 0.013446, 0.004640, -0.001578, 0.007928, -0.000000, 0.001146, -0.000000, -0.001803, 
1795, -0.180272, 1.573651, -1.323307, 1.278956, -0.037339, 0.000861, 0.013446, 0.004062, -0.001690, 0.006908, -0.000000, 0.000796, -0.000000, 0.000000, 
1796, -0.180271, 1.573651, -1.323307, 1.278956, -0.037339, 0.000861, 0.013446, 0.010341, -0.002014, 0.006407, -0.000000, 0.000740, -0.000000, 0.000000, 
1797, -0.180271, 1.573651, -1.323308, 1.278956, -0.037339, 0.000861, 0.013446, 0.004400, -0.000365, 0.005916, -0.000000, 0.000326, -0.000000, -0.013221, 
1798, -0.180272, 1.573651, -1.323309, 1.278956, -0.037339, 0.000861, 0.013446, 0.003965, -0.002189, 0.005501, -0.000000, 0.001778, -0.000000, 0.000962, 
1799, -0.180272, 1.573650, -1.323310, 1.278956, -0.037339, 0.000861, 0.013446, 0.000620, -0.002604, 0.005115, -0.000000, 0.001653, -0.000000, 0.000000, 
1800, -0.180273, 1.573650, -1.323310, 1.278956, -0.037339, 0.000861, 0.013446, 0.000163, -0.004082, 0.004757, -0.000000, 0.001267, -0.000000, -0.028726, 
1801, -0.180271, 1.573650, -1.323311, 1.278956, -0.037339, 0.000861, 0.013464, 0.006346, -0.002464, 0.004423, -0.000000, 0.002603, -0.000000, 0.056611, 
1802, -0.180272, 1.573651, -1.323311, 1.278956, -0.037339, 0.000861, 0.013446, 0.004923, -0.001095, 0.004113, -0.000000, 0.002420, -0.000000, -0.011779, 
1803, -0.180271, 1.573651, -1.323312, 1.278956, -0.037339, 0.000861, 0.013464, 0.006895, -0.001873, 0.003825, -0.000000, 0.002242, -0.000000, 0.056611, 
1804, -0.180271, 1.573650, -1.323312, 1.278956, -0.037339, 0.000861, 0.013464, 0.004061, -0.002677, 0.004500, -0.000000, 0.001495, -0.000000, 0.049038, 
1805, -0.180270, 1.573650, -1.323313, 1.278956, -0.037339, 0.000861, 0.013464, 0.007653, -0.003577, 0.004185, -0.000000, 0.001281, -0.000000, 0.042548, 
1806, -0.180269, 1.573650, -1.323313, 1.278956, -0.037339, 0.000861, 0.013446, 0.009712, -0.004775, 0.003891, -0.000000, 0.000904, -0.000000, 0.000000, 
1807, -0.180270, 1.573650, -1.323313, 1.278956, -0.037340, 0.000861, 0.013446, 0.008314, -0.004959, 0.003526, -0.000000, 0.000664, -0.000000, 0.003606, 
1808, -0.180270, 1.573649, -1.323314, 1.278956, -0.037340, 0.000861, 0.013446, 0.003611, -0.006077, 0.003127, -0.000000, 0.000617, -0.000000, -0.025601, 
1809, -0.180271, 1.573650, -1.323314, 1.278956, -0.037339, 0.000861, 0.013446, 0.003096, -0.004063, 0.002908, -0.000000, 0.002226, -0.000000, -0.004087, 
1810, -0.180271, 1.573650, -1.323313, 1.278956, -0.037339, 0.000861, 0.013446, 0.002424, -0.003580, 0.007667, -0.000000, 0.002070, -0.000000, 0.009976, 
1811, -0.180272, 1.573650, -1.323313, 1.278956, -0.037339, 0.000861, 0.013446, 0.002220, -0.002701, 0.008916, -0.000000, 0.001326, -0.000000, -0.017668, 
1812, -0.180271, 1.573650, -1.323314, 1.278956, -0.037339, 0.000861, 0.013446, 0.006430, -0.002642, 0.006564, -0.000000, 0.002843, -0.000000, 0.002885, 
1813, -0.180271, 1.573650, -1.323314, 1.278956, -0.037339, 0.000861, 0.013446, 0.003358, -0.002305, 0.006289, -0.000000, 0.002627, -0.000000, -0.017428, 
1814, -0.180272, 1.573650, -1.323314, 1.278956, -0.037339, 0.000861, 0.013446, 0.000216, -0.003425, 0.005856, -0.000000, 0.001954, -0.000000, -0.000481, 
1815, -0.180272, 1.573649, -1.323315, 1.278956, -0.037339, 0.000861, 0.013446, -0.000726, -0.005060, 0.005437, -0.000000, 0.001058, -0.000000, -0.000240, 
1816, -0.180272, 1.573649, -1.323315, 1.278956, -0.037340, 0.000861, 0.013464, -0.000886, -0.004368, 0.005351, -0.000000, 0.000984, -0.000000, 0.068990, 
1817, -0.180273, 1.573649, -1.323316, 1.278956, -0.037340, 0.000861, 0.013446, -0.002998, -0.005111, 0.000021, -0.000000, 0.000789, -0.000000, -0.001082, 
1818, -0.180273, 1.573650, -1.323316, 1.278956, -0.037340, 0.000861, 0.013446, -0.003201, -0.002945, 0.000213, -0.000000, -0.000017, -0.000000, -0.024038, 
1819, -0.180272, 1.573650, -1.323317, 1.278956, -0.037340, 0.000861, 0.013446, 0.001709, -0.002962, 0.000316, -0.000000, -0.000243, -0.000000, 0.000000, 
1820, -0.180271, 1.573650, -1.323317, 1.278956, -0.037339, 0.000861, 0.013446, 0.005567, -0.001848, 0.000302, -0.000000, 0.001004, -0.000000, -0.004207, 
1821, -0.180271, 1.573650, -1.323317, 1.278956, -0.037339, 0.000861, 0.013446, 0.003643, -0.002313, 0.002085, -0.000000, 0.000420, -0.000000, 0.000000, 
1822, -0.180272, 1.573650, -1.323317, 1.278956, -0.037340, 0.000861, 0.013464, 0.001500, -0.003018, 0.002048, -0.000000, -0.000157, -0.000000, 0.055168, 
1823, -0.180272, 1.573650, -1.323318, 1.278956, -0.037340, 0.000861, 0.013446, -0.004016, -0.003110, -0.002781, -0.000000, -0.000146, -0.000000, -0.001923, 
1824, -0.180273, 1.573650, -1.323319, 1.278956, -0.037340, 0.000861, 0.013446, -0.006675, -0.001224, -0.004482, -0.000000, -0.001535, -0.000000, 0.000000, 
1825, -0.180273, 1.573650, -1.323319, 1.278956, -0.037340, 0.000861, 0.013446, -0.008727, -0.001728, -0.002878, -0.000000, -0.002068, -0.000000, 0.000000, 
1826, -0.180273, 1.573650, -1.323320, 1.278956, -0.037340, 0.000861, 0.013446, -0.009598, -0.002108, -0.006958, -0.000000, -0.002378, -0.000000, -0.002644, 
1827, -0.180274, 1.573649, -1.323320, 1.278956, -0.037340, 0.000861, 0.013464, -0.010181, -0.002554, -0.006267, -0.000000, -0.002211, -0.000000, 0.056611, 
1828, -0.180274, 1.573649, -1.323320, 1.278956, -0.037340, 0.000861, 0.013446, -0.014127, -0.002872, -0.001724, -0.000000, -0.002519, -0.000000, 0.000481, 
1829, -0.180274, 1.573649, -1.323320, 1.278956, -0.037340, 0.000861, 0.013464, -0.014856, -0.004040, 0.000360, -0.000000, -0.002343, -0.000000, 0.054447, 
1830, -0.180273, 1.573649, -1.323320, 1.278956, -0.037340, 0.000861, 0.013446, -0.008084, -0.005038, 0.002450, -0.000000, -0.002179, -0.000000, 0.000000, 
1831, -0.180273, 1.573649, -1.323320, 1.278956, -0.037340, 0.000861, 0.013446, -0.007770, -0.006450, 0.002590, -0.000000, -0.002683, -0.000000, -0.004207, 
1832, -0.180274, 1.573648, -1.323320, 1.278956, -0.037340, 0.000861, 0.013446, -0.008337, -0.006929, 0.003951, -0.000000, -0.002883, -0.000000, -0.005529, 
1833, -0.180272, 1.573649, -1.323320, 1.278956, -0.037340, 0.000861, 0.013446, -0.003826, -0.004665, 0.005233, -0.000000, -0.002891, -0.000000, 0.011058, 
1834, -0.180271, 1.573649, -1.323321, 1.278956, -0.037340, 0.000861, 0.013446, 0.002518, -0.005265, 0.002287, -0.000000, -0.002722, -0.000000, -0.008413, 
1835, -0.180272, 1.573649, -1.323322, 1.278956, -0.037340, 0.000861, 0.013446, 0.001019, -0.005675, 0.001545, -0.000000, -0.003206, -0.000000, -0.000240, 
1836, -0.180272, 1.573649, -1.323322, 1.278956, -0.037340, 0.000861, 0.013446, -0.000654, -0.003415, 0.003738, -0.000000, -0.002989, -0.000000, -0.008413, 
1837, -0.180272, 1.573649, -1.323323, 1.278956, -0.037340, 0.000861, 0.013446, -0.001822, -0.003100, 0.002970, -0.000000, -0.002822, -0.000000, -0.007091, 
1838, -0.180273, 1.573649, -1.323323, 1.278956, -0.037340, 0.000861, 0.013464, -0.001711, -0.004252, -0.001595, -0.000000, -0.002624, -0.000000, 0.054447, 
1839, -0.180272, 1.573649, -1.323324, 1.278956, -0.037340, 0.000861, 0.013446, 0.002614, -0.002905, -0.002975, -0.000000, -0.002541, -0.000000, -0.000120, 
1840, -0.180272, 1.573650, -1.323325, 1.278956, -0.037340, 0.000861, 0.013446, 0.001361, -0.000771, -0.005075, -0.000000, -0.003340, -0.000000, -0.000361, 
1841, -0.180272, 1.573649, -1.323325, 1.278956, -0.037340, 0.000861, 0.013446, 0.001198, -0.001105, -0.002132, -0.000000, -0.003713, -0.000000, -0.002764, 
1842, -0.180271, 1.573649, -1.323324, 1.278956, -0.037340, 0.000861, 0.013446, 0.007561, -0.001381, 0.000865, -0.000000, -0.003739, -0.000000, -0.025721, 
1843, -0.180272, 1.573649, -1.323324, 1.278956, -0.037340, 0.000861, 0.013446, 0.003533, -0.002140, 0.005027, -0.000000, -0.004092, -0.000000, -0.010337, 
1844, -0.180272, 1.573650, -1.323325, 1.278956, -0.037340, 0.000861, 0.013446, -0.001956, -0.000115, 0.002281, -0.000000, -0.003965, -0.000000, 0.000000, 
1845, -0.180273, 1.573649, -1.323324, 1.278956, -0.037340, 0.000861, 0.013446, -0.004035, -0.001286, 0.005071, -0.000000, -0.002887, -0.000000, 0.000000, 
1846, -0.180273, 1.573650, -1.323325, 1.278956, -0.037340, 0.000861, 0.013464, -0.004561, -0.000118, 0.003712, -0.000000, -0.001572, -0.000000, 0.066106, 
1847, -0.180272, 1.573650, -1.323324, 1.278956, -0.037339, 0.000861, 0.013446, 0.001051, 0.000561, 0.007590, -0.000000, -0.000535, -0.000000, 0.011058, 
1848, -0.180272, 1.573649, -1.323325, 1.278956, -0.037339, 0.000861, 0.013446, -0.000658, -0.000557, 0.004437, -0.000000, -0.000877, -0.000000, -0.008534, 
1849, -0.180273, 1.573649, -1.323326, 1.278956, -0.037339, 0.000861, 0.013446, -0.001522, -0.000556, 0.003072, -0.000000, -0.001051, -0.000000, 0.000721, 
1850, -0.180273, 1.573649, -1.323327, 1.278956, -0.037339, 0.000861, 0.013446, -0.005317, -0.001764, 0.002553, -0.000303, 0.000674, -0.000000, -0.016707, 
1851, -0.180273, 1.573650, -1.323327, 1.278956, -0.037339, 0.000861, 0.013446, -0.008947, -0.000891, -0.001662, -0.000282, 0.000526, -0.000000, 0.000240, 
1852, -0.180272, 1.573650, -1.323327, 1.278956, -0.037339, 0.000861, 0.013446, -0.003246, -0.000436, 0.003334, -0.000262, 0.001450, -0.000000, -0.001322, 
1853, -0.180272, 1.573649, -1.323327, 1.278956, -0.037339, 0.000861, 0.013446, -0.004527, -0.001063, 0.001870, -0.000244, 0.000724, -0.000000, -0.032091, 
1854, -0.180273, 1.573649, -1.323328, 1.278956, -0.037339, 0.000861, 0.013464, -0.005027, -0.001612, 0.001739, -0.000227, 0.000648, -0.000000, 0.060337, 
1855, -0.180273, 1.573649, -1.323329, 1.278956, -0.037339, 0.000861, 0.013446, -0.008273, -0.002422, -0.000170, -0.000211, 0.000510, -0.000000, -0.006490, 
1856, -0.180274, 1.573649, -1.323329, 1.278956, -0.037339, 0.000861, 0.013446, -0.008005, -0.002905, -0.001506, -0.000196, 0.002126, -0.000000, -0.010697, 
1857, -0.180274, 1.573649, -1.323330, 1.278956, -0.037339, 0.000861, 0.013446, -0.010477, -0.002862, -0.002227, -0.000182, 0.001977, -0.000000, -0.013822, 
1858, -0.180274, 1.573649, -1.323330, 1.278956, -0.037339, 0.000861, 0.013446, -0.012574, -0.001237, -0.003208, -0.000170, 0.001813, -0.000000, -0.002163, 
1859, -0.180274, 1.573649, -1.323330, 1.278956, -0.037339, 0.000861, 0.013446, -0.013260, -0.001255, -0.003008, -0.000158, 0.001644, -0.000000, -0.020913, 
1860, -0.180273, 1.573649, -1.323331, 1.278956, -0.037339, 0.000861, 0.013446, -0.006019, -0.000696, -0.003935, -0.000147, 0.000779, -0.000000, 0.000000, 
1861, -0.180273, 1.573649, -1.323331, 1.278956, -0.037339, 0.000861, 0.013446, -0.007274, -0.001152, -0.003659, -0.000136, 0.000674, -0.000000, -0.018389, 
1862, -0.180274, 1.573649, -1.323331, 1.278956, -0.037340, 0.000861, 0.013446, -0.009199, -0.001447, -0.003588, -0.000127, 0.000626, -0.000000, -0.011178, 
1863, -0.180274, 1.573649, -1.323331, 1.278956, -0.037340, 0.000861, 0.013446, -0.010206, -0.001581, -0.000252, -0.000118, 0.000338, -0.000000, 0.000000, 
1864, -0.180274, 1.573648, -1.323331, 1.278956, -0.037340, 0.000861, 0.013446, -0.010990, -0.001740, -0.002021, -0.000110, 0.000314, -0.000000, 0.000000, 
1865, -0.180273, 1.573648, -1.323331, 1.278956, -0.037340, 0.000861, 0.013464, -0.006899, -0.001133, -0.002789, -0.000102, 0.000267, -0.000000, 0.064062, 
1866, -0.180273, 1.573648, -1.323332, 1.278956, -0.037339, 0.000861, 0.013446, -0.007149, -0.001479, -0.003504, -0.000095, 0.001554, -0.000000, 0.002885, 
1867, -0.180272, 1.573648, -1.323332, 1.278956, -0.037339, 0.000861, 0.013464, -0.000041, -0.002248, -0.003376, -0.000088, 0.001252, -0.000000, 0.070793, 
1868, -0.180272, 1.573648, -1.323332, 1.278956, -0.037340, 0.000861, 0.013446, -0.001968, -0.002794, -0.003140, -0.000082, 0.001164, -0.000000, 0.003125, 
1869, -0.180271, 1.573648, -1.323332, 1.278956, -0.037340, 0.000861, 0.013446, 0.003386, -0.002101, -0.002995, -0.000076, 0.001040, -0.000000, -0.020553, 
1870, -0.180272, 1.573648, -1.323333, 1.278956, -0.037340, 0.000861, 0.013446, 0.002441, -0.002404, -0.003510, -0.000071, 0.000967, -0.000000, 0.010457, 
1871, -0.180272, 1.573648, -1.323333, 1.278956, -0.037339, 0.000861, 0.013464, 0.002228, -0.002447, -0.003306, -0.000066, 0.001852, -0.000000, 0.060096, 
1872, -0.180273, 1.573648, -1.323333, 1.278956, -0.037339, 0.000861, 0.013446, -0.000431, -0.002566, -0.003260, -0.000061, 0.002994, -0.000000, -0.002644, 
1873, -0.180273, 1.573648, -1.323333, 1.278956, -0.037339, 0.000861, 0.013446, -0.001218, -0.002470, -0.005070, -0.000057, 0.002624, -0.000000, -0.020433, 
1874, -0.180272, 1.573648, -1.323333, 1.278956, -0.037339, 0.000861, 0.013446, 0.004648, -0.001694, -0.005440, -0.000053, 0.003612, -0.000000, -0.000601, 
1875, -0.180270, 1.573648, -1.323334, 1.278956, -0.037339, 0.000861, 0.013446, 0.008106, -0.001799, -0.005033, -0.000049, 0.003299, -0.000000, 0.007091, 
1876, -0.180271, 1.573648, -1.323334, 1.278956, -0.037339, 0.000861, 0.013446, 0.006863, -0.001942, -0.004680, -0.000046, 0.003051, -0.000000, -0.009375, 
1877, -0.180271, 1.573648, -1.323334, 1.278956, -0.037339, 0.000861, 0.013464, 0.003694, -0.002072, -0.004352, -0.000043, 0.002719, -0.000000, 0.068029, 
1878, -0.180270, 1.573648, -1.323334, 1.278956, -0.037339, 0.000861, 0.013446, 0.008676, -0.002238, -0.004005, -0.000040, 0.001854, -0.000000, 0.015024, 
1879, -0.180271, 1.573648, -1.323334, 1.278956, -0.037339, 0.000861, 0.013446, 0.008001, -0.002966, -0.003724, -0.000037, 0.001371, -0.000000, -0.025841, 
1880, -0.180271, 1.573648, -1.323334, 1.278956, -0.037339, 0.000861, 0.013446, 0.005754, -0.002253, -0.003463, -0.000034, 0.001974, -0.000000, 0.000361, 
1881, -0.180272, 1.573648, -1.323334, 1.278956, -0.037339, 0.000861, 0.013446, 0.000160, -0.001762, -0.003220, -0.000032, 0.002855, -0.000000, -0.000721, 
1882, -0.180272, 1.573648, -1.323336, 1.278956, -0.037339, 0.000861, 0.013446, -0.001848, -0.001314, -0.006972, -0.000030, 0.002529, -0.000000, -0.024038, 
1883, -0.180271, 1.573649, -1.323336, 1.278956, -0.037339, 0.000861, 0.013446, 0.003278, 0.000716, -0.006483, -0.000028, 0.002166, -0.000000, 0.013462, 
1884, -0.180272, 1.573648, -1.323336, 1.278956, -0.037339, 0.000861, 0.013446, 0.000689, 0.000110, -0.005792, -0.000026, 0.001930, -0.000000, 0.006130, 
1885, -0.180272, 1.573648, -1.323337, 1.278956, -0.037339, 0.000861, 0.013446, 0.000169, -0.000917, -0.009355, -0.000024, 0.001601, -0.000000, -0.001322, 
1886, -0.180272, 1.573648, -1.323337, 1.278956, -0.037339, 0.000861, 0.013446, -0.000163, -0.000655, -0.009610, -0.000022, 0.002474, -0.000000, 0.000000, 
1887, -0.180273, 1.573648, -1.323336, 1.278956, -0.037339, 0.000861, 0.013446, -0.002056, -0.000466, -0.004057, -0.000021, 0.002259, -0.000000, 0.002885, 
1888, -0.180273, 1.573648, -1.323336, 1.278956, -0.037339, 0.000861, 0.013446, -0.005106, -0.000450, -0.003713, -0.000019, 0.003508, -0.000000, -0.010337, 
1889, -0.180274, 1.573648, -1.323336, 1.278956, -0.037339, 0.000861, 0.013446, -0.001141, -0.000726, -0.003453, -0.000018, 0.003186, -0.000000, -0.044591, 
1890, -0.180272, 1.573649, -1.323336, 1.278956, -0.037339, 0.000861, 0.013446, -0.001609, 0.001411, -0.002629, -0.000017, 0.002516, -0.000000, -0.005889, 
1891, -0.180273, 1.573649, -1.323336, 1.278956, -0.037339, 0.000861, 0.013446, -0.001800, 0.001476, -0.002293, -0.000015, 0.002997, -0.000000, -0.008413, 
1892, -0.180273, 1.573649, -1.323336, 1.278956, -0.037339, 0.000861, 0.013464, -0.002154, 0.002489, -0.001981, -0.000014, 0.001818, -0.000000, 0.069952, 
1893, -0.180272, 1.573649, -1.323336, 1.278956, -0.037339, 0.000861, 0.013446, 0.001570, 0.001784, -0.001876, -0.000013, 0.000856, -0.000000, 0.016346, 
1894, -0.180272, 1.573649, -1.323337, 1.278956, -0.037339, 0.000861, 0.013446, -0.001203, 0.001305, -0.005747, -0.000012, 0.000771, -0.000000, 0.000120, 
1895, -0.180273, 1.573648, -1.323337, 1.278956, -0.037339, 0.000861, 0.013464, -0.001220, 0.000695, -0.005108, -0.000012, 0.000708, -0.000000, 0.055168, 
1896, -0.180273, 1.573648, -1.323337, 1.278956, -0.037339, 0.000861, 0.013446, -0.003679, 0.001333, -0.003301, -0.000011, 0.001973, -0.000000, -0.016226, 
1897, -0.180273, 1.573648, -1.323337, 1.278956, -0.037339, 0.000861, 0.013446, -0.005106, 0.000810, -0.003153, -0.000010, 0.001767, -0.000000, 0.000000, 
1898, -0.180272, 1.573648, -1.323337, 1.278956, -0.037339, 0.000861, 0.013446, -0.001192, -0.000073, -0.002553, -0.000009, 0.001399, -0.000000, -0.017067, 
1899, -0.180272, 1.573648, -1.323337, 1.278956, -0.037339, 0.000861, 0.013464, -0.005701, 0.001403, -0.000874, -0.000009, 0.001326, -0.000000, 0.064663, 
1900, -0.180273, 1.573648, -1.323337, 1.278956, -0.037339, 0.000861, 0.013446, -0.006389, 0.001663, -0.000425, -0.000008, 0.002278, -0.000000, -0.002163, 
1901, -0.180273, 1.573649, -1.323337, 1.278956, -0.037339, 0.000861, 0.013446, -0.010281, 0.002321, -0.000387, -0.000007, 0.002118, -0.000000, 0.000000, 
1902, -0.180272, 1.573649, -1.323336, 1.278956, -0.037339, 0.000861, 0.013446, -0.004352, 0.003675, 0.001233, -0.000007, 0.001658, -0.000000, -0.003005, 
1903, -0.180271, 1.573649, -1.323336, 1.278956, -0.037339, 0.000861, 0.013446, 0.001945, 0.002811, 0.001146, -0.000006, 0.002553, -0.000000, 0.000000, 
1904, -0.180271, 1.573649, -1.323338, 1.278956, -0.037339, 0.000861, 0.013464, -0.000467, 0.003490, -0.002836, -0.000006, 0.002281, -0.000000, 0.069591, 
1905, -0.180272, 1.573649, -1.323338, 1.278956, -0.037339, 0.000861, 0.013446, -0.002035, 0.003642, -0.002241, -0.000006, 0.003773, -0.000000, -0.006370, 
1906, -0.180272, 1.573649, -1.323339, 1.278956, -0.037338, 0.000861, 0.013446, -0.002769, 0.003070, -0.005067, -0.000005, 0.005160, -0.000000, -0.003365, 
1907, -0.180273, 1.573649, -1.323338, 1.278956, -0.037338, 0.000861, 0.013446, -0.003434, 0.002762, -0.004695, -0.000005, 0.006450, -0.000000, -0.013462, 
1908, -0.180273, 1.573648, -1.323339, 1.278956, -0.037338, 0.000861, 0.013464, -0.005216, 0.002337, -0.006885, -0.000004, 0.005804, -0.000000, 0.070553, 
1909, -0.180272, 1.573649, -1.323339, 1.278956, -0.037339, 0.000861, 0.013464, -0.001008, 0.003138, -0.005416, -0.000004, 0.005380, -0.000000, 0.070673, 
1910, -0.180272, 1.573649, -1.323340, 1.278956, -0.037339, 0.000861, 0.013446, -0.002665, 0.002459, -0.008947, -0.000004, 0.004017, -0.000000, 0.033654, 
1911, -0.180271, 1.573649, -1.323340, 1.278956, -0.037339, 0.000861, 0.013464, 0.003800, 0.003116, -0.008320, -0.000004, 0.003449, -0.000000, 0.070072, 
1912, -0.180271, 1.573649, -1.323341, 1.278956, -0.037339, 0.000861, 0.013464, -0.001050, 0.002573, -0.011604, -0.000003, 0.002230, -0.000000, 0.052284, 
1913, -0.180272, 1.573648, -1.323341, 1.278956, -0.037339, 0.000861, 0.013464, -0.004398, 0.001795, -0.008465, -0.000003, 0.001677, -0.000000, 0.070553, 
1914, -0.180271, 1.573648, -1.323340, 1.278956, -0.037339, 0.000861, 0.013446, 0.002458, 0.001467, -0.006287, -0.000003, 0.001214, -0.000000, -0.016226, 
1915, -0.180271, 1.573648, -1.323340, 1.278956, -0.037339, 0.000861, 0.013446, -0.000310, 0.001280, -0.004970, -0.000003, 0.002166, -0.000000, -0.000120, 
1916, -0.180272, 1.573648, -1.323341, 1.278956, -0.037339, 0.000861, 0.013446, -0.000482, 0.001093, -0.009492, -0.000003, 0.001542, -0.000000, -0.000120, 
1917, -0.180270, 1.573648, -1.323342, 1.278956, -0.037339, 0.000861, 0.013446, 0.004254, 0.001551, -0.010900, -0.000002, 0.001038, -0.000000, -0.001442, 
1918, -0.180271, 1.573648, -1.323343, 1.278956, -0.037338, 0.000861, 0.013422, 0.002329, 0.002808, -0.011610, -0.000002, 0.002237, -0.000000, -0.075481, 
1919, -0.180272, 1.573648, -1.323342, 1.278956, -0.037339, 0.000861, 0.013446, 0.000540, 0.001916, -0.010038, -0.000002, 0.001440, -0.000000, 0.017188, 
1920, -0.180272, 1.573648, -1.323343, 1.278956, -0.037338, 0.000861, 0.013446, 0.000106, 0.002439, -0.012646, -0.000002, 0.002392, -0.000000, -0.000361, 
1921, -0.180271, 1.573648, -1.323342, 1.278956, -0.037338, 0.000861, 0.013446, 0.004582, 0.002154, -0.010782, -0.000002, 0.002225, -0.000000, 0.000601, 
1922, -0.180270, 1.573648, -1.323342, 1.278956, -0.037339, 0.000861, 0.013446, 0.010218, 0.001021, -0.005888, -0.000002, 0.002027, -0.000000, -0.006731, 
1923, -0.180270, 1.573648, -1.323343, 1.278956, -0.037339, 0.000861, 0.013446, 0.009089, 0.000073, -0.007270, -0.000002, 0.002685, -0.000000, -0.010457, 
1924, -0.180271, 1.573648, -1.323342, 1.278956, -0.037338, 0.000861, 0.013446, 0.006033, 0.001648, -0.003617, -0.000001, 0.003854, -0.000000, -0.000601, 
1925, -0.180270, 1.573648, -1.323343, 1.278956, -0.037339, 0.000861, 0.013446, 0.011728, 0.001486, -0.006583, -0.000001, 0.003238, -0.000000, 0.000000, 
1926, -0.180270, 1.573648, -1.323344, 1.278956, -0.037339, 0.000861, 0.013446, 0.010602, 0.002124, -0.009104, -0.000001, 0.001797, -0.000000, -0.000120, 
1927, -0.180271, 1.573648, -1.323344, 1.278956, -0.037339, 0.000861, 0.013446, 0.007036, 0.001372, -0.009443, -0.000001, 0.001351, -0.000000, 0.000000, 
1928, -0.180271, 1.573648, -1.323345, 1.278956, -0.037339, 0.000861, 0.013446, 0.005666, 0.000084, -0.010045, -0.000001, 0.000490, -0.000000, 0.021755, 
1929, -0.180272, 1.573648, -1.323344, 1.278956, -0.037339, 0.000861, 0.013446, 0.005126, -0.000272, -0.008144, -0.000001, 0.000455, -0.000000, -0.000481, 
1930, -0.180272, 1.573648, -1.323345, 1.278956, -0.037339, 0.000861, 0.013446, 0.003654, -0.000763, -0.009790, -0.000001, 0.001679, -0.000000, -0.006851, 
1931, -0.180273, 1.573648, -1.323346, 1.278956, -0.037339, 0.000861, 0.013446, 0.001131, 0.000618, -0.010477, -0.000001, 0.001452, -0.000000, -0.000601, 
1932, -0.180273, 1.573648, -1.323346, 1.278956, -0.037339, 0.000861, 0.013446, 0.001026, 0.001106, -0.011411, -0.000001, 0.000541, -0.000000, -0.016587, 
1933, -0.180273, 1.573648, -1.323347, 1.278956, -0.037339, 0.000861, 0.013446, -0.003124, 0.002364, -0.011757, -0.000001, -0.000188, -0.000000, -0.000601, 
1934, -0.180274, 1.573648, -1.323346, 1.278956, -0.037339, 0.000861, 0.013446, -0.003638, 0.002118, -0.006711, -0.000001, -0.000192, -0.000000, 0.000000, 
1935, -0.180274, 1.573648, -1.323345, 1.278956, -0.037339, 0.000861, 0.013446, -0.006240, 0.001767, -0.001833, -0.000001, -0.000178, -0.000000, -0.007812, 
1936, -0.180273, 1.573648, -1.323346, 1.278956, -0.037339, 0.000861, 0.013446, 0.000223, 0.002044, -0.002631, -0.000001, -0.000756, -0.000000, -0.001442, 
1937, -0.180271, 1.573648, -1.323346, 1.278956, -0.037340, 0.000861, 0.013446, 0.002137, 0.001399, -0.004174, -0.000001, -0.001082, -0.000000, -0.026082, 
1938, -0.180270, 1.573648, -1.323346, 1.278956, -0.037340, 0.000861, 0.013446, 0.004456, 0.001225, 0.000551, -0.000001, -0.001031, -0.000000, -0.005288, 
1939, -0.180271, 1.573648, -1.323346, 1.278956, -0.037340, 0.000861, 0.013446, 0.002619, 0.000655, -0.000044, -0.000000, -0.001052, -0.000000, -0.012260, 
1940, -0.180271, 1.573648, -1.323347, 1.278956, -0.037340, 0.000861, 0.013446, 0.000910, 0.001405, -0.002400, -0.000000, -0.001012, -0.000000, 0.028486, 
1941, -0.180272, 1.573648, -1.323347, 1.278956, -0.037340, 0.000861, 0.013446, -0.001640, 0.000434, -0.002965, -0.000000, -0.001042, -0.000000, 0.000000, 
1942, -0.180272, 1.573648, -1.323348, 1.278956, -0.037340, 0.000861, 0.013446, -0.003716, 0.001217, -0.004367, -0.000000, -0.001222, -0.000000, -0.012380, 
1943, -0.180271, 1.573648, -1.323348, 1.278956, -0.037340, 0.000861, 0.013422, 0.000362, 0.001899, -0.005300, -0.000000, -0.001136, -0.000000, -0.071154, 
1944, -0.180271, 1.573648, -1.323348, 1.278956, -0.037340, 0.000861, 0.013446, -0.002166, 0.001289, -0.007119, -0.000000, -0.001436, -0.000000, -0.000120, 
1945, -0.180272, 1.573648, -1.323349, 1.278956, -0.037340, 0.000861, 0.013446, -0.003447, 0.000988, -0.003443, -0.000000, -0.001335, -0.000000, -0.005048, 
1946, -0.180271, 1.573648, -1.323349, 1.278956, -0.037340, 0.000861, 0.013446, 0.001986, 0.000826, -0.003218, -0.000000, 0.000242, -0.000000, -0.001322, 
1947, -0.180271, 1.573648, -1.323349, 1.278956, -0.037340, 0.000861, 0.013446, 0.000608, 0.003334, -0.003161, -0.000000, -0.000188, -0.000000, 0.000120, 
1948, -0.180272, 1.573648, -1.323350, 1.278956, -0.037340, 0.000861, 0.013446, -0.001744, 0.001049, -0.004220, -0.000000, -0.001228, -0.000000, -0.004447, 
1949, -0.180272, 1.573648, -1.323349, 1.278956, -0.037340, 0.000861, 0.013446, -0.004841, 0.000895, 0.000407, -0.000000, -0.001319, -0.000000, 0.000000, 
1950, -0.180273, 1.573647, -1.323348, 1.278956, -0.037340, 0.000861, 0.013464, -0.007257, 0.000533, 0.003159, -0.000000, -0.001648, -0.000000, 0.065745, 
1951, -0.180273, 1.573647, -1.323347, 1.278956, -0.037340, 0.000861, 0.013446, -0.007490, 0.000420, 0.007455, -0.000000, -0.001103, -0.000000, 0.000000, 
1952, -0.180273, 1.573647, -1.323346, 1.278956, -0.037340, 0.000861, 0.013446, -0.011566, 0.000150, 0.007850, -0.000000, -0.001910, -0.000000, -0.001322, 
1953, -0.180274, 1.573647, -1.323347, 1.278956, -0.037340, 0.000861, 0.013446, -0.011395, -0.000952, 0.006904, -0.000000, -0.002029, -0.000000, -0.000841, 
1954, -0.180274, 1.573647, -1.323347, 1.278956, -0.037340, 0.000861, 0.013446, -0.011270, -0.001492, 0.005645, -0.000000, -0.002485, -0.000000, 0.000240, 
1955, -0.180274, 1.573647, -1.323348, 1.278956, -0.037339, 0.000861, 0.013446, -0.011458, -0.001416, 0.005190, -0.000000, -0.001451, -0.000000, 0.000000, 
1956, -0.180275, 1.573647, -1.323348, 1.278956, -0.037339, 0.000861, 0.013446, -0.014683, -0.001469, 0.002298, -0.000000, -0.000086, -0.000000, -0.002163, 
1957, -0.180275, 1.573647, -1.323348, 1.278956, -0.037339, 0.000861, 0.013446, -0.014083, -0.002259, 0.000232, -0.000000, -0.000737, -0.000000, -0.023798, 
1958, -0.180275, 1.573647, -1.323349, 1.278956, -0.037339, 0.000861, 0.013446, -0.014419, -0.001515, -0.000930, -0.000000, -0.000795, -0.000000, 0.000000, 
1959, -0.180275, 1.573647, -1.323349, 1.278956, -0.037339, 0.000861, 0.013446, -0.013568, -0.002150, -0.000890, -0.000000, -0.001135, -0.000000, 0.000000, 
1960, -0.180274, 1.573647, -1.323349, 1.278956, -0.037339, 0.000861, 0.013422, -0.007619, -0.002265, -0.001359, -0.000000, -0.001064, -0.000000, -0.095433, 
1961, -0.180274, 1.573647, -1.323350, 1.278956, -0.037340, 0.000861, 0.013446, -0.008450, -0.001714, -0.003058, -0.000000, -0.000989, -0.000000, 0.004327, 
1962, -0.180274, 1.573647, -1.323349, 1.278956, -0.037339, 0.000861, 0.013446, -0.008254, -0.001716, 0.000577, -0.000000, 0.000631, -0.000000, 0.008654, 
1963, -0.180275, 1.573647, -1.323349, 1.278956, -0.037339, 0.000861, 0.013446, -0.011686, -0.001954, 0.000520, -0.000000, 0.000570, -0.000000, -0.017067, 
1964, -0.180275, 1.573647, -1.323349, 1.278956, -0.037339, 0.000861, 0.013446, -0.014280, -0.002390, -0.000898, -0.000000, 0.000513, -0.000000, -0.000601, 
1965, -0.180275, 1.573647, -1.323350, 1.278956, -0.037339, 0.000861, 0.013446, -0.013692, -0.002623, -0.000835, -0.000000, 0.000468, -0.000000, 0.000000, 
1966, -0.180275, 1.573647, -1.323349, 1.278956, -0.037340, 0.000861, 0.013446, -0.015749, -0.002586, 0.002392, -0.000000, 0.000284, -0.000000, -0.017548, 
1967, -0.180276, 1.573647, -1.323349, 1.278956, -0.037339, 0.000861, 0.013446, -0.020375, -0.002409, 0.002056, -0.000000, 0.001916, -0.000000, -0.001082, 
1968, -0.180274, 1.573647, -1.323349, 1.278956, -0.037339, 0.000861, 0.013446, -0.012971, -0.002283, 0.001928, -0.000000, 0.001402, -0.000000, -0.000721, 
1969, -0.180274, 1.573647, -1.323350, 1.278956, -0.037339, 0.000861, 0.013446, -0.015062, -0.002110, 0.000436, -0.000000, 0.001279, -0.000000, -0.024519, 
1970, -0.180275, 1.573647, -1.323350, 1.278956, -0.037340, 0.000861, 0.013446, -0.014436, -0.002173, -0.001389, -0.000000, 0.000557, -0.000000, -0.015264, 
1971, -0.180273, 1.573647, -1.323350, 1.278956, -0.037340, 0.000861, 0.013446, -0.008502, -0.002193, -0.001882, -0.000000, -0.000552, -0.000000, 0.021514, 
1972, -0.180272, 1.573647, -1.323350, 1.278956, -0.037340, 0.000861, 0.013446, -0.004653, -0.002077, -0.001767, -0.000000, -0.000514, -0.000000, -0.026202, 
1973, -0.180272, 1.573647, -1.323351, 1.278956, -0.037340, 0.000861, 0.013446, -0.004892, -0.002429, -0.003176, -0.000000, -0.000638, -0.000000, 0.021635, 
1974, -0.180273, 1.573647, -1.323351, 1.278956, -0.037340, 0.000861, 0.013446, -0.004700, -0.002478, -0.005777, -0.000000, -0.000753, -0.000000, -0.000841, 
1975, -0.180271, 1.573647, -1.323351, 1.278956, -0.037340, 0.000861, 0.013446, -0.000554, -0.001478, -0.005835, -0.000000, -0.000717, -0.000000, -0.006611, 
1976, -0.180272, 1.573647, -1.323351, 1.278956, -0.037340, 0.000861, 0.013464, -0.001914, -0.001918, -0.006564, -0.000000, -0.001265, -0.000000, 0.062620, 
1977, -0.180272, 1.573647, -1.323351, 1.278956, -0.037340, 0.000861, 0.013446, -0.004392, -0.000591, -0.006154, -0.000000, -0.001429, -0.000000, 0.000000, 
1978, -0.180271, 1.573647, -1.323351, 1.278956, -0.037340, 0.000861, 0.013446, 0.002472, -0.000824, -0.005723, -0.000000, -0.001590, -0.000000, -0.006851, 
1979, -0.180272, 1.573647, -1.323352, 1.278956, -0.037340, 0.000861, 0.013446, -0.000086, -0.000795, -0.005633, -0.000000, -0.001866, -0.000000, -0.020192, 
1980, -0.180272, 1.573647, -1.323352, 1.278956, -0.037340, 0.000861, 0.013446, -0.000333, -0.001081, -0.005432, -0.000000, -0.002401, -0.000000, -0.010457, 
1981, -0.180273, 1.573647, -1.323352, 1.278956, -0.037340, 0.000861, 0.013446, -0.000377, -0.001018, -0.005076, -0.000000, -0.002258, -0.000000, -0.000361, 
1982, -0.180273, 1.573647, -1.323351, 1.278956, -0.037340, 0.000861, 0.013446, -0.000392, -0.001620, -0.000751, -0.000000, -0.002580, -0.000000, -0.018870, 
1983, -0.180273, 1.573647, -1.323351, 1.278956, -0.037340, 0.000861, 0.013446, -0.001166, -0.000845, -0.000699, -0.000000, -0.002399, -0.000000, -0.018029, 
1984, -0.180274, 1.573647, -1.323351, 1.278956, -0.037340, 0.000861, 0.013446, -0.003258, 0.000023, -0.000650, -0.000000, -0.000756, -0.000000, -0.014663, 
1985, -0.180272, 1.573647, -1.323351, 1.278956, -0.037340, 0.000861, 0.013446, 0.002263, -0.000349, -0.001936, -0.000000, -0.000703, -0.000000, 0.000000, 
1986, -0.180271, 1.573647, -1.323351, 1.278956, -0.037340, 0.000861, 0.013446, 0.008719, 0.000193, -0.001800, -0.000000, -0.001497, -0.000000, 0.010577, 
1987, -0.180270, 1.573647, -1.323352, 1.278956, -0.037340, 0.000861, 0.013446, 0.013880, 0.000917, -0.002137, -0.000000, -0.001392, -0.000000, -0.023678, 
1988, -0.180269, 1.573647, -1.323350, 1.278956, -0.037340, 0.000861, 0.013446, 0.017137, 0.000377, 0.003701, -0.000000, -0.001294, -0.000000, 0.027043, 
1989, -0.180269, 1.573647, -1.323351, 1.278956, -0.037340, 0.000861, 0.013446, 0.015312, 0.000186, 0.003441, -0.000000, -0.001204, -0.000000, -0.000120, 
1990, -0.180270, 1.573647, -1.323351, 1.278956, -0.037340, 0.000861, 0.013446, 0.013607, 0.000733, 0.002745, -0.000000, 0.000212, -0.000000, -0.000120, 
1991, -0.180271, 1.573647, -1.323351, 1.278956, -0.037340, 0.000861, 0.013446, 0.012231, 0.000682, 0.001819, -0.000000, 0.000147, -0.000000, -0.006851, 
1992, -0.180271, 1.573647, -1.323351, 1.278956, -0.037340, 0.000861, 0.013446, 0.007194, 0.000546, 0.001843, -0.000000, -0.000479, -0.000000, -0.016707, 
1993, -0.180272, 1.573647, -1.323351, 1.278956, -0.037340, 0.000861, 0.013446, 0.006588, 0.000398, 0.001832, -0.000000, -0.000563, -0.000000, -0.011058, 
1994, -0.180270, 1.573647, -1.323351, 1.278956, -0.037340, 0.000861, 0.013446, 0.010155, 0.001162, -0.000218, -0.000000, -0.000583, -0.000000, -0.010697, 
1995, -0.180271, 1.573647, -1.323352, 1.278956, -0.037340, 0.000861, 0.013446, 0.004446, 0.000183, -0.000202, -0.000000, -0.000542, -0.000000, -0.022837, 
1996, -0.180270, 1.573647, -1.323352, 1.278956, -0.037340, 0.000861, 0.013446, 0.009392, 0.000141, 0.000208, -0.000000, -0.000933, -0.000000, -0.000120, 
1997, -0.180270, 1.573647, -1.323352, 1.278956, -0.037340, 0.000861, 0.013446, 0.008616, 0.000578, 0.000193, -0.000000, -0.001517, -0.000000, 0.007091, 
1998, -0.180269, 1.573647, -1.323351, 1.278956, -0.037340, 0.000861, 0.013446, 0.011955, -0.000221, 0.005228, -0.000000, -0.001419, -0.000000, -0.000361, 
1999, -0.180270, 1.573647, -1.323351, 1.278956, -0.037340, 0.000861, 0.013446, 0.010713, 0.000190, 0.004869, -0.000000, -0.001294, -0.000000, -0.005288, 
2000, -0.180271, 1.573647, -1.323351, 1.278956, -0.037340, 0.000861, 0.013446, 0.009953, -0.000737, 0.004545, -0.000000, -0.001448, -0.000000, 0.000000, 
2001, -0.180271, 1.573647, -1.323351, 1.278956, -0.037340, 0.000861, 0.013446, 0.005505, -0.001158, 0.004690, -0.000000, 0.000297, -0.000000, -0.006611, 
2002, -0.180272, 1.573647, -1.323351, 1.278956, -0.037340, 0.000861, 0.013446, 0.004765, -0.001957, 0.004108, -0.000000, 0.000183, -0.000000, 0.004567, 
2003, -0.180270, 1.573647, -1.323353, 1.278956, -0.037340, 0.000861, 0.013446, 0.008476, -0.001205, -0.001438, -0.000000, 0.000171, -0.000000, -0.004327, 
2004, -0.180269, 1.573647, -1.323353, 1.278956, -0.037340, 0.000861, 0.013446, 0.014489, -0.000897, -0.001059, -0.000000, 0.001414, -0.000000, -0.016106, 
2005, -0.180268, 1.573647, -1.323353, 1.278956, -0.037340, 0.000861, 0.013446, 0.019919, -0.000552, -0.001221, -0.000000, 0.001315, -0.000000, 0.000000, 
2006, -0.180267, 1.573647, -1.323353, 1.278956, -0.037340, 0.000861, 0.013446, 0.024944, -0.000766, -0.001017, -0.000000, 0.000161, -0.000000, -0.007452, 
2007, -0.180266, 1.573647, -1.323353, 1.278956, -0.037340, 0.000861, 0.013446, 0.029701, -0.000906, -0.000896, -0.000000, -0.000693, -0.000000, -0.020312, 
2008, -0.180267, 1.573647, -1.323353, 1.278956, -0.037339, 0.000861, 0.013446, 0.026734, -0.000842, -0.000833, -0.000000, 0.001007, -0.000000, -0.005649, 
2009, -0.180266, 1.573647, -1.323353, 1.278956, -0.037339, 0.000861, 0.013446, 0.031163, -0.000918, 0.000431, -0.000000, 0.000928, -0.000000, 0.000000, 
2010, -0.180267, 1.573647, -1.323353, 1.278956, -0.037339, 0.000861, 0.013446, 0.026829, -0.000942, 0.001361, -0.000000, 0.002481, -0.000000, -0.009375, 
2011, -0.180266, 1.573647, -1.323353, 1.278956, -0.037339, 0.000861, 0.013446, 0.031470, -0.000156, 0.001266, -0.000000, 0.003394, -0.000000, -0.003365, 
2012, -0.180267, 1.573647, -1.323353, 1.278956, -0.037339, 0.000861, 0.013446, 0.029070, 0.000230, 0.000823, -0.000000, 0.003005, -0.000000, -0.027524, 
2013, -0.180268, 1.573647, -1.323353, 1.278956, -0.037339, 0.000861, 0.013446, 0.023998, 0.000168, 0.000774, -0.000000, 0.002752, -0.000000, -0.006611, 
2014, -0.180267, 1.573647, -1.323353, 1.278956, -0.037339, 0.000861, 0.013446, 0.027195, 0.000190, 0.000795, -0.000000, 0.002036, -0.000000, -0.017909, 
2015, -0.180268, 1.573647, -1.323353, 1.278956, -0.037339, 0.000861, 0.013446, 0.022271, 0.000100, 0.000520, -0.000000, 0.001877, -0.000000, 0.000000, 
2016, -0.180268, 1.573647, -1.323353, 1.278956, -0.037339, 0.000861, 0.013446, 0.017044, -0.000003, 0.000560, -0.000000, 0.003110, -0.000000, -0.028486, 
2017, -0.180269, 1.573647, -1.323353, 1.278956, -0.037339, 0.000861, 0.013446, 0.015285, -0.000189, -0.001291, -0.000000, 0.002117, -0.000000, 0.000000, 
2018, -0.180270, 1.573647, -1.323354, 1.278956, -0.037339, 0.000861, 0.013446, 0.012174, -0.000277, -0.005953, -0.000000, 0.001943, -0.000000, -0.024399, 
2019, -0.180270, 1.573647, -1.323356, 1.278956, -0.037339, 0.000861, 0.013446, 0.006845, 0.000164, -0.010500, -0.000000, 0.001681, -0.000000, 0.000000, 
2020, -0.180269, 1.573647, -1.323355, 1.278956, -0.037339, 0.000861, 0.013446, 0.008059, 0.000127, -0.009595, -0.000000, 0.001082, -0.000000, -0.014423, 
2021, -0.180270, 1.573647, -1.323357, 1.278956, -0.037339, 0.000861, 0.013446, 0.003550, 0.000835, -0.013860, -0.000000, 0.000450, -0.000000, -0.002644, 
2022, -0.180270, 1.573647, -1.323356, 1.278956, -0.037340, 0.000861, 0.013464, 0.003125, 0.000439, -0.011102, -0.000000, 0.000174, -0.000000, 0.042067, 
2023, -0.180271, 1.573647, -1.323356, 1.278956, -0.037340, 0.000861, 0.013464, -0.002066, 0.000206, -0.012110, -0.000000, -0.000445, -0.000000, 0.069111, 
2024, -0.180271, 1.573647, -1.323356, 1.278956, -0.037340, 0.000861, 0.013446, -0.003615, 0.001005, -0.011244, -0.000000, -0.000548, -0.000000, 0.000000, 
2025, -0.180272, 1.573647, -1.323357, 1.278956, -0.037340, 0.000861, 0.013422, -0.003471, 0.000610, -0.015461, -0.000000, -0.000560, -0.000000, -0.088822, 
2026, -0.180272, 1.573647, -1.323358, 1.278956, -0.037340, 0.000861, 0.013464, -0.004248, 0.000319, -0.020622, -0.000000, -0.000529, -0.000000, 0.069952, 
2027, -0.180273, 1.573647, -1.323358, 1.278956, -0.037340, 0.000861, 0.013446, -0.007961, 0.000284, -0.017920, -0.000000, -0.000509, -0.000000, -0.002524, 
2028, -0.180272, 1.573647, -1.323357, 1.278956, -0.037340, 0.000861, 0.013446, -0.000923, -0.000010, -0.016664, -0.000000, -0.000482, -0.000000, -0.000120, 
